obstacle,vertX,vertY
311,42.50689,1.5286824
311,42.50676,1.5288682
311,42.50669,1.5288464
311,42.50651,1.5285953
311,42.50651,1.5285044
311,42.506645,1.5283364
311,42.50689,1.5286824
310,42.508595,1.5331635
310,42.50867,1.5331466
310,42.508663,1.5331047
310,42.50888,1.5330766
310,42.508827,1.5324547
310,42.508434,1.5325162
310,42.508392,1.5325819
310,42.508507,1.5339602
310,42.50867,1.5339398
310,42.508595,1.5331635
309,42.508198,1.5324976
309,42.507626,1.532049
309,42.507748,1.5317274
309,42.508114,1.5315121
309,42.50816,1.5315121
309,42.508183,1.5315303
309,42.50821,1.5315807
309,42.50828,1.5323411
309,42.508274,1.5324348
309,42.508198,1.5324976
308,42.506153,1.5320351
308,42.50633,1.5319341
308,42.506237,1.5317175
308,42.506393,1.5316014
308,42.506622,1.5320921
308,42.50623,1.5323423
308,42.506153,1.5320351
307,42.506348,1.5311327
307,42.506355,1.5310833
307,42.506847,1.5306
307,42.50701,1.5310645
307,42.506508,1.5314136
307,42.50646,1.5313936
307,42.506348,1.5311327
306,42.506752,1.5298682
306,42.507046,1.5302795
306,42.507042,1.530321
306,42.506912,1.5304515
306,42.506836,1.5304515
306,42.506584,1.5300897
306,42.506752,1.5298682
305,42.505497,1.5289416
305,42.505707,1.5288317
305,42.505825,1.5291523
305,42.50597,1.5293648
305,42.505795,1.5295968
305,42.505577,1.5293326
305,42.505497,1.5289416
304,42.505745,1.5287017
304,42.50592,1.5285944
304,42.50609,1.5288937
304,42.505913,1.5291146
304,42.50587,1.5290627
304,42.505745,1.5287017
303,42.506752,1.5296923
303,42.506973,1.5294294
303,42.50672,1.5290973
303,42.506516,1.5293503
303,42.506752,1.5296923
302,42.50776,1.5325598
302,42.508125,1.5327516
302,42.50819,1.5325875
302,42.507862,1.5323178
302,42.50776,1.5325598
301,42.507816,1.532288
301,42.50771,1.5325361
301,42.507465,1.5324126
301,42.507595,1.532121
301,42.507816,1.532288
300,42.50645,1.5294169
300,42.506702,1.5297844
300,42.50654,1.5300041
300,42.506283,1.5296384
300,42.50645,1.5294169
299,42.50705,1.5295264
299,42.507343,1.5299968
299,42.507122,1.530238
299,42.506832,1.5297991
299,42.50705,1.5295264
298,42.50782,1.5336359
298,42.50792,1.5335246
298,42.50787,1.5334309
298,42.507896,1.5333555
298,42.507927,1.533354
298,42.507915,1.5331877
298,42.507896,1.5331779
298,42.507996,1.5328634
298,42.508007,1.5328228
298,42.508038,1.5328062
298,42.508305,1.5329179
298,42.508324,1.5329473
298,42.50833,1.5329822
298,42.508415,1.534074
298,42.508114,1.5341103
298,42.50807,1.5340768
298,42.50782,1.5336359
297,42.506065,1.5316083
297,42.506084,1.5316252
297,42.5061,1.5316406
297,42.506115,1.531649
297,42.50614,1.5316476
297,42.506332,1.531526
297,42.50635,1.5314755
297,42.506348,1.5314085
297,42.50615,1.5308675
297,42.50612,1.5308186
297,42.506077,1.5307962
297,42.506023,1.5308074
297,42.505955,1.530894
297,42.50593,1.530957
297,42.506065,1.5316083
296,42.50804,1.529572
296,42.50808,1.5297666
296,42.508087,1.529792
296,42.508144,1.5300236
296,42.5082,1.5301899
296,42.508163,1.5303334
296,42.50826,1.5303963
296,42.50819,1.5304847
296,42.50809,1.5305021
296,42.50757,1.5307113
296,42.50752,1.5299475
296,42.50804,1.529572
295,42.507107,1.5311153
295,42.507328,1.5317597
295,42.507397,1.5318654
295,42.507534,1.5319799
295,42.507557,1.5319761
295,42.507694,1.5316747
295,42.507545,1.5315582
295,42.507534,1.5313416
295,42.50752,1.5312665
295,42.507496,1.5309126
295,42.507107,1.5311153
294,42.506138,1.5289484
294,42.506397,1.529334
294,42.50622,1.5295613
294,42.505955,1.5291935
294,42.506138,1.5289484
293,42.510006,1.525437
293,42.509884,1.5254416
293,42.509888,1.5256
293,42.50987,1.5256007
293,42.509872,1.525741
293,42.510014,1.5257356
293,42.510006,1.525437
292,42.510136,1.5265485
292,42.510242,1.5264158
292,42.510273,1.5264617
292,42.510258,1.5264827
292,42.51029,1.5265285
292,42.510277,1.5265442
292,42.510326,1.5266181
292,42.510227,1.5267459
292,42.510162,1.5266525
292,42.510174,1.5266347
292,42.510147,1.526596
292,42.51016,1.526582
292,42.510136,1.5265485
291,42.510376,1.5266978
291,42.51028,1.5268048
291,42.510403,1.5270101
291,42.510498,1.5269032
291,42.510376,1.5266978
290,42.510838,1.5265517
290,42.510693,1.526644
290,42.510803,1.5269605
290,42.51095,1.5268682
290,42.510838,1.5265517
289,42.510468,1.5263472
289,42.510414,1.5264283
289,42.510616,1.5266751
289,42.51067,1.526594
289,42.510468,1.5263472
288,42.510376,1.526123
288,42.51031,1.5261573
288,42.51036,1.5263216
288,42.510426,1.5262874
288,42.510376,1.526123
287,42.51036,1.5258679
287,42.51028,1.5258675
287,42.510277,1.5260551
287,42.510357,1.5260555
287,42.51036,1.5258679
286,42.510235,1.5255203
286,42.510403,1.5254956
286,42.51042,1.5257345
286,42.51025,1.5257652
286,42.510235,1.5255203
285,42.51033,1.5251217
285,42.510258,1.525369
285,42.510403,1.5254492
285,42.510475,1.5252018
285,42.51033,1.5251217
284,42.508896,1.520799
284,42.508728,1.5205282
284,42.508633,1.5206429
284,42.508453,1.520858
284,42.508587,1.5210809
284,42.508717,1.5209217
284,42.50875,1.5209761
284,42.508896,1.520799
283,42.508682,1.5225132
283,42.5086,1.5224648
283,42.50853,1.5224862
283,42.50851,1.5226169
283,42.508625,1.5226767
283,42.508682,1.5225132
282,42.50909,1.5216012
282,42.509075,1.5215797
282,42.509087,1.5215664
282,42.509068,1.5215393
282,42.509075,1.521526
282,42.509052,1.5214936
282,42.509068,1.5214751
282,42.509033,1.521431
282,42.508923,1.5215816
282,42.50901,1.5217068
282,42.50909,1.5216012
281,42.50843,1.5225506
281,42.50841,1.5225104
281,42.508255,1.5225184
281,42.50817,1.5225847
281,42.508114,1.5226061
281,42.508087,1.5226767
281,42.508064,1.5227759
281,42.508068,1.5228376
281,42.508076,1.5228806
281,42.508095,1.5229127
281,42.508244,1.523038
281,42.508305,1.5230085
281,42.50843,1.5225506
280,42.50881,1.5227813
280,42.50874,1.5226874
280,42.50864,1.5228235
280,42.508686,1.5228752
280,42.5087,1.5228502
280,42.508728,1.5228832
280,42.50881,1.5227813
279,42.508335,1.5202466
279,42.508255,1.5201044
279,42.508194,1.520024
279,42.508125,1.5199542
279,42.508053,1.51989
279,42.50796,1.5198354
279,42.507874,1.5200937
279,42.507927,1.5201305
279,42.507965,1.5201608
279,42.508,1.5201929
279,42.508026,1.5202305
279,42.50806,1.52026
279,42.50818,1.5204309
279,42.508335,1.5202466
278,42.50844,1.5203404
278,42.508247,1.520565
278,42.508453,1.520858
278,42.508633,1.5206429
278,42.50844,1.5203404
277,42.5088,1.5221134
277,42.50881,1.5220734
277,42.50881,1.5220383
277,42.50879,1.5219766
277,42.508495,1.5215287
277,42.508358,1.5217139
277,42.5085,1.522395
277,42.50853,1.5224211
277,42.508617,1.5223924
277,42.508698,1.5224291
277,42.5088,1.5221134
276,42.508698,1.5229342
276,42.508507,1.5228448
276,42.50847,1.5229816
276,42.508617,1.5230567
276,42.508698,1.5229342
275,42.50852,1.523027
275,42.50842,1.5229824
275,42.508373,1.523176
275,42.508472,1.5232205
275,42.50852,1.523027
274,42.508972,1.5218452
274,42.508842,1.521644
274,42.50886,1.5216227
274,42.508686,1.5213597
274,42.50864,1.5213408
274,42.508522,1.5214885
274,42.508865,1.5219793
274,42.508972,1.5218452
273,42.508587,1.5210809
273,42.508717,1.5209217
273,42.50875,1.5209761
273,42.50886,1.5211666
273,42.50888,1.5211451
273,42.509003,1.5212328
273,42.509033,1.521298
273,42.509045,1.5213482
273,42.50902,1.5213704
273,42.509052,1.5214053
273,42.509033,1.521431
273,42.508923,1.5215816
273,42.508587,1.5210809
272,42.507828,1.523905
272,42.507977,1.5239124
272,42.507984,1.5238433
272,42.50783,1.5238405
272,42.507843,1.5233685
272,42.508003,1.5231164
272,42.50803,1.523097
272,42.50805,1.5230836
272,42.508083,1.5230842
272,42.508167,1.5230943
272,42.5082,1.5231137
272,42.508255,1.5231888
272,42.508076,1.523398
272,42.50805,1.5233766
272,42.508003,1.523449
272,42.508026,1.5234752
272,42.508022,1.5235214
272,42.508057,1.5235643
272,42.508083,1.5235268
272,42.508102,1.523559
272,42.50813,1.5235288
272,42.50814,1.5235617
272,42.508286,1.5234001
272,42.508316,1.523392
272,42.508347,1.5234329
272,42.508327,1.5234544
272,42.508415,1.5236019
272,42.508427,1.5235904
272,42.508465,1.5235965
272,42.50848,1.52363
272,42.50822,1.5239158
272,42.50819,1.5239143
272,42.508125,1.5238916
272,42.508118,1.523964
272,42.508076,1.5239694
272,42.508076,1.5240473
272,42.508064,1.5241745
272,42.507816,1.524184
272,42.507828,1.523905
271,42.50871,1.5233138
271,42.508636,1.5232399
271,42.508514,1.5234601
271,42.50859,1.523534
271,42.50871,1.5233138
270,42.50876,1.5240419
270,42.50853,1.5236342
270,42.50848,1.52363
270,42.50822,1.5239158
270,42.50819,1.5239143
270,42.508076,1.5240473
270,42.508064,1.5241745
270,42.507816,1.524184
270,42.50781,1.5242764
270,42.50784,1.5244105
270,42.50787,1.5244025
270,42.507915,1.5245447
270,42.50798,1.5245864
270,42.508312,1.5244228
270,42.508335,1.5244657
270,42.508472,1.5243235
270,42.508488,1.5243596
270,42.50876,1.5240419
269,42.509243,1.5227782
269,42.509277,1.5228403
269,42.509308,1.5228897
269,42.50925,1.5229288
269,42.509323,1.5232089
269,42.50936,1.5231808
269,42.50939,1.5231258
269,42.509426,1.5230682
269,42.50944,1.5230343
269,42.509438,1.522985
269,42.509434,1.5228726
269,42.509438,1.5228274
269,42.50944,1.522698
269,42.509434,1.5225732
269,42.509396,1.5224513
269,42.509357,1.5223505
269,42.509502,1.5222555
269,42.509537,1.5223387
269,42.50956,1.5224499
269,42.50958,1.5225893
269,42.509586,1.5226886
269,42.509586,1.5227759
269,42.509575,1.5229046
269,42.509575,1.5230104
269,42.50959,1.5231299
269,42.509617,1.5232533
269,42.50967,1.5234061
269,42.509605,1.523461
269,42.50956,1.5234947
269,42.50952,1.5235323
269,42.50953,1.5235724
269,42.50955,1.5237185
269,42.50956,1.5239668
269,42.509544,1.5241557
269,42.50951,1.5243235
269,42.50939,1.5242699
269,42.509415,1.5240902
269,42.509354,1.5241679
269,42.509193,1.5238956
269,42.509365,1.5236932
269,42.509327,1.5235269
269,42.509274,1.5234116
269,42.509197,1.5234411
269,42.509174,1.5233982
269,42.509155,1.5234035
269,42.5091,1.5232013
269,42.509018,1.5228912
269,42.509113,1.5228482
269,42.509098,1.5228007
269,42.50916,1.522766
269,42.50918,1.5228194
269,42.509243,1.5227782
268,42.51232,1.5320376
268,42.512157,1.53211
268,42.512276,1.5326062
268,42.512432,1.5325257
268,42.51232,1.5320376
267,42.51025,1.5459572
267,42.510292,1.5457284
267,42.51008,1.5456588
267,42.510113,1.5454756
267,42.51,1.5454384
267,42.50994,1.5457573
267,42.509975,1.5457691
267,42.50997,1.5458086
267,42.510006,1.5458205
267,42.51,1.5458739
267,42.51025,1.5459572
266,42.503624,1.5148098
266,42.50343,1.5145828
266,42.503304,1.5147808
266,42.50338,1.5148691
266,42.50344,1.5147716
266,42.503563,1.5149105
266,42.503624,1.5148098
265,42.503975,1.5151943
265,42.50388,1.5150858
265,42.5039,1.5150546
265,42.503704,1.5148406
265,42.503548,1.5150989
265,42.503464,1.5150036
265,42.50336,1.515175
265,42.50364,1.515487
265,42.503654,1.5154659
265,42.50374,1.5155594
265,42.503788,1.5154783
265,42.503963,1.5156741
265,42.503986,1.5156358
265,42.50414,1.5158054
265,42.503906,1.5161936
265,42.504044,1.516347
265,42.504265,1.515979
265,42.504574,1.5163221
265,42.50469,1.5161331
265,42.50433,1.5157359
265,42.50435,1.5157068
265,42.504124,1.5154572
265,42.50415,1.515413
265,42.504436,1.515729
265,42.50449,1.5156378
265,42.50425,1.515372
265,42.504223,1.5154152
265,42.504185,1.5153722
265,42.504204,1.5153404
265,42.504017,1.5151303
265,42.503975,1.5151943
264,42.50456,1.5169659
264,42.504856,1.5169933
264,42.505146,1.5169424
264,42.505226,1.5167779
264,42.505093,1.5164776
264,42.504845,1.5161198
264,42.50463,1.5164306
264,42.504486,1.5168066
264,42.50456,1.5169659
263,42.5044,1.516576
263,42.503983,1.5165974
263,42.503994,1.5169901
263,42.50441,1.5169688
263,42.5044,1.516576
262,42.505028,1.5260853
262,42.504925,1.5261106
262,42.5049,1.5259739
262,42.505013,1.5259511
262,42.505028,1.5260853
261,42.505047,1.5262502
261,42.504967,1.526273
261,42.504925,1.5261106
261,42.505028,1.5260853
261,42.505047,1.5262502
260,42.504993,1.5258398
260,42.504875,1.5258666
260,42.5049,1.5259739
260,42.505013,1.5259511
260,42.504993,1.5258398
259,42.505077,1.5265063
259,42.505047,1.5262502
259,42.504967,1.526273
259,42.505013,1.5265224
259,42.505077,1.5265063
258,42.504974,1.5257003
258,42.50485,1.5257338
258,42.504875,1.5258666
258,42.504993,1.5258398
258,42.504974,1.5257003
257,42.504818,1.5255568
257,42.50485,1.5257338
257,42.504974,1.5257003
257,42.504948,1.5255207
257,42.504818,1.5255568
256,42.50491,1.5252779
256,42.504948,1.5255207
256,42.504818,1.5255568
256,42.50478,1.5255678
256,42.50474,1.525325
256,42.50491,1.5252779
255,42.504486,1.5245281
255,42.504475,1.5244182
255,42.504498,1.524311
255,42.504414,1.524268
255,42.50437,1.5244288
255,42.504375,1.5245416
255,42.504486,1.5245281
254,42.504784,1.5242814
254,42.50476,1.5243297
254,42.5047,1.5243512
254,42.504707,1.5244288
254,42.50468,1.5244797
254,42.504635,1.5244879
254,42.50458,1.5244685
254,42.504566,1.5243753
254,42.5046,1.5243136
254,42.504658,1.5243002
254,42.504642,1.5242144
254,42.504665,1.5241634
254,42.504726,1.5241473
254,42.504765,1.5241714
254,42.504784,1.5242814
253,42.50462,1.5253463
253,42.504684,1.5256898
253,42.50437,1.5257678
253,42.504322,1.5254123
253,42.50462,1.5253463
252,42.506065,1.5257969
252,42.506023,1.525931
252,42.50592,1.52588
252,42.505966,1.5257432
252,42.506065,1.5257969
251,42.505844,1.5283636
251,42.50592,1.5285944
251,42.505745,1.5287017
251,42.505672,1.5284522
251,42.505844,1.5283636
250,42.50572,1.5279046
250,42.505844,1.5283636
250,42.505672,1.5284522
250,42.505547,1.5279931
250,42.50572,1.5279046
249,42.506176,1.5283378
249,42.506298,1.5286101
249,42.50615,1.528737
249,42.506023,1.5284646
249,42.506176,1.5283378
248,42.50586,1.5276432
248,42.505898,1.5278255
248,42.505768,1.5278714
248,42.50574,1.5276864
248,42.50586,1.5276432
247,42.505825,1.527477
247,42.505474,1.5276066
247,42.50551,1.5277199
247,42.505848,1.5275966
247,42.505825,1.527477
246,42.505737,1.5274982
246,42.50553,1.5275809
246,42.505524,1.5275375
246,42.505547,1.5275284
246,42.50553,1.5274633
246,42.505596,1.5274378
246,42.505608,1.5275053
246,42.50573,1.5274574
246,42.505737,1.5274982
245,42.505714,1.5272835
245,42.505642,1.5273124
245,42.505665,1.5274123
245,42.505733,1.5273834
245,42.505714,1.5272835
244,42.505455,1.5269018
244,42.505302,1.5269727
244,42.505318,1.5270348
244,42.50535,1.5270619
244,42.505478,1.5270021
244,42.505455,1.5269018
243,42.505657,1.5270641
243,42.505623,1.5269581
243,42.50548,1.5270238
243,42.505478,1.5270021
243,42.505455,1.5269018
243,42.505596,1.5268352
243,42.505615,1.5268267
243,42.505688,1.5267785
243,42.505764,1.5268523
243,42.505795,1.5267985
243,42.505848,1.5269259
243,42.505768,1.5270735
243,42.505745,1.5270131
243,42.505657,1.5270641
242,42.505558,1.5272315
242,42.505444,1.5272845
242,42.505466,1.5273767
242,42.50558,1.527327
242,42.505558,1.5272315
241,42.505512,1.5270462
241,42.505398,1.5270993
241,42.505444,1.5272845
241,42.505558,1.5272315
241,42.505512,1.5270462
240,42.50563,1.5285567
240,42.50544,1.5286573
240,42.505497,1.5289416
240,42.505707,1.5288317
240,42.50563,1.5285567
239,42.505585,1.5283717
239,42.50563,1.5285567
239,42.50544,1.5286573
239,42.5054,1.5284655
239,42.505585,1.5283717
238,42.5054,1.5284655
238,42.505585,1.5283717
238,42.505566,1.5282818
238,42.505386,1.528385
238,42.5054,1.5284655
237,42.50551,1.5281115
237,42.5054,1.5277091
237,42.50536,1.527689
237,42.50534,1.5277226
237,42.505333,1.5280458
237,42.505363,1.5282577
237,42.50545,1.5282067
237,42.5055,1.5281638
237,42.50551,1.5281115
236,42.50514,1.5269622
236,42.505096,1.5266765
236,42.50504,1.5266871
236,42.504944,1.5269957
236,42.50514,1.5269622
235,42.504993,1.5269903
235,42.505024,1.5272129
235,42.504894,1.5272384
235,42.504944,1.5269957
235,42.504993,1.5269903
234,42.50514,1.5269622
234,42.50517,1.5271405
234,42.505146,1.5271727
234,42.505024,1.5272129
234,42.504993,1.5269903
234,42.50514,1.5269622
233,42.504955,1.5272866
233,42.504883,1.5272988
233,42.50484,1.5275482
233,42.504974,1.5275241
233,42.504955,1.5272866
232,42.50505,1.5272719
232,42.505085,1.5275027
232,42.504974,1.5275241
232,42.504955,1.5272866
232,42.50505,1.5272719
231,42.505177,1.5272465
231,42.50505,1.5272719
231,42.505085,1.5275027
231,42.505196,1.5274785
231,42.505177,1.5272465
230,42.50516,1.5277857
230,42.50491,1.5278573
230,42.504887,1.5276515
230,42.505108,1.5276005
230,42.505127,1.5275952
230,42.505146,1.5276086
230,42.505157,1.5276327
230,42.50516,1.5277857
229,42.505203,1.5280546
229,42.50516,1.5278467
229,42.50498,1.5279129
229,42.50502,1.5281208
229,42.505203,1.5280546
228,42.50517,1.5248486
228,42.5051,1.5248663
228,42.505043,1.524452
228,42.50511,1.5244342
228,42.50517,1.5248486
227,42.505455,1.5261666
227,42.505524,1.5267113
227,42.505455,1.5267276
227,42.505474,1.5268769
227,42.505413,1.5268914
227,42.505394,1.5267344
227,42.505318,1.5267522
227,42.50525,1.5262152
227,42.505455,1.5261666
226,42.50757,1.5307113
226,42.50761,1.5311598
226,42.50817,1.5308332
226,42.50818,1.5307446
226,42.50817,1.5306813
226,42.508163,1.5306273
226,42.50819,1.5304847
226,42.50809,1.5305021
226,42.50757,1.5307113
225,42.506195,1.5288785
225,42.506454,1.5292546
225,42.506626,1.5290322
225,42.50664,1.5289788
225,42.506638,1.5289155
225,42.506462,1.5286539
225,42.50642,1.5286344
225,42.50638,1.528653
225,42.506195,1.5288785
224,42.50627,1.5304892
224,42.506153,1.5306354
224,42.506157,1.5306852
224,42.506275,1.5309788
224,42.506298,1.5309917
224,42.50646,1.53085
224,42.506466,1.5307984
224,42.50627,1.5304892
223,42.504364,1.5258102
223,42.504463,1.5263159
223,42.50474,1.5261981
223,42.50476,1.5261405
223,42.504765,1.5260901
223,42.50469,1.5257295
223,42.504364,1.5258102
222,42.50438,1.5250775
222,42.504425,1.5253038
222,42.504593,1.5252415
222,42.504547,1.5250152
222,42.50438,1.5250775
221,42.50645,1.5302598
221,42.506306,1.5304414
221,42.506546,1.530772
221,42.506695,1.5306159
221,42.50645,1.5302598
220,42.5066,1.5302094
220,42.5065,1.5303324
220,42.506695,1.5306153
220,42.5068,1.5305018
220,42.5066,1.5302094
219,42.50431,1.5247313
219,42.504356,1.5249711
219,42.504517,1.5249125
219,42.504467,1.5246727
219,42.50431,1.5247313
218,42.50597,1.5322478
218,42.50578,1.5323217
218,42.50582,1.5325116
218,42.506012,1.5324377
218,42.50597,1.5322478
217,42.50766,1.5312679
217,42.5078,1.5315768
217,42.507835,1.5315801
217,42.50814,1.5313994
217,42.508175,1.5313638
217,42.508175,1.5313154
217,42.508156,1.5312144
217,42.50816,1.5310904
217,42.508167,1.5310049
217,42.50817,1.5309691
217,42.50816,1.530951
217,42.508144,1.5309418
217,42.508106,1.5309653
217,42.50804,1.5310073
217,42.507954,1.5310508
217,42.50796,1.531073
217,42.50766,1.5312679
216,42.50748,1.5306116
216,42.50747,1.5306445
216,42.507458,1.5306635
216,42.507435,1.5306726
216,42.507416,1.5306691
216,42.507236,1.5303913
216,42.50722,1.5303599
216,42.507214,1.5303082
216,42.50723,1.5302567
216,42.507317,1.5301459
216,42.507347,1.5301301
216,42.507385,1.5301301
216,42.507416,1.5301448
216,42.50744,1.530183
216,42.507458,1.5302455
216,42.50746,1.5303072
216,42.50748,1.5306116
215,42.507114,1.5303462
215,42.507317,1.5306284
215,42.507362,1.5307248
215,42.50737,1.5307629
215,42.507362,1.5308279
215,42.50734,1.5308692
215,42.50715,1.5309478
215,42.50708,1.5310004
215,42.507065,1.5309937
215,42.507042,1.5309254
215,42.507008,1.5308357
215,42.506912,1.5305926
215,42.50691,1.5305545
215,42.506916,1.5305254
215,42.507114,1.5303462
214,42.50775,1.5285558
214,42.507965,1.5287462
214,42.50807,1.5288602
214,42.50814,1.5289799
214,42.508343,1.5287491
214,42.508236,1.528592
214,42.508106,1.5284452
214,42.50798,1.5283478
214,42.507862,1.5282714
214,42.50775,1.5285558
213,42.50781,1.5256914
213,42.507854,1.525841
213,42.5079,1.5258151
213,42.507923,1.5258946
213,42.5081,1.5257984
213,42.50807,1.5257097
213,42.50805,1.5257229
213,42.508007,1.5255824
213,42.50781,1.5256914
212,42.50912,1.5266562
212,42.50915,1.5266334
212,42.509167,1.5266706
212,42.50923,1.5266263
212,42.509216,1.5265847
212,42.509235,1.5265718
212,42.509174,1.5264091
212,42.509056,1.5264891
212,42.50912,1.5266562
211,42.505436,1.529701
211,42.505314,1.5297444
211,42.505333,1.5298576
211,42.5053,1.5298698
211,42.505344,1.5301037
211,42.505505,1.5300481
211,42.505436,1.529701
210,42.50511,1.5218443
210,42.505127,1.5218927
210,42.505222,1.5218531
210,42.50523,1.5219079
210,42.505333,1.5218805
210,42.505302,1.5217582
210,42.50511,1.5218443
209,42.504963,1.5212773
209,42.504993,1.5213983
209,42.50502,1.5213867
209,42.50504,1.5214764
209,42.50526,1.5213767
209,42.505207,1.5211661
209,42.504963,1.5212773
208,42.50497,1.519915
208,42.50502,1.5202368
208,42.50515,1.5202012
208,42.505116,1.5199281
208,42.50507,1.519888
208,42.50497,1.519915
207,42.512497,1.53097
207,42.512352,1.5311279
207,42.512386,1.5311915
207,42.512535,1.5310335
207,42.512497,1.53097
206,42.507366,1.5222596
206,42.507427,1.5224041
206,42.50753,1.5223254
206,42.507473,1.5221808
206,42.507366,1.5222596
205,42.509895,1.5277064
205,42.50983,1.527752
205,42.5099,1.5279262
205,42.509964,1.5278805
205,42.509895,1.5277064
204,42.50506,1.5216067
204,42.505283,1.5215038
204,42.505253,1.521386
204,42.505028,1.5214889
204,42.50506,1.5216067
203,42.50962,1.5279866
203,42.50973,1.5280896
203,42.509792,1.527972
203,42.509678,1.5278691
203,42.50962,1.5279866
202,42.509624,1.5258133
202,42.50953,1.5258495
202,42.50958,1.5260926
202,42.509674,1.5260565
202,42.509624,1.5258133
201,42.509937,1.5251143
201,42.509937,1.5253133
201,42.510014,1.5253125
201,42.51001,1.5251135
201,42.509937,1.5251143
200,42.510284,1.5245048
200,42.510296,1.5246975
200,42.510452,1.5246838
200,42.510445,1.524491
200,42.510284,1.5245048
199,42.507378,1.5247856
199,42.50742,1.5249081
199,42.507553,1.5248216
199,42.507507,1.5246991
199,42.507378,1.5247856
198,42.509487,1.5256338
198,42.509388,1.5256897
198,42.50941,1.5257727
198,42.50951,1.5257169
198,42.509487,1.5256338
197,42.51007,1.5245814
197,42.51008,1.5247633
197,42.510212,1.5247527
197,42.510204,1.5245708
197,42.51007,1.5245814
196,42.506794,1.5227797
196,42.50684,1.5229808
196,42.507072,1.5228822
196,42.507023,1.5226811
196,42.506794,1.5227797
195,42.51366,1.5294473
195,42.513542,1.5295808
195,42.513584,1.5296458
195,42.513702,1.5295122
195,42.51366,1.5294473
194,42.50971,1.5287465
194,42.509815,1.5288516
194,42.50988,1.528729
194,42.509773,1.5286239
194,42.50971,1.5287465
193,42.50764,1.5253983
193,42.507675,1.5255129
193,42.507847,1.5254221
193,42.507812,1.5253077
193,42.50764,1.5253983
192,42.507923,1.52515
192,42.50779,1.525222
192,42.507847,1.5254219
192,42.50798,1.5253497
192,42.507923,1.52515
191,42.507355,1.5219454
191,42.507183,1.5220808
191,42.507267,1.5222703
191,42.50744,1.5221348
191,42.507355,1.5219454
190,42.51168,1.53039
190,42.511707,1.5304925
190,42.51182,1.53044
190,42.5118,1.5303375
190,42.51168,1.53039
189,42.509296,1.5260105
189,42.509342,1.5261474
189,42.50941,1.5261052
189,42.509365,1.5259683
189,42.509296,1.5260105
188,42.509853,1.5284793
188,42.509968,1.5285833
188,42.510025,1.5284679
188,42.50991,1.5283638
188,42.509853,1.5284793
187,42.509537,1.5252306
187,42.509567,1.5254678
187,42.509686,1.5254425
187,42.50966,1.5252055
187,42.509537,1.5252306
186,42.513412,1.5297287
186,42.513313,1.5298458
186,42.51336,1.5299195
186,42.51346,1.5298023
186,42.513412,1.5297287
185,42.505047,1.5216451
185,42.50509,1.5218214
185,42.505383,1.5216911
185,42.50534,1.5215148
185,42.505047,1.5216451
184,42.511505,1.5302447
184,42.5113,1.5303887
184,42.51144,1.5307565
184,42.511646,1.5306125
184,42.511505,1.5302447
183,42.506096,1.5326625
183,42.50595,1.5327156
183,42.50608,1.5333719
183,42.506226,1.533319
183,42.506096,1.5326625
182,42.51186,1.5307273
182,42.511913,1.5308017
182,42.511986,1.5307086
182,42.511932,1.5306342
182,42.51186,1.5307273
181,42.51008,1.5248477
181,42.510082,1.5250282
181,42.510227,1.5250232
181,42.510223,1.5248429
181,42.51008,1.5248477
180,42.510296,1.524833
180,42.5103,1.5250251
180,42.51046,1.5250207
180,42.510456,1.5248287
180,42.510296,1.524833
179,42.50962,1.5249758
179,42.509533,1.5249945
179,42.50956,1.5252255
179,42.509647,1.5252068
179,42.50962,1.5249758
178,42.509956,1.5235772
178,42.509975,1.5239727
178,42.510105,1.5239613
178,42.510086,1.5235656
178,42.509956,1.5235772
177,42.504967,1.5291812
177,42.50511,1.5299357
177,42.505333,1.529857
177,42.505188,1.5291026
177,42.504967,1.5291812
176,42.507744,1.525644
176,42.50799,1.5255115
176,42.50795,1.5253665
176,42.5077,1.5254989
176,42.507744,1.525644
175,42.507633,1.5214345
175,42.507618,1.5214542
175,42.507545,1.5215359
175,42.507576,1.5215838
175,42.5076,1.5215435
175,42.507652,1.5216008
175,42.507694,1.52154
175,42.507633,1.5214345
174,42.508247,1.5213778
174,42.508327,1.5212723
174,42.508263,1.5211837
174,42.508224,1.5212333
174,42.5082,1.5212635
174,42.50823,1.5212996
174,42.50821,1.5213252
174,42.508247,1.5213778
173,42.507572,1.5210758
173,42.50766,1.5210525
173,42.507725,1.5210065
173,42.507553,1.5205021
173,42.507504,1.5205262
173,42.507515,1.5210735
173,42.50754,1.5210732
173,42.507572,1.5210758
172,42.507515,1.5213352
172,42.50752,1.5214585
172,42.507618,1.5214542
172,42.507614,1.5214083
172,42.507614,1.521331
172,42.507526,1.5213335
172,42.507515,1.5213352
171,42.50847,1.5210644
171,42.508457,1.5210783
171,42.508373,1.521175
171,42.508354,1.521196
171,42.508465,1.5213729
171,42.50858,1.5212414
171,42.50847,1.5210644
170,42.508366,1.5209365
170,42.508293,1.5210218
170,42.50828,1.521033
170,42.508373,1.521175
170,42.508457,1.5210783
170,42.508366,1.5209365
169,42.507656,1.5212508
169,42.50761,1.5212529
169,42.507614,1.521331
169,42.50766,1.521329
169,42.507656,1.5212508
168,42.508366,1.5213273
168,42.508286,1.5214328
168,42.508358,1.5215319
168,42.50844,1.5214264
168,42.508366,1.5213273
167,42.50766,1.521329
167,42.507614,1.521331
167,42.507614,1.5214083
167,42.50766,1.5214063
167,42.50766,1.521329
166,42.508293,1.5207989
166,42.50821,1.5208924
166,42.508224,1.520914
166,42.508114,1.5210425
166,42.508102,1.5210255
166,42.50806,1.5210745
166,42.50811,1.5211504
166,42.50813,1.5211861
166,42.508163,1.5211469
166,42.508175,1.5211352
166,42.50817,1.5211312
166,42.50828,1.521004
166,42.508293,1.5210218
166,42.508366,1.5209365
166,42.508373,1.5209287
166,42.508293,1.5207989
165,42.5082,1.5206556
165,42.50812,1.5207496
165,42.50814,1.5207803
165,42.508026,1.5209111
165,42.508015,1.5208921
165,42.507973,1.520941
165,42.50805,1.5210606
165,42.50809,1.5210097
165,42.50808,1.520993
165,42.508194,1.5208638
165,42.50821,1.5208924
165,42.508293,1.5207989
165,42.5082,1.5206556
164,42.508114,1.5205178
164,42.508034,1.5206124
164,42.508057,1.5206484
164,42.507942,1.5207813
164,42.507927,1.5207572
164,42.507885,1.5208062
164,42.50796,1.5209281
164,42.508003,1.5208772
164,42.50799,1.5208547
164,42.508102,1.5207232
164,42.50812,1.5207496
164,42.5082,1.5206556
164,42.508114,1.5205178
163,42.508034,1.5206124
163,42.508114,1.5205178
163,42.508038,1.5203964
163,42.507957,1.5204914
163,42.50797,1.52051
163,42.50785,1.5206451
163,42.50784,1.5206265
163,42.507797,1.5206754
163,42.507874,1.5207949
163,42.507915,1.520744
163,42.5079,1.5207205
163,42.50802,1.5205868
163,42.508034,1.5206124
162,42.50766,1.5210525
162,42.507572,1.5210758
162,42.50754,1.5210732
162,42.50752,1.5211066
162,42.507526,1.5213335
162,42.507614,1.521331
162,42.50761,1.5212529
162,42.507656,1.5212508
162,42.50766,1.521329
162,42.50771,1.5213361
162,42.50781,1.5212318
162,42.50766,1.5210525
161,42.50789,1.5211912
161,42.508095,1.5214777
161,42.50821,1.5213252
161,42.50823,1.5212996
161,42.5082,1.5212635
161,42.508224,1.5212333
161,42.508163,1.5211469
161,42.50813,1.5211861
161,42.50811,1.5211504
161,42.507942,1.5211605
161,42.50789,1.5211912
160,42.50805,1.5226651
160,42.508026,1.522644
160,42.50797,1.5225832
160,42.507908,1.522689
160,42.507874,1.5227902
160,42.507896,1.5228121
160,42.50794,1.522851
160,42.508022,1.522923
160,42.508022,1.5227982
160,42.50805,1.5226651
159,42.507725,1.5228101
159,42.507736,1.5228751
159,42.507763,1.5229832
159,42.50778,1.5230529
159,42.50781,1.5231493
159,42.507874,1.522994
159,42.507854,1.5229369
159,42.507812,1.5228117
159,42.507725,1.5228101
158,42.508022,1.522923
158,42.50794,1.522851
158,42.50792,1.5228914
158,42.507896,1.5228636
158,42.507854,1.5229369
158,42.507874,1.522994
158,42.507957,1.5230654
158,42.508022,1.522923
157,42.507874,1.522994
157,42.50781,1.5231493
157,42.5078,1.5231688
157,42.50783,1.5231901
157,42.50785,1.5232362
157,42.507957,1.5230654
157,42.507874,1.522994
156,42.507874,1.5227902
156,42.50782,1.5227458
156,42.507812,1.5228117
156,42.507854,1.5229369
156,42.507896,1.5228121
156,42.507874,1.5227902
155,42.508015,1.522415
155,42.507915,1.5225348
155,42.50797,1.5225832
155,42.508053,1.522476
155,42.508015,1.522415
154,42.508053,1.522476
154,42.50797,1.5225832
154,42.508026,1.522644
154,42.508064,1.5224938
154,42.508053,1.522476
153,42.507915,1.5225348
153,42.50786,1.5226386
153,42.507908,1.522689
153,42.50797,1.5225832
153,42.507915,1.5225348
152,42.508377,1.5221335
152,42.50826,1.5221772
152,42.508278,1.5222609
152,42.50831,1.5222384
152,42.508347,1.5223368
152,42.508347,1.522363
152,42.508354,1.5223594
152,42.508366,1.522403
152,42.508427,1.52238
152,42.508377,1.5221335
151,42.507893,1.521729
151,42.508045,1.5219297
151,42.50815,1.5220654
151,42.50822,1.5219617
151,42.507977,1.5216393
151,42.507965,1.5216253
151,42.507893,1.521729
150,42.508236,1.522252
150,42.50807,1.522267
150,42.50808,1.5223793
150,42.508217,1.5223665
150,42.50824,1.5223643
150,42.508236,1.522252
149,42.50826,1.5221772
149,42.508377,1.5221335
149,42.50835,1.5220124
149,42.508236,1.522056
149,42.50826,1.5221772
148,42.508083,1.5224721
148,42.50808,1.5224719
148,42.508083,1.5224911
148,42.508087,1.522506
148,42.5081,1.5225189
148,42.508106,1.5225295
148,42.508118,1.5225375
148,42.508133,1.5225425
148,42.508144,1.5225445
148,42.508156,1.5225434
148,42.50817,1.522539
148,42.508183,1.5225317
148,42.50819,1.5225217
148,42.5082,1.5225091
148,42.5082,1.5224952
148,42.508224,1.5224593
148,42.508217,1.5223665
148,42.50808,1.5223793
148,42.508083,1.5224721
147,42.508377,1.5224411
147,42.508366,1.522403
147,42.508354,1.5223594
147,42.508347,1.522363
147,42.508347,1.5223368
147,42.50831,1.5222384
147,42.508278,1.5222609
147,42.508266,1.5222685
147,42.508263,1.5222473
147,42.508236,1.522252
147,42.50824,1.5223643
147,42.508217,1.5223665
147,42.508224,1.5224593
147,42.508343,1.5224589
147,42.508377,1.5224411
146,42.507797,1.5220518
146,42.50798,1.5222704
146,42.50799,1.522277
146,42.508,1.5222787
146,42.50801,1.522277
146,42.50802,1.5222723
146,42.508026,1.5222644
146,42.508034,1.522253
146,42.508038,1.5222267
146,42.508026,1.5221398
146,42.50801,1.522161
146,42.50785,1.5219615
146,42.507797,1.5220518
145,42.50815,1.5220654
145,42.508045,1.5219297
145,42.507988,1.5220069
145,42.507984,1.5220159
145,42.50798,1.5220246
145,42.50798,1.522034
145,42.50798,1.5220443
145,42.507984,1.522053
145,42.507988,1.5220621
145,42.50807,1.5221711
145,42.50815,1.5220654
144,42.50769,1.5219392
144,42.507774,1.521797
144,42.507797,1.5217545
144,42.50769,1.5216407
144,42.507584,1.5218254
144,42.50769,1.5219392
143,42.507507,1.5217046
143,42.507515,1.5217507
143,42.507584,1.5218254
143,42.50769,1.5216407
143,42.507652,1.5216008
143,42.5076,1.5215435
143,42.507576,1.5215838
143,42.507507,1.5217046
142,42.507797,1.5220518
142,42.50785,1.5219615
142,42.50788,1.5219092
142,42.507774,1.521797
142,42.50769,1.5219392
142,42.507797,1.5220518
141,42.507843,1.5212677
141,42.50777,1.5213696
141,42.507965,1.5216253
141,42.507977,1.5216393
141,42.50805,1.5215374
141,42.507843,1.5212677
140,42.507843,1.5226444
140,42.507854,1.5225372
140,42.507812,1.522494
140,42.50778,1.5224875
140,42.507736,1.5225286
140,42.507717,1.5225297
140,42.50771,1.5226287
140,42.50783,1.5226432
140,42.507843,1.5226444
139,42.5077,1.5226281
139,42.507725,1.5228101
139,42.507812,1.5228117
139,42.50782,1.5227458
139,42.50783,1.5226432
139,42.50771,1.5226287
139,42.5077,1.5226281
138,42.507908,1.5222576
138,42.507843,1.5223662
138,42.507862,1.5223887
138,42.50791,1.5224394
138,42.507973,1.5223308
138,42.507908,1.5222576
137,42.507862,1.5223887
137,42.50781,1.5224864
137,42.507812,1.522494
137,42.507854,1.5225372
137,42.50791,1.5224394
137,42.507862,1.5223887
136,42.507614,1.5222284
136,42.507755,1.5224092
136,42.507896,1.5222074
136,42.50775,1.5220267
136,42.507614,1.5222284
135,42.508823,1.5284153
135,42.508846,1.5283967
135,42.508854,1.5284135
135,42.508907,1.5283638
135,42.508945,1.5284379
135,42.50887,1.5285062
135,42.508823,1.5284153
134,42.507874,1.5259879
134,42.507847,1.5259494
134,42.50724,1.5263022
134,42.50734,1.5266117
134,42.50759,1.5264655
134,42.507576,1.5264214
134,42.507824,1.5262758
134,42.50784,1.5263213
134,42.507957,1.526252
134,42.507874,1.5259879
133,42.506897,1.5249583
133,42.506863,1.5249344
133,42.506664,1.5250208
133,42.50665,1.5250634
133,42.506668,1.5251352
133,42.5067,1.525158
133,42.50689,1.525074
133,42.506912,1.5250237
133,42.506897,1.5249583
132,42.507404,1.5269141
132,42.507713,1.5267315
132,42.507713,1.5266523
132,42.507687,1.5265664
132,42.507263,1.526816
132,42.507286,1.5271038
132,42.5074,1.5270886
132,42.507416,1.5270864
132,42.507404,1.5269141
131,42.507195,1.5250334
131,42.5072,1.525054
131,42.507305,1.5250251
131,42.507263,1.5247928
131,42.50717,1.5248549
131,42.50707,1.5249219
131,42.507103,1.5250715
131,42.507195,1.5250334
130,42.507233,1.5246106
130,42.50702,1.5247024
130,42.50707,1.5249219
130,42.50717,1.5248549
130,42.507263,1.5247928
130,42.507275,1.524787
130,42.507233,1.5246106
129,42.50719,1.5253493
129,42.507202,1.5255748
129,42.507317,1.5255611
129,42.5073,1.5253357
129,42.507275,1.5253389
129,42.50719,1.5253493
128,42.50714,1.5251182
128,42.507156,1.5253534
128,42.50719,1.5253493
128,42.507275,1.5253389
128,42.50726,1.5251037
128,42.50714,1.5251182
127,42.507126,1.5242356
127,42.506935,1.5243176
127,42.506985,1.5245281
127,42.507175,1.5244461
127,42.507126,1.5242356
126,42.506886,1.5248499
126,42.506794,1.524889
126,42.5068,1.5249264
126,42.506893,1.5248874
126,42.506886,1.5248499
125,42.506767,1.5248781
125,42.506664,1.5249227
125,42.50668,1.5249891
125,42.506783,1.5249445
125,42.506767,1.5248781
124,42.50766,1.5273848
124,42.507412,1.5272362
124,42.5074,1.5270886
124,42.507286,1.5271038
124,42.507275,1.5271052
124,42.507286,1.5272743
124,42.507298,1.5272728
124,42.507305,1.5273806
124,42.507324,1.5274127
124,42.50736,1.5274338
124,42.5076,1.5275761
124,42.507614,1.5275722
124,42.507626,1.5275648
124,42.50764,1.5275542
124,42.507652,1.5275406
124,42.50766,1.5275245
124,42.507668,1.5275064
124,42.507675,1.5274863
124,42.507675,1.5274652
124,42.507675,1.5274438
124,42.507675,1.5274229
124,42.507668,1.527403
124,42.50766,1.5273848
123,42.507847,1.5259494
123,42.507458,1.5254418
123,42.507378,1.5255576
123,42.50762,1.5258812
123,42.507183,1.5261385
123,42.507195,1.5261767
123,42.507183,1.5261825
123,42.5072,1.526224
123,42.507187,1.5262291
123,42.507202,1.526272
123,42.507195,1.5262772
123,42.507206,1.5263222
123,42.50724,1.5263022
123,42.507847,1.5259494
122,42.506935,1.5272228
122,42.507057,1.5272934
122,42.507153,1.5271925
122,42.50707,1.5261246
122,42.507053,1.526127
122,42.506863,1.5261537
122,42.506855,1.526155
122,42.506935,1.5272228
121,42.50615,1.525952
121,42.506058,1.5260214
121,42.506157,1.5262712
121,42.506252,1.5262018
121,42.50615,1.525952
120,42.506348,1.5282832
120,42.506317,1.528333
120,42.506355,1.5283802
120,42.506386,1.5283304
120,42.506348,1.5282832
119,42.50686,1.5258166
119,42.506863,1.5258626
119,42.506844,1.5258652
119,42.506863,1.5261537
119,42.507053,1.526127
119,42.507042,1.5259885
119,42.50694,1.5258528
119,42.506935,1.5258045
119,42.507,1.5257941
119,42.507027,1.525745
119,42.50702,1.5256335
119,42.50699,1.5256032
119,42.50692,1.5256141
119,42.506916,1.5255514
119,42.507004,1.525407
119,42.506992,1.525294
119,42.50696,1.5252669
119,42.5068,1.5252962
119,42.50679,1.5253243
119,42.506817,1.5255713
119,42.506832,1.5255919
119,42.506844,1.5255902
119,42.506844,1.5256262
119,42.506836,1.5256273
119,42.506824,1.5256534
119,42.506836,1.5257969
119,42.50685,1.5258176
119,42.50686,1.5258166
118,42.50637,1.526947
118,42.506393,1.5268942
118,42.50635,1.5268594
118,42.50633,1.5269146
118,42.5062,1.5268178
118,42.506107,1.527041
118,42.506508,1.5273383
118,42.5066,1.5271152
118,42.506557,1.527085
118,42.50657,1.5270578
118,42.506523,1.527018
118,42.50651,1.5270494
118,42.50637,1.526947
117,42.505985,1.5264349
117,42.506016,1.5264136
117,42.506027,1.526383
117,42.505985,1.526288
117,42.50595,1.5262587
117,42.505928,1.5262742
117,42.50588,1.52615
117,42.505787,1.5262204
117,42.505886,1.526463
117,42.50594,1.5264236
117,42.505985,1.5264349
116,42.50681,1.5245423
116,42.506626,1.5246264
116,42.506664,1.5247927
116,42.50685,1.5247086
116,42.50681,1.5245423
115,42.505726,1.5241404
115,42.5059,1.5242127
115,42.506042,1.5243261
115,42.506516,1.5241104
115,42.50652,1.524133
115,42.506657,1.5240715
115,42.506683,1.5240006
115,42.506626,1.5237128
115,42.50664,1.5237068
115,42.50662,1.5236045
115,42.5066,1.5236113
115,42.50657,1.5234572
115,42.50611,1.5236553
115,42.505936,1.523844
115,42.505802,1.5239043
115,42.505825,1.5239983
115,42.505707,1.5240542
115,42.505726,1.5241404
114,42.506542,1.52452
114,42.50646,1.5245562
114,42.506516,1.5247961
114,42.506508,1.5248
114,42.506542,1.5249496
114,42.50655,1.5249472
114,42.50655,1.52496
114,42.506626,1.524928
114,42.506542,1.5245697
114,42.506577,1.5245535
114,42.50656,1.5244792
114,42.506535,1.5244901
114,42.506542,1.52452
113,42.506573,1.5241954
113,42.506565,1.5241714
113,42.506165,1.5243611
113,42.506184,1.5244349
113,42.506294,1.5244857
113,42.506607,1.5243369
113,42.506607,1.5243331
113,42.506706,1.524288
113,42.50673,1.5242302
113,42.506714,1.5241752
113,42.506676,1.5241456
113,42.506573,1.5241954
112,42.50839,1.530084
112,42.50834,1.5301725
112,42.508305,1.5302731
112,42.50826,1.5303963
112,42.508163,1.5303334
112,42.5082,1.5301899
112,42.508144,1.5300236
112,42.508183,1.5299284
112,42.50839,1.530084
111,42.508232,1.5299127
111,42.50828,1.5297982
111,42.508163,1.5296986
111,42.50808,1.5297666
111,42.508087,1.529792
111,42.508232,1.5299127
110,42.50843,1.5296297
110,42.5083,1.5297674
110,42.50823,1.5296458
110,42.508163,1.5296986
110,42.50808,1.5297666
110,42.50804,1.529572
110,42.508286,1.5293669
110,42.50843,1.5296297
109,42.50843,1.5296297
109,42.5083,1.5297674
109,42.508293,1.5297759
109,42.50828,1.5297982
109,42.508232,1.5299127
109,42.50837,1.53002
109,42.508385,1.5300252
109,42.508396,1.5300213
109,42.508404,1.530008
109,42.508495,1.529788
109,42.5085,1.5297692
109,42.508488,1.529741
109,42.50843,1.5296297
108,42.508465,1.527658
108,42.50856,1.5275855
108,42.50853,1.527495
108,42.50843,1.5275627
108,42.508465,1.527658
107,42.508533,1.5278102
107,42.508633,1.5277156
107,42.508602,1.5276593
107,42.50856,1.5275855
107,42.508465,1.527658
107,42.508533,1.5278102
106,42.50862,1.5279912
106,42.508747,1.52788
106,42.508682,1.5277927
106,42.508633,1.5277156
106,42.508533,1.5278102
106,42.50862,1.5279912
105,42.508503,1.5279727
105,42.50833,1.528128
105,42.508377,1.5281833
105,42.508358,1.5282208
105,42.508396,1.5282651
105,42.50845,1.5282222
105,42.508568,1.5281188
105,42.508503,1.5279727
104,42.508415,1.5277796
104,42.508183,1.5279741
104,42.508217,1.5280612
104,42.508343,1.5279593
104,42.508358,1.5280021
104,42.508247,1.5281041
104,42.508297,1.5281618
104,42.50833,1.528128
104,42.508503,1.5279727
104,42.508415,1.5277796
103,42.508514,1.5283697
103,42.508633,1.5282598
103,42.508568,1.5281188
103,42.50845,1.5282222
103,42.508514,1.5283697
102,42.508694,1.5283898
102,42.508575,1.5285012
102,42.508514,1.5283697
102,42.508633,1.5282598
102,42.508694,1.5283898
101,42.50878,1.5285776
101,42.508686,1.5286849
101,42.508575,1.5285012
101,42.508694,1.5283898
101,42.50878,1.5285776
100,42.50902,1.5283332
100,42.50905,1.528407
100,42.509037,1.5284559
100,42.50904,1.5285096
100,42.50901,1.5285372
100,42.509,1.5285069
100,42.50896,1.5285503
100,42.50894,1.5284998
100,42.508976,1.5284526
100,42.50896,1.5283957
100,42.50902,1.5283332
99,42.50894,1.5284998
99,42.50896,1.5285503
99,42.508987,1.5286117
99,42.50893,1.5286523
99,42.508884,1.5285404
99,42.50894,1.5284998
98,42.508907,1.5283638
98,42.508854,1.5284135
98,42.508846,1.5283967
98,42.508823,1.5284153
98,42.508755,1.5282702
98,42.508915,1.5281239
98,42.508995,1.5282857
98,42.508907,1.5283638
97,42.508747,1.52788
97,42.50893,1.5281132
97,42.508915,1.5281239
97,42.508755,1.5282702
97,42.50862,1.5279912
97,42.508747,1.52788
96,42.509037,1.5286181
96,42.50912,1.528975
96,42.50903,1.5290145
96,42.508945,1.5286576
96,42.509037,1.5286181
95,42.51033,1.5326692
95,42.510483,1.5325733
95,42.510616,1.5329592
95,42.51046,1.5330557
95,42.51033,1.5326692
94,42.51021,1.5323098
94,42.510376,1.5322053
94,42.510498,1.5325648
94,42.510483,1.5325733
94,42.51033,1.5326692
94,42.51021,1.5323098
93,42.51026,1.5318601
93,42.510376,1.5322053
93,42.51021,1.5323098
93,42.51009,1.5319664
93,42.51026,1.5318601
92,42.509712,1.5312577
92,42.509785,1.5314482
92,42.509705,1.531508
92,42.50963,1.5313175
92,42.509712,1.5312577
91,42.509594,1.5306503
91,42.50972,1.5305074
91,42.50976,1.5305783
91,42.50974,1.5306054
91,42.50977,1.5306524
91,42.50975,1.5306726
91,42.509872,1.5308709
91,42.50975,1.5310112
91,42.509613,1.5307893
91,42.50963,1.5307703
91,42.5096,1.530729
91,42.509624,1.5307031
91,42.509594,1.5306503
90,42.50939,1.5306621
90,42.50936,1.5306863
90,42.50938,1.5307385
90,42.509403,1.5308042
90,42.509445,1.5307372
90,42.50939,1.5306621
89,42.5085,1.5351667
89,42.508274,1.5351859
89,42.50828,1.5353758
89,42.508507,1.5353566
89,42.5085,1.5351667
88,42.50799,1.5347002
88,42.508026,1.535367
88,42.508255,1.5353448
88,42.50822,1.5346781
88,42.50799,1.5347002
87,42.513546,1.5361735
87,42.51347,1.5361426
87,42.513435,1.5362827
87,42.513508,1.5363117
87,42.513546,1.5361735
86,42.51348,1.5364393
86,42.5134,1.536403
86,42.513355,1.5365807
86,42.51339,1.536595
86,42.513386,1.5366094
86,42.513435,1.536627
86,42.51348,1.5364393
85,42.51344,1.5374554
85,42.513348,1.5374244
85,42.51331,1.5376246
85,42.513397,1.5376555
85,42.51344,1.5374554
84,42.512905,1.5381871
84,42.5128,1.5381389
84,42.51281,1.5380698
84,42.51275,1.538045
84,42.512733,1.5380745
84,42.512726,1.5382006
84,42.512726,1.5382811
84,42.512768,1.5382698
84,42.512848,1.5382911
84,42.51288,1.5382831
84,42.512905,1.5381871
83,42.513187,1.5377202
83,42.51309,1.5379432
83,42.512943,1.537831
83,42.51304,1.5376029
83,42.513187,1.5377202
82,42.513206,1.5368866
82,42.513275,1.5366157
82,42.51307,1.5365514
82,42.513004,1.5368034
82,42.513206,1.5368866
81,42.51356,1.5376556
81,42.51358,1.5376618
81,42.513596,1.5375803
81,42.513485,1.5375408
81,42.51346,1.53766
81,42.513557,1.5376914
81,42.51356,1.5376556
80,42.513424,1.537795
80,42.513523,1.5378278
80,42.513546,1.5376956
80,42.513454,1.5376649
80,42.513424,1.537795
79,42.51321,1.5382807
79,42.513126,1.5381398
79,42.513016,1.538258
79,42.5131,1.5383859
79,42.513115,1.538382
79,42.51321,1.5382807
78,42.51327,1.5382155
78,42.513187,1.5380827
78,42.51313,1.5381377
78,42.513214,1.5382812
78,42.51327,1.5382155
77,42.513382,1.5380499
77,42.513313,1.5379211
77,42.513184,1.5380579
77,42.513283,1.5382107
77,42.513298,1.538176
77,42.51332,1.5381223
77,42.513382,1.5380499
76,42.513107,1.5379694
76,42.513,1.537905
76,42.512962,1.5380177
76,42.51307,1.5380794
76,42.513107,1.5379694
75,42.51309,1.5373715
75,42.512966,1.5373111
75,42.512897,1.5372777
75,42.51284,1.5375721
75,42.512974,1.5376099
75,42.513004,1.537586
75,42.513046,1.5374752
75,42.51309,1.5373715
74,42.512955,1.5376492
74,42.512833,1.5376194
74,42.5128,1.5378171
74,42.512924,1.5378369
74,42.512955,1.5376492
73,42.508095,1.527109
73,42.508106,1.5274745
73,42.508102,1.5274795
73,42.5081,1.5274819
73,42.50809,1.5274813
73,42.5081,1.52781
73,42.5081,1.5278298
73,42.508095,1.5278488
73,42.508087,1.5278665
73,42.508076,1.5278821
73,42.508068,1.5278949
73,42.508053,1.5279045
73,42.50804,1.5279098
73,42.50803,1.5279124
73,42.50802,1.5279123
73,42.508007,1.5279094
73,42.507996,1.5279038
73,42.507984,1.5278957
73,42.50773,1.527699
73,42.50775,1.5271107
73,42.508095,1.527109
72,42.509193,1.5295573
72,42.50916,1.5295937
72,42.509113,1.5296273
72,42.509132,1.5297264
72,42.509384,1.5304545
72,42.509506,1.5303626
72,42.509495,1.5302142
72,42.50946,1.5301024
72,42.509357,1.5298412
72,42.509193,1.5295573
71,42.509193,1.5295573
71,42.509117,1.5294406
71,42.509098,1.529486
71,42.5091,1.5295221
71,42.509113,1.5296273
71,42.50916,1.5295937
71,42.509193,1.5295573
70,42.508595,1.534409
70,42.508614,1.5342293
70,42.508533,1.5342432
70,42.50854,1.5344144
70,42.508595,1.534409
69,42.50719,1.5295535
69,42.50735,1.5293725
69,42.507393,1.529309
69,42.507313,1.529186
69,42.507107,1.5294315
69,42.50719,1.5295535
68,42.507473,1.5295509
68,42.50733,1.5297198
68,42.507317,1.5297345
68,42.50719,1.5295535
68,42.50735,1.5293725
68,42.507473,1.5295509
67,42.507656,1.5297077
67,42.50752,1.5294945
67,42.507473,1.5295509
67,42.50733,1.5297198
67,42.50744,1.5298955
67,42.507656,1.5297077
66,42.507652,1.529296
66,42.507515,1.5294851
66,42.50752,1.5294945
66,42.507656,1.5297077
66,42.507797,1.5295911
66,42.50784,1.5295347
66,42.507652,1.529296
65,42.507652,1.529296
65,42.507477,1.5290841
65,42.50743,1.5290318
65,42.507313,1.529186
65,42.507393,1.529309
65,42.507515,1.5294851
65,42.507652,1.529296
64,42.50803,1.5293657
64,42.5076,1.5288427
64,42.5075,1.5289755
64,42.507927,1.5294958
64,42.507965,1.5294636
64,42.50803,1.5293657
63,42.50821,1.529229
63,42.507927,1.5288682
63,42.50791,1.5288804
63,42.507717,1.5286644
63,42.50763,1.5287877
63,42.5081,1.5293564
63,42.50816,1.5293081
63,42.50821,1.529229
62,42.508377,1.528785
62,42.508545,1.5290653
62,42.508663,1.5294355
62,42.508602,1.5295414
62,42.508595,1.5295306
62,42.508583,1.5295414
62,42.508553,1.5295469
62,42.508526,1.5295334
62,42.508503,1.5295079
62,42.5085,1.5295173
62,42.508358,1.5292746
62,42.50836,1.5292639
62,42.508347,1.5292343
62,42.50834,1.5292437
62,42.50819,1.529013
62,42.508198,1.5290062
62,42.508186,1.5289916
62,42.508377,1.528785
61,42.5088,1.5301127
61,42.50882,1.5300913
61,42.508915,1.5301664
61,42.508766,1.5297667
61,42.508762,1.529701
61,42.50874,1.5296372
61,42.508717,1.5296112
61,42.508686,1.5296112
61,42.50867,1.5296353
61,42.508644,1.5296997
61,42.508636,1.5297493
61,42.508636,1.5297976
61,42.50865,1.5298284
61,42.5088,1.5301127
60,42.508995,1.53079
60,42.508965,1.5307539
60,42.508923,1.5307484
60,42.508892,1.5307779
60,42.50885,1.5308651
60,42.508842,1.5309013
60,42.50885,1.5309348
60,42.509068,1.5315021
60,42.5091,1.5315745
60,42.509125,1.5315906
60,42.509144,1.531592
60,42.509193,1.5315826
60,42.50923,1.5315745
60,42.509254,1.5315571
60,42.509266,1.5315263
60,42.509266,1.5314981
60,42.50926,1.5314565
60,42.508995,1.53079
59,42.508873,1.5305485
59,42.50887,1.5304987
59,42.50885,1.5304514
59,42.508617,1.5300133
59,42.50858,1.5299945
59,42.508545,1.5299985
59,42.50852,1.5300213
59,42.508392,1.5303258
59,42.508366,1.5303942
59,42.508366,1.5304438
59,42.508385,1.5305
59,42.508423,1.5305296
59,42.508736,1.5307039
59,42.50877,1.5307107
59,42.5088,1.5306998
59,42.50882,1.5306731
59,42.508873,1.5305485
58,42.508877,1.5292064
58,42.5089,1.5292741
58,42.508846,1.5293039
58,42.508938,1.529617
58,42.509018,1.5295914
58,42.508995,1.5294064
58,42.508976,1.5292718
58,42.50897,1.529238
58,42.508953,1.5292085
58,42.508938,1.5291932
58,42.508923,1.5291884
58,42.508907,1.5291905
58,42.508877,1.5292064
57,42.508877,1.5291971
57,42.508823,1.5292269
57,42.508846,1.5293039
57,42.5089,1.5292741
57,42.508877,1.5292064
57,42.508877,1.5291971
56,42.50878,1.5285776
56,42.508835,1.5286876
56,42.50885,1.5287569
56,42.508858,1.5288234
56,42.508854,1.5288713
56,42.508812,1.5289196
56,42.508686,1.5286849
56,42.50878,1.5285776
55,42.508984,1.5280385
55,42.50908,1.5278628
55,42.50899,1.5277756
55,42.508972,1.5279285
55,42.50894,1.5279982
55,42.508984,1.5280385
54,42.509212,1.5279878
54,42.509106,1.5281878
54,42.508987,1.528071
54,42.509094,1.5278711
54,42.509212,1.5279878
53,42.509415,1.5286355
53,42.50939,1.5287114
53,42.509377,1.5287027
53,42.50932,1.5288734
53,42.50927,1.5288432
53,42.50929,1.5287876
53,42.50927,1.5287766
53,42.50931,1.528651
53,42.509327,1.5286607
53,42.509346,1.5285954
53,42.509415,1.5286355
52,42.50932,1.5283021
52,42.509388,1.5281664
52,42.509235,1.5280266
52,42.509167,1.5281622
52,42.50932,1.5283021
51,42.509262,1.5285167
51,42.509182,1.5286883
51,42.509052,1.5285788
51,42.509132,1.5284071
51,42.509262,1.5285167
50,42.50953,1.5290416
50,42.509617,1.5288705
50,42.509476,1.5287429
50,42.50939,1.5289141
50,42.50953,1.5290416
49,42.509613,1.5290546
49,42.509678,1.5289139
49,42.509636,1.5288749
49,42.509567,1.5290155
49,42.509613,1.5290546
48,42.509747,1.5291841
48,42.50967,1.5293516
48,42.509537,1.529239
48,42.50961,1.5290717
48,42.509747,1.5291841
47,42.51008,1.5234183
47,42.50993,1.5234303
47,42.509914,1.5230792
47,42.51006,1.5230672
47,42.51008,1.5234183
46,42.510303,1.522849
46,42.51016,1.5228627
46,42.510178,1.52323
46,42.510323,1.5232162
46,42.510303,1.522849
45,42.510326,1.523355
45,42.51034,1.523722
45,42.510185,1.5237339
45,42.51017,1.5233668
45,42.510326,1.523355
44,42.50483,1.5246394
44,42.50471,1.5246629
44,42.504623,1.5246804
44,42.504704,1.5251524
44,42.504734,1.52519
44,42.50478,1.5252061
44,42.504837,1.5251873
44,42.504883,1.5251548
44,42.504898,1.5251015
44,42.50483,1.5246394
43,42.506306,1.5303123
43,42.506466,1.5301038
43,42.506325,1.5299064
43,42.506165,1.5301149
43,42.506306,1.5303123
42,42.505062,1.524876
42,42.5051,1.5248663
42,42.50517,1.5248486
42,42.50526,1.5248263
42,42.505424,1.5260326
42,42.50523,1.5260823
42,42.505062,1.524876
41,42.506107,1.5301789
41,42.50623,1.530372
41,42.505962,1.5307368
41,42.505886,1.5306909
41,42.505848,1.5305222
41,42.506107,1.5301789
40,42.506035,1.5302083
40,42.505886,1.5300096
40,42.505753,1.5301974
40,42.505825,1.5304737
40,42.506035,1.5302083
39,42.505974,1.5298297
39,42.50613,1.5296206
39,42.505997,1.5294335
39,42.50584,1.5296425
39,42.505974,1.5298297
38,42.50576,1.5300827
38,42.505924,1.5299001
38,42.50568,1.529557
38,42.50564,1.5295945
38,42.50576,1.5300827
37,42.50667,1.531866
37,42.506832,1.531804
37,42.50688,1.531933
37,42.507233,1.5316967
37,42.50704,1.5311767
37,42.506565,1.5315039
37,42.50655,1.5315844
37,42.50661,1.531756
37,42.50667,1.531866
36,42.506145,1.5300705
36,42.506306,1.5298622
36,42.506165,1.5296648
36,42.506004,1.5298733
36,42.506145,1.5300705
35,42.509506,1.5303742
35,42.50953,1.530619
35,42.509495,1.5306431
35,42.50939,1.5304581
35,42.509506,1.5303742
34,42.50921,1.5295002
34,42.509342,1.5293394
34,42.5092,1.5290846
34,42.50902,1.5291075
34,42.509052,1.5292468
34,42.50921,1.5295002
33,42.508976,1.526326
33,42.508907,1.526129
33,42.508896,1.5261371
33,42.50886,1.5260441
33,42.50888,1.5260338
33,42.508842,1.5259329
33,42.50893,1.525878
33,42.508995,1.5260594
33,42.509003,1.5260531
33,42.509075,1.5262624
33,42.508976,1.526326
32,42.509117,1.5248295
32,42.509148,1.524942
32,42.509224,1.5250252
32,42.50913,1.5250776
32,42.509064,1.5251768
32,42.509033,1.5250561
32,42.508957,1.5249757
32,42.50905,1.5249207
32,42.509117,1.5248295
31,42.508034,1.5250032
31,42.508377,1.5248262
31,42.50834,1.5246974
31,42.50831,1.5246599
31,42.508278,1.5246344
31,42.508236,1.5246223
31,42.5082,1.524621
31,42.508057,1.5246989
31,42.50802,1.5247216
31,42.508003,1.5247484
31,42.507988,1.5247886
31,42.507984,1.5248262
31,42.508034,1.5250032
30,42.51104,1.5386775
30,42.510838,1.5385348
30,42.5108,1.5386347
30,42.510765,1.538729
30,42.510967,1.5388592
30,42.51104,1.5386775
29,42.51094,1.5389028
29,42.51075,1.5387723
29,42.51071,1.5388627
29,42.510677,1.5389503
29,42.51087,1.5390793
29,42.51094,1.5389028
28,42.511124,1.5384479
28,42.510925,1.5383135
28,42.510887,1.5384067
28,42.51085,1.5385009
28,42.51105,1.5386326
28,42.511124,1.5384479
27,42.511185,1.539717
27,42.511143,1.5398962
27,42.511333,1.539977
27,42.511375,1.5398017
27,42.511185,1.539717
26,42.510857,1.5392889
26,42.510715,1.5392736
26,42.510654,1.5392672
26,42.510662,1.5391483
26,42.51067,1.5390011
26,42.510857,1.5391368
26,42.510857,1.5392079
26,42.510857,1.5392889
25,42.50887,1.5322602
25,42.509182,1.5322171
25,42.509144,1.5317606
25,42.50835,1.5318902
25,42.50838,1.5323378
25,42.50887,1.5322602
24,42.507145,1.5328459
24,42.507816,1.5338484
24,42.50772,1.5339657
24,42.50705,1.5329632
24,42.507145,1.5328459
23,42.507355,1.5323886
23,42.507206,1.5322411
23,42.50718,1.532276
23,42.507008,1.531989
23,42.506863,1.5320829
23,42.50685,1.5321366
23,42.506863,1.5322223
23,42.50717,1.5326542
23,42.50722,1.5326542
23,42.507355,1.5323886
22,42.509285,1.5380206
22,42.50887,1.5380087
22,42.508865,1.5382099
22,42.50928,1.5382217
22,42.509285,1.5380206
21,42.507423,1.5322616
21,42.507393,1.5323126
21,42.50731,1.532208
21,42.507084,1.5319011
21,42.507236,1.5318164
21,42.50743,1.5319906
21,42.507465,1.532047
21,42.507465,1.5321329
21,42.507423,1.5322616
20,42.508842,1.5386677
20,42.50887,1.5379997
20,42.508785,1.5379864
20,42.508743,1.5380749
20,42.508736,1.5386543
20,42.508842,1.5386677
19,42.50823,1.53723
19,42.508312,1.5378201
19,42.508125,1.5378013
19,42.508083,1.5375117
19,42.508038,1.5374795
19,42.508003,1.5374312
19,42.508003,1.5373534
19,42.50805,1.5372837
19,42.50823,1.53723
18,42.507336,1.5326782
18,42.507412,1.5327588
18,42.50749,1.532673
18,42.507504,1.5327159
18,42.50757,1.5325603
18,42.50792,1.5327266
18,42.50781,1.5330967
18,42.50774,1.5333033
18,42.507698,1.5333328
18,42.507652,1.5333273
18,42.50734,1.532885
18,42.507298,1.5328044
18,42.50732,1.5327212
18,42.507336,1.5326782
17,42.506714,1.5346907
17,42.506924,1.5344708
17,42.50713,1.5343689
17,42.5074,1.5347497
17,42.50755,1.5351896
17,42.507374,1.5352916
17,42.507023,1.5345888
17,42.506954,1.5346586
17,42.507015,1.534857
17,42.50702,1.5349482
17,42.506878,1.5350072
17,42.50676,1.5350178
17,42.506714,1.5346907
16,42.50674,1.5335159
16,42.506477,1.5336393
16,42.50653,1.5339665
16,42.506603,1.5341007
16,42.5067,1.5341382
16,42.506817,1.5341595
16,42.506886,1.5340792
16,42.50674,1.5335159
15,42.50695,1.5327842
15,42.506992,1.5327276
15,42.50699,1.5326126
15,42.506878,1.5324702
15,42.50685,1.532412
15,42.50683,1.5323627
15,42.50679,1.5323075
15,42.50674,1.5322942
15,42.506695,1.5323468
15,42.50667,1.5324054
15,42.50666,1.5325181
15,42.50665,1.5326138
15,42.506653,1.5326989
15,42.506657,1.5327845
15,42.50666,1.5328442
15,42.506702,1.5328668
15,42.506783,1.5328633
15,42.50689,1.5328264
15,42.50695,1.5327842
14,42.50641,1.520357
14,42.506653,1.5207527
14,42.506416,1.5210319
14,42.50617,1.5206255
14,42.50641,1.520357
13,42.508858,1.5418361
13,42.50896,1.541811
13,42.508926,1.541559
13,42.508823,1.5415843
13,42.508858,1.5418361
12,42.50901,1.5439734
12,42.50895,1.5440158
12,42.50896,1.5440838
12,42.509,1.5440739
12,42.509163,1.5440763
12,42.509174,1.544054
12,42.509254,1.544078
12,42.509274,1.5440059
12,42.509304,1.5440042
12,42.5093,1.5439644
12,42.50934,1.543956
12,42.509327,1.5438749
12,42.509296,1.5438807
12,42.509293,1.5438417
12,42.509224,1.5438732
12,42.5092,1.5438293
12,42.509132,1.543904
12,42.50912,1.5438749
12,42.50901,1.5439734
11,42.50873,1.5409456
11,42.50886,1.5409238
11,42.508904,1.5413013
11,42.508774,1.5413243
11,42.50873,1.5409456
10,42.512547,1.5368518
10,42.512474,1.537117
10,42.512566,1.5371635
10,42.51264,1.5368983
10,42.512547,1.5368518
9,42.51274,1.5375289
9,42.512604,1.5375204
9,42.512596,1.5377572
9,42.51273,1.5377657
9,42.51274,1.5375289
8,42.510796,1.5420157
8,42.510433,1.5421015
8,42.51047,1.5423188
8,42.51063,1.5423
8,42.51063,1.5422437
8,42.510822,1.5421712
8,42.510796,1.5420157
7,42.512005,1.5367725
7,42.51199,1.5368707
7,42.51183,1.5372717
7,42.511776,1.5373152
7,42.511677,1.5373122
7,42.51165,1.5373919
7,42.51166,1.5376436
7,42.511406,1.5383118
7,42.511143,1.5381217
7,42.510983,1.5380077
7,42.51107,1.5377932
7,42.5112,1.5374024
7,42.51131,1.5372683
7,42.51129,1.5370929
7,42.511543,1.5364441
7,42.511616,1.5363241
7,42.51183,1.5364662
7,42.51194,1.5365984
7,42.512005,1.5367725
6,42.509064,1.5341731
6,42.509083,1.5342003
6,42.50909,1.5342327
6,42.509148,1.5351921
6,42.50914,1.5352477
6,42.5091,1.5352896
6,42.508694,1.5353404
6,42.508656,1.5353366
6,42.508633,1.5353175
6,42.508617,1.5352849
6,42.508606,1.5352484
6,42.508553,1.5345066
6,42.50861,1.5344552
6,42.50866,1.5342858
6,42.508675,1.5341729
6,42.509003,1.5341371
6,42.509045,1.5341482
6,42.509064,1.5341731
5,42.509357,1.5293593
5,42.509743,1.5300004
5,42.509777,1.5304163
5,42.50958,1.530656
5,42.509556,1.5306573
5,42.509537,1.5306586
5,42.50955,1.5305941
5,42.509525,1.5303558
5,42.509506,1.5302297
5,42.50943,1.5299453
5,42.5092,1.5295498
5,42.509212,1.529535
5,42.509357,1.5293593
4,42.50731,1.5215706
4,42.507076,1.5216018
4,42.507076,1.521621
4,42.50705,1.5216264
4,42.507034,1.5216616
4,42.50703,1.5217057
4,42.507057,1.5217376
4,42.507084,1.5217446
4,42.50709,1.5218539
4,42.507328,1.5218245
4,42.50731,1.5215706
3,42.510345,1.5306574
3,42.510292,1.5306687
3,42.510315,1.5308567
3,42.51037,1.5308454
3,42.510345,1.5306574
2,42.509945,1.5341619
2,42.50997,1.5341123
2,42.51,1.5340989
2,42.51002,1.5340962
2,42.51004,1.5341096
2,42.510086,1.5341806
2,42.51038,1.5345535
2,42.510666,1.5349505
2,42.51054,1.5351168
2,42.51031,1.535145
2,42.5103,1.5349344
2,42.51038,1.5349303
2,42.5102,1.5347855
2,42.510128,1.5346125
2,42.510136,1.5346863
2,42.509926,1.5347064
2,42.509922,1.534571
2,42.509922,1.5344489
2,42.509945,1.5341619
1,42.50549,1.5224977
1,42.505478,1.5225656
1,42.505463,1.5226303
1,42.505436,1.5226896
1,42.5054,1.5227414
1,42.505363,1.5227841
1,42.505318,1.5228161
1,42.505272,1.5228363
1,42.50522,1.5228442
1,42.50517,1.5228393
1,42.50512,1.522822
1,42.505074,1.5227927
1,42.50503,1.5227524
1,42.504997,1.5227026
1,42.50497,1.522645
1,42.50495,1.5225815
1,42.50494,1.5225141
1,42.50494,1.5224453
1,42.504948,1.5223774
1,42.504967,1.5223126
1,42.50499,1.5222535
1,42.505024,1.5222017
1,42.505066,1.522159
1,42.505108,1.522127
1,42.505157,1.5221066
1,42.505207,1.5220989
1,42.505257,1.5221037
1,42.505306,1.5221211
1,42.505352,1.5221504
1,42.505394,1.5221906
1,42.50543,1.5222404
1,42.50546,1.5222981
1,42.505478,1.5223618
1,42.505486,1.522429
1,42.50549,1.5224977
0,42.507298,1.5380958
0,42.507347,1.5384467
0,42.50774,1.5383445
0,42.50769,1.5379936
0,42.507298,1.5380958
