HOUR	EDGE_ID	AMOUNT
0	1	1
0	1	1
0	4	1
0	4	1
0	7	1
0	7	1
0	10	1
0	11	1
0	13	6
0	14	14
0	15	1
0	17	1
0	19	3
0	20	1
0	20	1
0	23	8
0	24	1
0	24	1
0	27	1
0	29	3
0	30	1
0	31	1
0	32	1
0	34	1
0	1	1
0	35	2
0	37	1
0	39	1
0	7	1
0	42	1
0	20	1
0	44	1
0	45	1
0	47	1
0	48	2
0	17	1
0	49	1
0	51	1
0	53	1
0	55	1
0	57	1
0	59	1
1	0	2
1	1	2
1	2	2
1	4	1
1	9	4
1	9	9
1	10	5
1	62	1
1	15	1
1	14	7
1	13	5
1	16	89
1	18	22
1	18	3
1	18	1
1	19	2
1	64	1
1	26	1
1	65	1
1	31	1
1	4	3
1	35	1
1	40	2
1	68	1
1	69	1
1	70	1
1	44	1
1	45	1
1	15	1
1	18	2
1	49	1
1	2	2
1	74	1
1	11	1
1	40	1
1	31	1
2	5	1
2	9	5
2	54	1
2	13	1
2	14	17
2	16	88
2	18	5
2	18	4
2	75	1
2	40	2
2	5	1
2	11	1
2	20	1
2	18	1
2	48	1
2	6	1
2	6	1
2	11	1
2	70	1
2	20	1
2	78	2
2	31	1
3	5	1
3	68	1
3	79	1
3	11	1
3	14	45
3	13	2
3	16	89
3	18	7
3	20	1
3	23	1
3	5	3
3	38	1
3	40	3
3	64	1
3	44	9
3	0	1
3	5	1
3	6	1
3	6	1
3	70	1
3	40	3
4	61	1
4	51	1
4	6	1
4	8	1
4	52	1
4	9	3
4	10	1
4	13	1
4	14	9
4	16	32
4	18	2
4	19	2
4	23	1
4	26	1
4	40	2
4	30	1
4	36	1
4	39	1
4	48	2
4	50	1
4	83	1
4	7	1
4	41	1
4	56	1
5	0	2
5	1	2
5	5	1
5	67	1
5	9	3
5	10	1
5	13	1
5	85	1
5	86	1
5	48	1
5	0	4
5	19	3
5	26	1
5	87	1
5	56	1
5	30	1
5	4	1
5	10	3
5	35	2
5	6	1
5	0	1
5	19	1
5	89	1
5	90	1
5	17	2
5	53	1
5	73	1
5	86	1
5	40	2
5	35	1
6	5	1
6	13	1
6	13	1
6	73	1
6	47	1
6	46	1
6	20	1
6	43	1
6	23	2
6	56	1
6	30	1
6	5	1
6	10	7
6	48	1
6	81	1
6	38	2
6	94	1
6	67	1
6	72	1
6	46	1
6	46	2
6	1	2
6	10	1
6	78	1
7	0	2
7	1	1
7	51	5
7	6	1
7	10	1
7	15	1
7	14	3
7	46	1
7	47	1
7	16	34
7	18	4
7	17	1
7	70	1
7	56	1
7	30	1
7	51	1
7	39	1
7	6	3
7	44	8
7	99	1
7	82	1
7	48	1
7	49	1
7	51	1
7	6	1
7	88	1
7	102	1
8	0	1
8	1	1
8	6	1
8	17	1
8	10	2
8	11	1
8	103	1
8	46	1
8	16	58
8	53	1
8	19	3
8	43	1
8	81	1
8	100	1
8	29	1
8	64	1
8	81	1
8	35	1
8	38	9
8	6	8
8	44	1
8	48	1
8	3	1
8	81	1
8	53	1
8	17	1
8	40	2
9	0	5
9	0	1
9	1	1
9	5	2
9	51	1
9	6	1
9	41	1
9	52	1
9	68	1
9	10	3
9	10	2
9	108	3
9	13	1
9	14	71
9	46	1
9	97	1
9	47	1
9	48	1
9	18	6
9	17	1
9	19	1
9	20	1
9	109	1
9	23	1
9	23	1
9	25	1
9	48	1
9	30	1
9	31	1
9	33	1
9	48	1
9	110	1
9	111	1
9	92	1
9	38	4
9	101	1
9	68	1
9	20	1
9	88	1
9	112	1
9	89	1
9	15	2
9	98	1
9	48	1
9	97	1
9	51	1
9	70	1
9	43	1
9	57	1
9	92	2
10	0	3
10	71	4
10	1	7
10	5	1
10	4	1
10	7	1
10	51	1
10	49	1
10	10	4
10	11	1
10	81	1
10	11	1
10	13	1
10	115	1
10	46	1
10	47	1
10	86	1
10	48	1
10	48	1
10	116	1
10	98	1
10	53	1
10	117	1
10	67	1
10	21	1
10	109	3
10	25	1
10	87	1
10	27	2
10	81	1
10	40	1
10	48	1
10	29	1
10	30	1
10	31	1
10	4	1
10	120	1
10	122	1
10	35	14
10	35	1
10	105	4
10	88	1
10	71	1
10	56	1
10	124	1
10	7	1
10	74	1
10	70	1
10	44	1
10	71	1
10	91	1
10	91	1
10	91	1
10	53	1
10	82	1
10	127	1
10	128	1
10	68	1
10	91	1
10	88	1
10	56	1
10	92	2
11	0	9
11	0	1
11	3	1
11	3	1
11	5	1
11	5	1
11	107	1
11	6	3
11	9	3
11	53	1
11	17	1
11	116	1
11	11	1
11	11	1
11	108	1
11	73	1
11	91	1
11	14	62
11	46	1
11	47	1
11	73	1
11	18	9
11	98	2
11	82	1
11	126	1
11	53	1
11	53	2
11	97	1
11	117	1
11	53	2
11	19	3
11	43	1
11	75	1
11	21	1
11	22	1
11	130	1
11	81	1
11	40	3
11	30	1
11	30	5
11	31	1
11	31	1
11	4	1
11	4	1
11	61	1
11	120	1
11	131	1
11	35	6
11	38	4
11	39	1
11	94	1
11	7	1
11	7	1
11	70	1
11	21	1
11	21	1
11	134	1
11	91	3
11	97	1
11	127	1
11	2	1
11	74	1
11	136	1
11	91	1
11	91	1
11	57	1
11	124	1
12	0	3
12	1	17
12	67	1
12	137	1
12	4	2
12	51	1
12	77	1
12	6	1
12	6	1
12	64	1
12	41	1
12	9	1
12	9	2
12	49	1
12	11	1
12	11	1
12	13	1
12	86	1
12	46	1
12	46	1
12	99	1
12	15	1
12	97	1
12	18	20
12	98	2
12	16	210
12	48	1
12	82	1
12	49	1
12	17	1
12	98	1
12	43	1
12	51	1
12	20	1
12	70	1
12	26	1
12	23	2
12	139	1
12	139	1
12	28	1
12	40	7
12	64	1
12	29	5
12	141	1
12	30	1
12	142	1
12	119	1
12	32	1
12	1	1
12	125	1
12	35	9
12	38	1
12	60	1
12	58	1
12	64	1
12	64	1
12	75	1
12	44	2
12	44	1
12	15	1
12	98	1
12	116	1
12	50	1
12	145	1
12	64	1
12	8	1
12	50	1
12	20	1
12	81	1
13	146	1
13	1	1
13	61	1
13	5	2
13	6	1
13	68	1
13	41	1
13	52	1
13	10	1
13	13	2
13	71	1
13	47	1
13	46	1
13	99	1
13	73	3
13	18	48
13	16	159
13	85	1
13	126	1
13	49	1
13	49	1
13	147	1
13	148	1
13	63	1
13	21	1
13	55	1
13	149	1
13	24	1
13	26	1
13	26	1
13	87	1
13	102	1
13	82	1
13	29	1
13	30	1
13	33	1
13	108	1
13	11	1
13	35	1
13	121	1
13	35	3
13	151	1
13	31	1
13	42	1
13	133	1
13	133	1
13	44	1
13	71	1
13	91	1
13	82	1
13	3	1
13	77	1
13	8	1
13	34	1
13	91	1
13	154	1
13	102	1
13	56	1
14	0	2
14	3	1
14	5	10
14	4	1
14	67	1
14	64	1
14	7	1
14	7	1
14	52	1
14	88	1
14	49	1
14	10	1
14	64	1
14	88	1
14	15	1
14	14	4
14	46	1
14	115	1
14	99	1
14	73	1
14	15	2
14	18	4
14	98	3
14	126	1
14	126	1
14	60	1
14	99	1
14	63	1
14	17	1
14	147	1
14	20	1
14	20	1
14	20	1
14	20	1
14	104	3
14	22	2
14	23	5
14	24	1
14	24	1
14	27	1
14	40	15
14	93	1
14	82	1
14	29	1
14	29	1
14	30	1
14	127	11
14	120	1
14	121	1
14	92	1
14	38	4
14	69	1
14	74	1
14	70	1
14	70	1
14	117	1
14	63	1
14	99	1
14	150	1
14	99	1
14	147	1
14	83	1
14	160	1
14	101	1
14	62	1
14	43	1
14	93	1
15	0	1
15	71	1
15	3	1
15	4	1
15	41	1
15	6	1
15	49	1
15	54	1
15	11	2
15	13	1
15	13	1
15	71	1
15	125	1
15	47	1
15	46	1
15	15	1
15	99	1
15	18	1
15	63	1
15	18	1
15	48	1
15	48	2
15	126	1
15	150	1
15	100	1
15	60	1
15	50	1
15	53	1
15	125	1
15	60	1
15	18	11
15	44	2
15	17	1
15	70	1
15	55	1
15	26	1
15	23	1
15	24	1
15	23	7
15	40	13
15	40	5
15	30	1
15	122	1
15	33	1
15	143	1
15	110	1
15	166	1
15	131	1
15	92	1
15	39	1
15	106	1
15	40	1
15	40	1
15	7	1
15	43	1
15	60	1
15	99	1
15	53	1
15	53	1
15	3	1
15	77	1
15	159	1
15	41	1
15	62	1
15	70	1
15	93	1
15	78	1
15	119	1
15	168	1
16	1	1
16	127	1
16	137	1
16	4	1
16	64	1
16	6	1
16	7	1
16	52	1
16	49	1
16	53	1
16	10	1
16	11	1
16	13	2
16	90	1
16	103	1
16	97	1
16	47	1
16	97	1
16	15	1
16	97	1
16	16	185
16	82	1
16	90	1
16	82	1
16	161	2
16	100	1
16	50	1
16	155	1
16	53	1
16	18	5
16	98	2
16	163	2
16	88	1
16	20	1
16	70	1
16	55	1
16	21	1
16	75	1
16	26	1
16	87	1
16	26	1
16	78	1
16	78	1
16	100	1
16	30	1
16	31	1
16	33	1
16	108	1
16	131	1
16	169	1
16	36	1
16	38	3
16	106	1
16	56	1
16	101	1
16	112	1
16	98	1
16	53	1
16	61	1
16	7	4
16	52	1
16	54	1
16	54	1
16	109	1
16	102	1
16	56	2
16	124	1
17	0	1
17	125	10
17	1	1
17	64	1
17	32	1
17	171	1
17	101	1
17	74	1
17	9	3
17	49	1
17	10	1
17	12	1
17	54	1
17	13	1
17	125	1
17	14	59
17	46	1
17	15	1
17	46	1
17	16	233
17	16	24
17	15	1
17	48	1
17	126	1
17	82	1
17	50	1
17	53	1
17	98	1
17	19	1
17	20	1
17	20	2
17	80	1
17	76	1
17	23	1
17	23	2
17	64	1
17	93	1
17	40	2
17	56	1
17	173	1
17	100	1
17	29	1
17	51	1
17	51	1
17	122	2
17	66	1
17	174	1
17	106	3
17	106	1
17	20	1
17	133	1
17	134	1
17	85	1
17	50	1
17	1	2
17	101	1
17	7	2
17	50	1
17	54	1
17	93	1
17	93	1
18	0	3
18	0	2
18	3	1
18	137	1
18	5	1
18	88	1
18	6	2
18	41	1
18	52	1
18	17	1
18	54	1
18	54	1
18	54	2
18	13	1
18	14	37
18	46	1
18	46	1
18	99	1
18	46	2
18	115	1
18	98	1
18	48	1
18	85	1
18	82	1
18	50	1
18	49	1
18	49	1
18	98	1
18	163	1
18	19	2
18	70	1
18	104	3
18	23	2
18	26	1
18	26	1
18	102	1
18	59	1
18	30	1
18	61	1
18	31	1
18	122	2
18	175	1
18	145	1
18	120	1
18	36	1
18	176	1
18	177	1
18	105	1
18	39	1
18	93	1
18	7	1
18	68	1
18	70	1
18	133	1
18	21	1
18	144	1
18	144	1
18	86	1
18	82	1
18	161	1
18	2	1
18	171	1
18	77	1
18	41	1
18	52	1
18	75	1
18	55	1
18	173	1
18	58	1
18	178	1
18	92	1
19	0	5
19	1	1
19	2	1
19	3	1
19	5	1
19	4	1
19	77	1
19	52	1
19	49	1
19	54	1
19	108	1
19	51	1
19	71	1
19	47	1
19	47	1
19	99	1
19	82	1
19	82	1
19	49	1
19	99	1
19	18	9
19	44	1
19	19	4
19	109	1
19	43	1
19	21	1
19	179	1
19	23	2
19	26	1
19	27	1
19	118	1
19	40	1
19	126	1
19	29	14
19	30	1
19	131	1
19	164	1
19	12	1
19	11	1
19	121	2
19	122	3
19	35	1
19	39	1
19	181	1
19	39	2
19	94	1
19	30	1
19	7	1
19	68	1
19	112	1
19	182	1
19	134	1
19	89	1
19	97	1
19	82	1
19	100	1
19	71	1
19	2	1
19	159	1
19	8	2
19	68	2
19	62	1
19	15	1
19	43	1
19	94	1
19	102	1
19	78	1
20	0	1
20	1	1
20	64	1
20	4	1
20	41	1
20	101	1
20	68	1
20	9	16
20	10	1
20	10	2
20	51	1
20	54	1
20	97	1
20	47	1
20	115	1
20	46	1
20	48	1
20	82	1
20	64	1
20	99	1
20	18	5
20	44	3
20	17	1
20	19	2
20	80	1
20	19	1
20	109	1
20	172	1
20	22	1
20	24	1
20	24	1
20	27	1
20	167	1
20	40	9
20	40	2
20	50	1
20	126	1
20	30	1
20	31	1
20	33	1
20	33	1
20	12	1
20	103	1
20	36	1
20	105	1
20	106	2
20	39	1
20	101	1
20	64	1
20	71	1
20	134	1
20	126	1
20	126	1
20	71	1
20	138	1
20	101	1
20	34	2
20	15	1
20	36	1
21	0	3
21	1	2
21	1	1
21	5	4
21	143	1
21	7	1
21	9	1
21	10	1
21	10	12
21	114	1
21	54	1
21	13	1
21	14	25
21	97	1
21	97	1
21	86	1
21	16	256
21	48	1
21	19	1
21	70	1
21	70	1
21	21	1
21	22	1
21	23	1
21	26	1
21	87	1
21	27	1
21	57	1
21	29	18
21	31	1
21	30	1
21	120	5
21	120	2
21	122	3
21	35	1
21	38	6
21	43	1
21	133	1
21	112	1
21	45	3
21	113	1
21	98	1
21	46	2
21	46	1
21	126	1
21	71	1
21	4	1
21	32	1
21	53	1
21	61	1
21	173	1
21	56	1
21	177	1
22	0	1
22	1	6
22	5	1
22	6	1
22	74	1
22	53	1
22	11	1
22	11	1
22	13	2
22	14	26
22	46	1
22	97	1
22	48	1
22	162	1
22	163	1
22	19	3
22	19	1
22	19	1
22	75	1
22	26	1
22	93	1
22	57	1
22	30	1
22	30	1
22	31	1
22	77	2
22	11	2
22	92	1
22	185	1
22	39	2
22	69	1
22	69	1
22	72	1
22	46	1
22	96	1
22	159	1
22	49	1
22	75	1
22	93	1
22	36	1
23	1	11
23	5	1
23	41	4
23	9	4
23	10	2
23	34	1
23	13	2
23	13	1
23	13	6
23	16	244
23	99	1
23	18	3
23	18	8
23	70	1
23	26	4
23	93	1
23	29	1
23	29	3
23	30	1
23	92	1
23	38	2
23	70	1
23	18	4
23	41	1
23	30	1
0	186	2
0	188	1
0	189	1
0	191	1
0	193	1
0	194	2
0	195	1
0	196	1
0	195	1
0	198	1
0	199	1
0	201	1
0	203	1
0	205	1
0	206	1
0	208	1
0	209	1
0	211	1
0	213	1
0	215	1
0	217	1
0	219	1
0	221	1
0	223	9
0	224	1
0	225	1
0	215	1
0	228	1
0	230	1
0	232	1
0	209	3
1	187	2
1	188	5
1	189	1
1	193	1
1	231	1
1	186	2
1	197	3
1	195	1
1	198	2
1	193	1
1	201	1
1	202	1
1	206	1
1	236	1
1	225	1
1	227	1
1	227	1
1	231	1
1	219	3
1	212	1
1	201	2
1	240	1
1	187	4
1	241	1
1	242	1
1	243	1
1	218	7
2	220	1
2	187	2
2	192	1
2	244	1
2	231	1
2	195	1
2	220	1
2	198	1
2	203	1
2	208	2
2	209	1
2	233	1
2	227	1
2	214	1
2	219	1
2	212	1
2	198	1
2	220	1
2	214	1
2	209	1
2	216	1
3	188	1
3	191	1
3	194	1
3	195	4
3	186	5
3	248	1
3	198	7
3	202	1
3	212	1
3	194	5
3	233	1
3	225	1
3	189	1
3	250	1
3	251	1
3	209	2
4	187	2
4	192	3
4	193	1
4	195	1
4	220	1
4	200	1
4	201	2
4	202	1
4	210	1
4	188	1
4	218	1
4	253	1
4	201	1
4	198	2
4	187	3
4	187	2
4	227	1
4	254	1
4	249	1
4	209	1
5	186	1
5	187	13
5	187	1
5	192	1
5	194	1
5	247	1
5	197	1
5	195	1
5	248	1
5	193	1
5	193	1
5	256	1
5	258	1
5	259	1
5	261	1
5	232	1
5	206	1
5	262	1
5	206	1
5	263	1
5	226	1
5	241	1
5	247	1
5	251	1
5	210	22
6	186	1
6	187	1
6	191	1
6	193	1
6	194	1
6	232	1
6	267	1
6	231	1
6	247	1
6	196	1
6	200	1
6	197	1
6	248	1
6	198	2
6	193	1
6	270	1
6	243	1
6	211	1
6	188	1
6	272	1
6	274	1
6	219	1
6	260	1
6	190	1
6	247	1
6	270	1
6	277	1
6	233	1
6	278	1
6	251	1
6	279	1
7	196	1
7	226	1
7	280	1
7	240	1
7	231	1
7	195	5
7	195	1
7	197	4
7	195	1
7	200	1
7	225	1
7	201	2
7	202	1
7	208	1
7	210	1
7	210	1
7	273	1
7	283	1
7	210	4
7	187	1
7	192	1
7	240	1
7	210	1
7	218	1
8	186	3
8	220	1
8	285	1
8	287	1
8	227	1
8	237	1
8	232	1
8	249	1
8	194	3
8	230	1
8	268	1
8	197	9
8	247	1
8	288	1
8	196	1
8	202	2
8	265	1
8	206	1
8	208	5
8	289	1
8	290	1
8	291	1
8	196	1
8	187	1
8	257	1
8	275	1
8	212	1
8	204	1
8	262	1
8	288	1
8	227	1
8	204	1
9	268	1
9	277	1
9	237	1
9	192	1
9	250	1
9	193	5
9	194	3
9	231	1
9	233	1
9	195	9
9	196	1
9	248	1
9	225	1
9	240	1
9	200	1
9	201	8
9	293	1
9	202	7
9	233	1
9	295	1
9	208	1
9	208	1
9	257	1
9	279	1
9	259	1
9	257	1
9	218	9
9	298	1
9	223	6
9	270	1
9	200	1
9	248	1
9	268	1
9	215	1
9	215	1
9	299	1
9	265	1
9	247	1
9	204	1
9	209	2
10	186	13
10	186	1
10	186	1
10	196	1
10	269	1
10	266	1
10	287	1
10	237	1
10	237	2
10	232	1
10	192	2
10	190	1
10	233	1
10	191	1
10	270	1
10	284	1
10	232	1
10	233	2
10	264	1
10	196	1
10	196	1
10	197	4
10	306	1
10	262	1
10	247	1
10	251	3
10	198	5
10	240	1
10	307	1
10	201	3
10	203	1
10	256	1
10	203	1
10	203	1
10	235	1
10	310	1
10	236	1
10	233	1
10	312	1
10	290	1
10	232	1
10	233	1
10	210	1
10	211	1
10	267	1
10	230	1
10	272	1
10	274	1
10	314	1
10	315	1
10	233	1
10	275	1
10	316	1
10	317	1
10	250	1
10	239	1
10	319	1
10	251	1
10	320	1
10	292	1
10	233	1
10	272	1
10	203	1
10	203	1
10	238	2
11	220	1
11	220	1
11	305	1
11	269	1
11	187	1
11	187	5
11	187	1
11	286	1
11	188	1
11	237	1
11	237	1
11	250	1
11	191	1
11	190	1
11	234	1
11	191	1
11	193	1
11	193	3
11	193	1
11	231	1
11	323	1
11	230	1
11	264	1
11	305	1
11	197	5
11	200	1
11	248	1
11	264	1
11	201	7
11	282	2
11	225	1
11	199	1
11	306	1
11	202	4
11	233	1
11	265	1
11	233	1
11	308	1
11	233	1
11	312	1
11	290	1
11	243	1
11	212	1
11	210	2
11	257	1
11	257	1
11	317	1
11	189	1
11	281	1
11	233	1
11	215	1
11	326	1
11	327	1
11	283	1
11	219	9
11	275	1
11	233	1
11	204	2
11	223	1
11	264	1
11	288	1
11	306	1
11	320	1
11	233	1
11	331	1
11	304	1
11	233	1
11	262	3
11	204	1
11	242	1
11	289	1
12	220	1
12	268	2
12	196	1
12	187	7
12	187	2
12	232	1
12	237	1
12	237	1
12	190	1
12	303	1
12	190	1
12	244	1
12	250	1
12	230	1
12	257	1
12	214	1
12	230	1
12	264	1
12	247	1
12	305	1
12	269	3
12	200	1
12	200	2
12	262	1
12	251	1
12	282	1
12	251	1
12	225	1
12	249	1
12	240	1
12	240	1
12	240	1
12	224	1
12	249	1
12	202	2
12	203	1
12	206	1
12	205	1
12	265	2
12	206	2
12	297	1
12	332	1
12	324	1
12	309	1
12	209	3
12	221	1
12	209	1
12	199	1
12	211	1
12	333	1
12	265	1
12	273	2
12	272	1
12	325	1
12	335	2
12	337	1
12	273	1
12	217	1
12	218	5
12	219	7
12	238	1
12	333	1
12	250	3
12	222	1
12	269	1
12	239	2
12	293	1
12	341	1
12	287	1
12	215	1
12	292	1
12	265	1
12	191	1
12	229	1
12	221	1
12	317	1
12	344	1
13	186	58
13	220	2
13	196	1
13	277	1
13	257	1
13	233	1
13	302	1
13	232	1
13	215	1
13	227	1
13	233	1
13	237	1
13	189	1
13	228	1
13	265	1
13	241	1
13	303	1
13	193	1
13	193	5
13	193	2
13	193	4
13	231	1
13	261	1
13	195	2
13	195	5
13	277	1
13	269	1
13	269	2
13	197	21
13	200	1
13	262	1
13	248	1
13	201	6
13	198	21
13	225	1
13	199	1
13	199	1
13	193	4
13	249	1
13	341	2
13	282	2
13	202	1
13	318	1
13	204	1
13	318	1
13	295	1
13	324	1
13	310	1
13	332	1
13	289	1
13	289	1
13	212	2
13	210	1
13	211	1
13	317	1
13	273	1
13	347	1
13	273	4
13	336	1
13	348	1
13	315	1
13	349	1
13	328	1
13	318	1
13	351	1
13	223	4
13	278	1
13	306	1
13	237	1
13	190	1
13	229	1
13	304	1
13	278	1
13	258	1
13	258	1
13	316	1
13	353	1
14	186	39
14	186	1
14	268	1
14	268	1
14	187	6
14	215	1
14	215	1
14	263	1
14	232	1
14	192	1
14	304	1
14	244	1
14	190	1
14	240	1
14	231	1
14	214	1
14	231	1
14	267	1
14	232	1
14	247	1
14	264	1
14	268	2
14	200	2
14	306	1
14	262	1
14	306	1
14	282	1
14	198	27
14	264	1
14	225	2
14	288	1
14	249	1
14	305	1
14	249	1
14	282	1
14	270	1
14	206	1
14	318	1
14	203	1
14	204	1
14	205	2
14	204	1
14	355	1
14	208	1
14	236	3
14	236	1
14	312	1
14	297	1
14	316	1
14	209	2
14	209	1
14	249	1
14	210	8
14	212	1
14	291	1
14	211	1
14	237	1
14	272	2
14	263	1
14	338	1
14	273	1
14	344	1
14	217	1
14	246	2
14	298	1
14	246	1
14	268	1
14	211	2
14	203	1
14	223	6
14	319	1
14	358	1
14	288	1
14	320	1
14	330	1
14	268	1
14	263	1
14	302	1
14	232	1
14	299	1
14	229	1
14	221	1
14	359	1
15	277	1
15	268	1
15	196	1
15	268	2
15	268	1
15	187	4
15	187	2
15	234	1
15	237	1
15	234	1
15	192	1
15	192	1
15	233	1
15	192	5
15	304	1
15	229	1
15	194	2
15	231	1
15	234	1
15	234	1
15	195	4
15	195	1
15	306	1
15	200	2
15	306	1
15	248	1
15	201	1
15	325	1
15	225	1
15	325	1
15	199	1
15	248	1
15	305	1
15	249	1
15	224	1
15	204	1
15	202	4
15	205	1
15	232	1
15	265	1
15	296	1
15	295	8
15	296	2
15	208	4
15	208	1
15	324	1
15	207	1
15	324	1
15	258	1
15	361	1
15	209	17
15	209	1
15	199	1
15	212	1
15	212	1
15	211	1
15	260	1
15	317	1
15	347	1
15	214	1
15	233	1
15	344	1
15	327	1
15	362	1
15	219	4
15	228	1
15	299	1
15	304	1
15	206	1
15	223	1
15	251	2
15	284	1
15	363	1
15	215	1
15	292	1
15	229	1
15	267	1
15	267	1
15	289	1
15	364	1
16	220	1
16	268	1
16	196	1
16	196	1
16	187	1
16	187	1
16	259	1
16	233	1
16	237	2
16	227	1
16	189	1
16	229	1
16	232	1
16	229	1
16	193	2
16	240	1
16	194	7
16	281	1
16	300	1
16	300	1
16	195	1
16	247	1
16	247	1
16	269	1
16	200	1
16	306	1
16	248	1
16	282	1
16	198	31
16	264	1
16	225	1
16	288	1
16	354	1
16	320	1
16	282	1
16	224	1
16	282	1
16	203	2
16	203	7
16	318	1
16	206	1
16	324	1
16	208	1
16	332	1
16	332	1
16	316	1
16	288	1
16	301	1
16	212	1
16	212	1
16	279	1
16	232	1
16	189	1
16	261	1
16	272	1
16	366	1
16	359	1
16	327	1
16	219	2
16	209	2
16	204	1
16	239	1
16	319	1
16	369	1
16	269	1
16	288	1
16	330	1
16	286	1
16	331	1
16	250	1
16	272	1
16	308	1
16	256	1
16	209	8
16	243	1
16	289	1
16	243	1
16	217	1
17	186	36
17	277	1
17	305	1
17	196	1
17	196	1
17	226	1
17	188	2
17	259	1
17	232	1
17	190	1
17	233	1
17	191	2
17	190	1
17	228	1
17	240	1
17	194	2
17	194	1
17	230	1
17	195	5
17	247	1
17	251	1
17	269	1
17	197	18
17	306	1
17	248	1
17	278	1
17	201	1
17	198	26
17	325	1
17	199	1
17	249	1
17	370	1
17	270	1
17	282	2
17	224	1
17	224	1
17	202	9
17	318	1
17	203	1
17	203	1
17	259	1
17	256	1
17	236	1
17	208	3
17	311	1
17	297	1
17	312	1
17	258	1
17	265	1
17	371	1
17	211	1
17	212	1
17	271	1
17	272	1
17	335	3
17	313	1
17	373	1
17	327	1
17	275	1
17	362	1
17	209	1
17	212	2
17	206	1
17	276	1
17	350	1
17	329	1
17	264	1
17	270	1
17	320	1
17	305	1
17	226	1
17	189	1
17	280	1
17	254	1
17	284	1
17	242	1
17	290	1
17	359	1
18	186	32
18	220	1
18	186	1
18	186	6
18	268	1
18	269	1
18	233	1
18	215	1
18	226	1
18	237	1
18	189	1
18	237	1
18	227	1
18	192	1
18	303	1
18	191	1
18	191	1
18	228	1
18	194	2
18	214	1
18	230	1
18	195	1
18	278	1
18	197	27
18	247	1
18	341	1
18	306	1
18	325	1
18	225	1
18	325	1
18	306	1
18	240	1
18	201	11
18	282	1
18	282	1
18	206	1
18	203	1
18	203	1
18	265	1
18	206	1
18	295	5
18	208	2
18	310	1
18	312	1
18	311	1
18	297	1
18	340	1
18	243	1
18	371	1
18	212	1
18	279	1
18	212	1
18	301	1
18	267	1
18	214	1
18	199	1
18	336	1
18	218	1
18	275	1
18	298	1
18	362	1
18	232	1
18	223	2
18	358	1
18	224	1
18	264	1
18	200	1
18	363	1
18	287	1
18	347	1
18	292	1
18	229	1
18	230	1
18	300	1
18	343	1
18	242	1
18	199	1
19	277	2
19	268	1
19	277	1
19	196	2
19	226	1
19	322	1
19	232	1
19	237	1
19	237	1
19	233	1
19	292	1
19	292	1
19	190	1
19	244	1
19	303	1
19	284	1
19	194	5
19	214	1
19	233	1
19	261	1
19	379	1
19	268	1
19	197	25
19	306	1
19	247	1
19	330	1
19	198	21
19	225	1
19	249	1
19	270	1
19	365	2
19	240	1
19	240	1
19	204	1
19	233	1
19	318	1
19	308	1
19	205	1
19	295	1
19	236	1
19	236	1
19	297	1
19	297	1
19	258	1
19	242	1
19	233	1
19	238	1
19	243	1
19	320	1
19	211	1
19	211	1
19	260	2
19	301	1
19	227	1
19	215	1
19	274	1
19	218	2
19	283	1
19	275	1
19	316	1
19	222	1
19	233	1
19	319	1
19	278	1
19	240	1
19	200	1
19	213	1
19	254	1
19	190	1
19	304	1
19	303	1
19	264	1
19	276	1
19	316	5
19	216	1
19	327	1
19	349	1
19	216	1
20	277	1
20	268	2
20	305	1
20	187	1
20	226	2
20	233	1
20	280	1
20	189	1
20	227	1
20	213	1
20	303	1
20	228	1
20	259	1
20	229	1
20	193	3
20	240	1
20	231	1
20	214	2
20	230	2
20	247	1
20	277	1
20	269	1
20	200	1
20	305	1
20	199	1
20	306	1
20	269	1
20	282	1
20	223	6
20	249	1
20	204	1
20	202	11
20	318	1
20	206	1
20	204	1
20	256	1
20	310	1
20	208	14
20	309	1
20	309	1
20	312	1
20	258	1
20	265	1
20	320	1
20	325	2
20	257	1
20	211	1
20	265	1
20	260	1
20	381	1
20	234	1
20	287	1
20	337	1
20	218	2
20	275	1
20	275	1
20	303	1
20	254	1
20	351	1
20	239	1
20	358	1
20	247	1
20	199	1
20	305	2
20	331	1
20	247	1
20	234	1
20	289	1
20	316	1
20	221	1
21	186	34
21	220	1
21	220	1
21	277	1
21	196	1
21	188	10
21	237	1
21	237	1
21	228	1
21	190	1
21	259	2
21	240	1
21	214	1
21	231	1
21	230	1
21	247	1
21	197	20
21	248	1
21	269	1
21	225	2
21	199	1
21	269	1
21	201	2
21	203	1
21	318	1
21	203	1
21	318	1
21	203	1
21	203	1
21	382	1
21	208	1
21	208	3
21	311	1
21	325	1
21	212	1
21	210	1
21	210	2
21	269	1
21	237	1
21	272	1
21	234	1
21	216	1
21	283	1
21	219	7
21	209	1
21	203	1
21	203	1
21	383	1
21	223	1
21	264	1
21	199	1
21	269	1
21	334	1
21	213	1
21	190	3
21	241	1
21	257	1
21	272	1
21	264	1
21	333	1
21	217	1
22	186	26
22	268	1
22	196	1
22	196	1
22	269	1
22	269	1
22	187	8
22	237	1
22	237	1
22	257	1
22	192	4
22	193	1
22	194	10
22	214	1
22	247	1
22	269	1
22	197	2
22	247	1
22	325	1
22	240	1
22	350	1
22	202	1
22	308	1
22	256	1
22	206	1
22	236	1
22	311	1
22	297	1
22	209	1
22	211	1
22	381	1
22	227	1
22	187	1
22	381	1
22	219	6
22	283	1
22	209	1
22	211	1
22	192	6
22	304	1
22	204	1
22	351	1
22	199	1
22	200	2
22	334	1
22	237	1
22	237	1
22	304	1
22	229	1
22	231	1
22	264	1
22	204	1
22	258	1
23	186	19
23	220	1
23	188	1
23	192	1
23	191	1
23	194	9
23	233	1
23	230	1
23	220	1
23	277	1
23	200	1
23	225	1
23	200	1
23	201	1
23	202	1
23	204	1
23	236	1
23	236	1
23	209	7
23	211	1
23	231	1
23	273	1
23	219	5
23	277	1
23	247	3
23	199	1
23	234	2
23	229	1
23	232	1
23	321	1
23	243	1
23	344	1
0	385	1
0	386	1
0	388	2
0	389	2
0	390	1
0	391	1
0	393	27
0	394	1
0	396	1
0	397	1
0	399	1
0	401	1
0	402	1
0	404	2
0	406	1
0	408	1
0	410	2
0	402	1
0	413	1
0	415	3
0	417	1
0	419	1
0	410	4
0	421	1
0	423	1
0	425	1
1	385	9
1	387	4
1	426	1
1	389	6
1	390	1
1	405	1
1	392	1
1	393	23
1	428	1
1	396	1
1	429	1
1	430	1
1	407	1
1	400	1
1	432	1
1	386	1
1	433	1
1	407	3
2	385	4
2	387	1
2	387	1
2	388	2
2	390	1
2	393	18
2	392	1
2	435	40
2	400	3
2	437	1
2	438	1
2	418	1
2	439	1
2	410	2
2	388	1
2	412	1
2	415	1
2	440	1
2	442	1
2	427	1
3	384	1
3	417	1
3	387	7
3	389	4
3	405	1
3	393	12
3	395	11
3	396	1
3	410	1
3	400	1
3	445	1
3	437	1
3	406	1
3	446	1
3	415	2
3	389	1
3	418	1
4	385	1
4	434	1
4	388	1
4	389	5
4	390	1
4	392	3
4	395	13
4	396	1
4	411	1
4	410	11
4	430	1
4	420	1
4	448	1
4	396	1
4	415	1
4	440	1
4	442	3
4	402	1
5	385	1
5	403	6
5	402	1
5	452	1
5	392	1
5	392	1
5	454	1
5	395	1
5	384	1
5	398	3
5	444	1
5	458	1
5	384	2
5	385	6
5	418	1
5	400	1
5	459	1
5	432	1
5	451	1
5	454	1
5	454	1
5	450	1
5	451	2
6	385	1
6	387	1
6	387	3
6	388	1
6	389	1
6	402	1
6	392	1
6	393	14
6	393	1
6	392	3
6	451	1
6	450	1
6	464	1
6	461	1
6	437	1
6	408	1
6	410	3
6	466	1
6	396	2
6	396	6
6	467	1
6	451	1
6	451	1
6	415	1
6	455	1
6	461	1
6	468	1
6	451	1
6	445	1
7	446	1
7	385	5
7	387	2
7	387	5
7	437	1
7	388	3
7	427	1
7	443	1
7	450	1
7	403	1
7	393	21
7	454	1
7	451	1
7	450	1
7	398	1
7	396	1
7	471	1
7	400	1
7	405	1
7	407	1
7	410	2
7	459	1
7	396	2
7	412	1
7	451	1
7	472	1
7	426	1
7	452	1
7	410	1
7	410	1
7	424	1
8	384	1
8	385	2
8	385	2
8	437	1
8	387	1
8	436	1
8	388	5
8	390	1
8	434	1
8	392	1
8	393	109
8	454	1
8	451	1
8	450	1
8	398	1
8	397	1
8	435	3
8	435	2
8	474	1
8	402	1
8	400	1
8	402	1
8	400	2
8	429	1
8	476	1
8	418	1
8	407	3
8	424	1
8	420	1
8	400	1
8	388	1
8	388	5
8	479	1
8	412	6
8	450	1
8	440	1
8	450	1
8	480	1
8	388	1
8	481	1
8	391	1
8	460	4
8	434	1
8	407	1
9	385	2
9	385	6
9	385	2
9	482	1
9	437	1
9	426	2
9	477	1
9	427	1
9	461	1
9	405	1
9	414	1
9	393	84
9	454	1
9	460	1
9	395	43
9	455	1
9	440	1
9	415	1
9	396	2
9	398	1
9	484	1
9	435	1
9	435	2
9	485	1
9	410	6
9	486	1
9	434	1
9	434	1
9	437	1
9	455	1
9	406	1
9	425	1
9	408	1
9	409	19
9	411	1
9	434	1
9	477	1
9	432	2
9	460	1
9	414	1
9	416	1
9	455	1
9	491	2
9	491	1
9	416	1
9	429	1
10	385	2
10	492	1
10	437	1
10	493	1
10	434	1
10	434	1
10	389	4
10	450	1
10	461	1
10	390	3
10	405	1
10	405	1
10	438	1
10	451	1
10	393	104
10	454	1
10	460	2
10	453	1
10	451	1
10	440	1
10	455	1
10	455	1
10	440	1
10	446	1
10	396	1
10	398	1
10	434	1
10	470	1
10	444	1
10	444	1
10	434	1
10	496	1
10	485	1
10	410	3
10	401	2
10	400	1
10	400	1
10	426	1
10	476	1
10	442	1
10	407	2
10	409	9
10	410	3
10	466	1
10	478	1
10	456	1
10	412	4
10	500	1
10	491	1
10	501	1
10	452	1
10	428	1
10	443	1
10	420	1
11	384	4
11	483	1
11	417	1
11	387	7
11	433	1
11	389	1
11	389	1
11	390	3
11	434	1
11	476	1
11	405	1
11	393	78
11	454	1
11	440	1
11	453	1
11	462	1
11	460	2
11	415	15
11	499	1
11	395	41
11	490	1
11	502	1
11	499	3
11	396	4
11	403	1
11	435	1
11	458	1
11	447	1
11	503	1
11	401	1
11	400	1
11	387	1
11	437	1
11	482	1
11	391	1
11	438	1
11	497	1
11	409	2
11	411	1
11	506	1
11	480	1
11	398	1
11	492	1
11	412	4
11	460	1
11	460	1
11	460	1
11	490	1
11	502	1
11	416	1
11	437	1
11	471	1
11	420	1
12	384	5
12	385	1
12	387	3
12	437	1
12	403	2
12	427	1
12	429	1
12	389	1
12	389	2
12	389	10
12	390	1
12	405	1
12	391	1
12	428	1
12	393	56
12	454	2
12	440	1
12	462	1
12	462	1
12	414	1
12	460	2
12	499	3
12	463	1
12	491	1
12	394	1
12	484	1
12	435	2
12	429	1
12	508	1
12	410	6
12	491	1
12	401	1
12	403	1
12	509	1
12	426	1
12	497	4
12	424	1
12	477	1
12	398	1
12	483	1
12	412	1
12	499	2
12	463	1
12	501	1
12	416	1
12	483	1
12	512	1
12	513	1
12	398	1
12	448	1
13	384	1
13	428	1
13	515	1
13	434	1
13	388	4
13	389	8
13	452	1
13	390	13
13	391	1
13	405	1
13	392	2
13	392	1
13	428	1
13	393	24
13	454	1
13	454	1
13	460	1
13	460	1
13	415	14
13	499	1
13	395	40
13	460	1
13	490	2
13	509	1
13	416	1
13	502	1
13	402	1
13	464	1
13	518	1
13	435	1
13	444	1
13	472	1
13	416	1
13	400	1
13	468	1
13	405	1
13	497	1
13	436	1
13	487	1
13	403	1
13	434	1
13	504	1
13	477	1
13	433	2
13	478	1
13	509	1
13	499	1
13	462	1
13	499	1
13	509	1
13	434	1
13	476	1
13	436	1
13	407	2
14	428	1
14	509	1
14	385	2
14	437	1
14	387	1
14	387	1
14	433	1
14	461	1
14	405	1
14	403	1
14	392	1
14	509	1
14	454	1
14	454	4
14	440	1
14	460	1
14	451	1
14	446	1
14	499	1
14	455	1
14	472	1
14	451	1
14	491	1
14	490	1
14	523	1
14	461	1
14	461	2
14	396	3
14	396	1
14	434	1
14	444	1
14	485	1
14	403	1
14	411	1
14	387	3
14	492	1
14	438	1
14	403	1
14	525	1
14	526	1
14	514	1
14	398	1
14	412	8
14	509	1
14	462	1
14	490	1
14	450	9
14	403	1
14	477	1
14	450	1
14	456	1
15	385	3
15	385	1
15	387	1
15	388	2
15	436	1
15	390	7
15	391	1
15	392	3
15	463	1
15	483	1
15	454	1
15	454	1
15	451	1
15	394	1
15	415	2
15	395	47
15	455	1
15	460	1
15	472	1
15	450	1
15	523	1
15	517	1
15	522	1
15	396	1
15	396	6
15	495	1
15	444	1
15	435	1
15	410	1
15	461	1
15	491	1
15	400	1
15	445	1
15	404	4
15	468	1
15	482	1
15	497	6
15	530	1
15	531	1
15	487	1
15	410	2
15	477	1
15	446	1
15	517	1
15	412	1
15	462	1
15	461	1
15	450	1
15	489	1
15	459	1
15	420	1
15	514	1
16	428	1
16	385	1
16	533	1
16	387	2
16	437	1
16	493	1
16	402	1
16	388	2
16	390	1
16	476	1
16	392	1
16	414	1
16	393	101
16	454	1
16	414	1
16	451	2
16	499	1
16	414	1
16	455	1
16	472	1
16	501	1
16	491	1
16	483	1
16	415	1
16	415	9
16	500	1
16	398	1
16	444	1
16	457	1
16	508	1
16	447	1
16	506	1
16	430	1
16	505	1
16	476	1
16	497	4
16	534	1
16	408	1
16	430	1
16	480	1
16	402	1
16	477	1
16	477	1
16	398	2
16	456	1
16	412	1
16	500	1
16	500	1
16	494	1
16	450	1
16	533	1
16	426	1
17	428	1
17	385	1
17	385	2
17	385	2
17	387	1
17	482	1
17	437	1
17	431	1
17	477	1
17	389	1
17	452	1
17	390	1
17	390	1
17	476	1
17	414	1
17	393	96
17	440	1
17	454	1
17	394	1
17	500	1
17	491	1
17	455	1
17	491	2
17	523	1
17	415	1
17	500	1
17	412	5
17	396	4
17	398	1
17	485	1
17	420	1
17	400	1
17	434	1
17	430	1
17	482	1
17	468	2
17	535	3
17	385	5
17	536	1
17	519	1
17	407	2
17	439	1
17	447	1
17	410	6
17	466	3
17	489	1
17	478	1
17	464	1
17	429	1
17	412	6
17	511	1
17	412	6
17	413	1
17	451	1
17	416	1
17	538	1
17	429	1
17	391	1
17	407	2
18	384	5
18	384	1
18	539	1
18	437	1
18	387	4
18	388	4
18	443	1
18	403	1
18	389	1
18	390	2
18	405	2
18	402	1
18	540	1
18	440	1
18	394	1
18	440	2
18	440	1
18	455	1
18	490	1
18	461	1
18	440	1
18	415	3
18	415	1
18	398	1
18	456	1
18	456	1
18	473	1
18	435	1
18	465	2
18	447	1
18	494	1
18	448	1
18	400	1
18	448	1
18	519	1
18	442	1
18	403	1
18	407	5
18	408	1
18	486	1
18	514	1
18	478	1
18	532	1
18	456	1
18	412	1
18	511	1
18	412	11
18	415	5
18	490	1
18	450	1
18	483	1
18	426	1
18	506	1
18	471	1
18	501	1
19	384	1
19	509	1
19	386	1
19	387	1
19	387	7
19	426	1
19	427	1
19	452	1
19	405	1
19	544	1
19	483	1
19	393	84
19	454	1
19	451	1
19	440	1
19	395	62
19	472	1
19	491	1
19	415	1
19	456	1
19	398	1
19	464	1
19	545	1
19	435	2
19	498	1
19	401	1
19	402	1
19	404	3
19	546	1
19	547	1
19	438	2
19	476	1
19	512	1
19	548	1
19	549	1
19	407	3
19	407	1
19	409	24
19	498	1
19	466	1
19	532	1
19	532	1
19	478	1
19	550	1
19	403	1
19	543	1
19	453	6
19	452	1
19	440	1
19	416	1
19	441	1
19	513	1
19	427	1
19	391	1
19	410	1
19	445	1
19	542	1
19	425	1
20	384	1
20	529	1
20	387	5
20	437	1
20	389	1
20	390	3
20	390	2
20	392	3
20	428	2
20	393	75
20	502	1
20	440	1
20	461	1
20	415	1
20	402	1
20	398	1
20	436	1
20	435	2
20	444	1
20	466	1
20	402	1
20	400	1
20	430	1
20	437	1
20	437	1
20	438	1
20	525	1
20	530	1
20	409	1
20	489	1
20	513	1
20	398	1
20	479	1
20	412	13
20	502	1
20	455	1
20	437	1
20	419	1
20	416	1
20	456	1
20	471	1
20	424	1
20	407	3
21	385	10
21	429	1
21	387	4
21	426	1
21	489	1
21	389	3
21	390	2
21	392	2
21	393	66
21	428	1
21	491	1
21	461	1
21	396	4
21	456	2
21	545	1
21	444	1
21	421	1
21	430	1
21	405	1
21	541	1
21	519	1
21	409	1
21	400	1
21	402	1
21	400	1
21	477	1
21	428	1
21	412	1
21	432	2
21	415	1
21	502	1
21	455	2
21	418	1
21	443	1
21	542	1
22	384	5
22	384	1
22	385	1
22	437	1
22	482	1
22	389	12
22	452	1
22	391	1
22	393	45
22	440	1
22	455	1
22	398	1
22	435	1
22	435	2
22	401	3
22	400	1
22	468	1
22	418	1
22	525	1
22	410	1
22	400	1
22	398	1
22	412	4
22	412	1
22	436	1
22	415	3
22	455	1
22	441	1
22	426	1
22	436	1
22	448	1
23	385	2
23	387	1
23	426	1
23	443	1
23	390	1
23	392	1
23	483	1
23	393	8
23	395	17
23	396	4
23	435	2
23	401	1
23	448	1
23	404	2
23	437	1
23	391	1
23	541	1
23	404	1
23	404	1
23	420	1
23	513	1
23	396	1
23	437	1
23	464	1
