shapeid,Lat,Lon
0,1.5380958,42.5072958
0,1.5379936,42.5076888
0,1.5383445,42.5077383
0,1.5384467,42.5073453
0,1.5380958,42.5072958
1,1.5224977,42.505488
1,1.522429,42.5054868
1,1.5223617,42.5054764
1,1.5222981,42.5054571
1,1.5222404,42.5054294
1,1.5221906,42.5053945
1,1.5221504,42.5053533
1,1.5221211,42.5053074
1,1.5221037,42.5052584
1,1.5220989,42.5052078
1,1.5221067,42.5051574
1,1.522127,42.505109
1,1.522159,42.5050641
1,1.5222016,42.5050243
1,1.5222535,42.504991
1,1.5223127,42.5049652
1,1.5223774,42.5049479
1,1.5224453,42.5049397
1,1.5225141,42.5049408
1,1.5225814,42.5049512
1,1.522645,42.5049706
1,1.5227026,42.5049982
1,1.5227524,42.5050332
1,1.5227927,42.5050743
1,1.522822,42.5051202
1,1.5228393,42.5051693
1,1.5228442,42.5052199
1,1.5228363,42.5052703
1,1.5228161,42.5053187
1,1.5227841,42.5053636
1,1.5227414,42.5054034
1,1.5226896,42.5054367
1,1.5226303,42.5054625
1,1.5225656,42.5054797
1,1.5224977,42.505488
2,1.5341619,42.5099435
2,1.5344489,42.5099218
2,1.534571,42.5099218
2,1.5347064,42.5099277
2,1.5346863,42.5101343
2,1.5346125,42.5101294
2,1.5347855,42.5101996
2,1.5349304,42.5103815
2,1.5349344,42.5102994
2,1.535145,42.5103103
2,1.5351168,42.5105397
2,1.5349505,42.5106662
2,1.5345535,42.5103795
2,1.5341806,42.5100866
2,1.5341096,42.5100404
2,1.5340962,42.5100206
2,1.5340989,42.5099969
2,1.5341123,42.5099712
2,1.5341619,42.5099435
3,1.5306574,42.5103442
3,1.5308454,42.5103668
3,1.5308567,42.5103158
3,1.5306687,42.5102932
3,1.5306574,42.5103442
4,1.5215706,42.5073074
4,1.5218245,42.5073271
4,1.5218539,42.5070923
4,1.5217446,42.5070857
4,1.5217376,42.5070557
4,1.5217058,42.5070323
4,1.5216616,42.5070336
4,1.5216263,42.5070505
4,1.521621,42.5070766
4,1.5216018,42.5070765
4,1.5215706,42.5073074
5,1.5293594,42.5093556
5,1.529535,42.5092115
5,1.5295498,42.5091994
5,1.5299453,42.5094304
5,1.5302297,42.5095068
5,1.5303558,42.5095266
5,1.5305941,42.5095491
5,1.5306586,42.5095375
5,1.5306573,42.5095563
5,1.530656,42.5095768
5,1.5304162,42.5097787
5,1.5300004,42.5097431
5,1.5293594,42.5093556
6,1.5341731,42.5090638
6,1.5341482,42.5090442
6,1.5341371,42.5090044
6,1.5341729,42.508675
6,1.5342858,42.5086581
6,1.5344552,42.50861
6,1.5345066,42.5085508
6,1.5352484,42.508606
6,1.5352849,42.508616
6,1.5353175,42.5086309
6,1.5353366,42.508655
6,1.5353404,42.5086919
6,1.5352897,42.5091017
6,1.5352477,42.5091407
6,1.5351921,42.509146
6,1.5342327,42.5090901
6,1.5342003,42.5090844
6,1.5341731,42.5090638
7,1.5367725,42.5120048
7,1.5365984,42.5119407
7,1.5364663,42.5118288
7,1.5363241,42.5116145
7,1.5364441,42.5115422
7,1.5370929,42.5112906
7,1.5372683,42.511311
7,1.5374024,42.5112002
7,1.5377932,42.511072
7,1.5380077,42.5109839
7,1.5381217,42.5111421
7,1.5383118,42.5114063
7,1.5376436,42.5116625
7,1.5373919,42.5116516
7,1.5373121,42.5116783
7,1.5373153,42.5117766
7,1.5372717,42.5118305
7,1.5368707,42.5119894
7,1.5367725,42.5120048
8,1.5420157,42.5107971
8,1.5421712,42.5108208
8,1.5422437,42.5106329
8,1.5423,42.510631
8,1.5423188,42.5104708
8,1.5421015,42.5104313
8,1.5420157,42.5107971
9,1.5375289,42.5127394
9,1.5377657,42.5127314
9,1.5377572,42.5125962
9,1.5375204,42.5126042
9,1.5375289,42.5127394
10,1.5368518,42.5125481
10,1.5368983,42.5126401
10,1.5371635,42.5125674
10,1.537117,42.5124753
10,1.5368518,42.5125481
11,1.5409456,42.5087328
11,1.5413243,42.5087726
11,1.5413013,42.5089048
11,1.5409238,42.5088605
11,1.5409456,42.5087328
12,1.5439735,42.5090096
12,1.5438749,42.5091196
12,1.5439039,42.5091306
12,1.5438293,42.5092027
12,1.5438732,42.5092241
12,1.5438417,42.5092907
12,1.5438807,42.5092974
12,1.5438749,42.5093268
12,1.5439561,42.5093366
12,1.5439644,42.5093005
12,1.5440042,42.5093048
12,1.5440059,42.5092742
12,1.544078,42.5092553
12,1.544054,42.5091746
12,1.5440763,42.5091618
12,1.5440739,42.5089998
12,1.5440838,42.5089619
12,1.5440158,42.5089503
12,1.5439735,42.5090096
13,1.5418362,42.5088563
13,1.5415842,42.5088232
13,1.541559,42.5089277
13,1.541811,42.5089608
13,1.5418362,42.5088563
14,1.520357,42.5064102
14,1.5206255,42.506168
14,1.5210318,42.5064154
14,1.5207527,42.5066524
14,1.520357,42.5064102
15,1.5327842,42.5069521
15,1.5328264,42.5068884
15,1.5328633,42.5067819
15,1.5328668,42.5067029
15,1.5328442,42.5066613
15,1.5327845,42.5066576
15,1.5326989,42.5066511
15,1.5326137,42.5066488
15,1.5325182,42.5066597
15,1.5324054,42.5066703
15,1.5323468,42.5066932
15,1.5322941,42.506739
15,1.5323075,42.5067886
15,1.5323627,42.5068292
15,1.532412,42.5068512
15,1.5324702,42.5068785
15,1.5326126,42.5069869
15,1.5327276,42.5069939
15,1.5327842,42.5069521
16,1.5335159,42.5067414
16,1.5340792,42.5068837
16,1.5341596,42.5068165
16,1.5341382,42.5066979
16,1.5341006,42.506603
16,1.5339665,42.5065318
16,1.5336393,42.5064764
16,1.5335159,42.5067414
17,1.5346907,42.5067137
17,1.5350179,42.5067612
17,1.5350072,42.5068798
17,1.5349482,42.5070182
17,1.534857,42.5070142
17,1.5346585,42.5069549
17,1.5345888,42.5070222
17,1.5352915,42.5073741
17,1.5351896,42.5075481
17,1.5347497,42.5074018
17,1.5343689,42.5071289
17,1.5344708,42.5069233
17,1.5346907,42.5067137
18,1.5326783,42.5073343
18,1.5327212,42.5073185
18,1.5328044,42.5072968
18,1.5328849,42.5073383
18,1.5333274,42.5076527
18,1.5333328,42.5076962
18,1.5333033,42.5077417
18,1.5330967,42.5078089
18,1.5327266,42.5079196
18,1.5325603,42.5075677
18,1.5327159,42.5075024
18,1.532673,42.5074886
18,1.5327588,42.5074134
18,1.5326783,42.5073343
19,1.53723,42.5082281
19,1.5372837,42.5080481
19,1.5373534,42.5080046
19,1.5374312,42.5080027
19,1.5374795,42.5080382
19,1.5375117,42.5080817
19,1.5378013,42.5081252
19,1.5378201,42.5083131
19,1.53723,42.5082281
20,1.5386677,42.508843
20,1.5386543,42.5087362
20,1.5380749,42.5087441
20,1.5379864,42.5087837
20,1.5379998,42.5088687
20,1.5386677,42.508843
21,1.5322616,42.5074249
21,1.5321329,42.5074665
21,1.532047,42.5074645
21,1.5319907,42.5074309
21,1.5318164,42.5072351
21,1.5319011,42.5070845
21,1.532208,42.5073083
21,1.5323126,42.5073933
21,1.5322616,42.5074249
22,1.5380206,42.5092845
22,1.5382217,42.5092813
22,1.5382099,42.5088661
22,1.5380087,42.5088692
22,1.5380206,42.5092845
23,1.5323886,42.5073561
23,1.5326542,42.5072196
23,1.5326542,42.5071702
23,1.5322223,42.5068637
23,1.5321365,42.5068499
23,1.5320829,42.5068618
23,1.531989,42.5070081
23,1.532276,42.5071801
23,1.5322411,42.5072058
23,1.5323886,42.5073561
24,1.5328459,42.507144
24,1.5329632,42.5070488
24,1.5339657,42.5077195
24,1.5338484,42.5078148
24,1.5328459,42.507144
25,1.5322602,42.5088699
25,1.5323378,42.5083825
25,1.5318902,42.5083518
25,1.5317606,42.5091435
25,1.5322172,42.5091807
25,1.5322602,42.5088699
26,1.5392889,42.5108556
26,1.5392079,42.5108567
26,1.5391368,42.5108576
26,1.5390011,42.5106714
26,1.5391483,42.5106625
26,1.5392672,42.5106554
26,1.5392736,42.5107142
26,1.5392889,42.5108556
27,1.539717,42.5111837
27,1.5398017,42.5113743
27,1.5399769,42.5113347
27,1.5398963,42.5111411
27,1.539717,42.5111837
28,1.5384479,42.5111226
28,1.5386326,42.5110516
28,1.5385009,42.5108504
28,1.5384067,42.5108886
28,1.5383135,42.5109265
28,1.5384479,42.5111226
29,1.5389028,42.5109415
29,1.5390793,42.5108724
29,1.5389503,42.5106792
29,1.5388627,42.5107133
29,1.5387724,42.5107483
29,1.5389028,42.5109415
30,1.5386774,42.5110385
30,1.5388593,42.5109655
30,1.538729,42.5107643
30,1.5386346,42.5108003
30,1.5385348,42.5108384
30,1.5386774,42.5110385
31,1.5250032,42.5080324
31,1.5248262,42.507985
31,1.5247886,42.5079869
31,1.5247484,42.5080018
31,1.5247216,42.5080196
31,1.5246988,42.5080571
31,1.524621,42.5082025
31,1.5246223,42.5082341
31,1.5246344,42.5082766
31,1.5246599,42.5083102
31,1.5246974,42.5083399
31,1.5248262,42.5083775
31,1.5250032,42.5080324
32,1.5248295,42.5091155
32,1.5249207,42.5090503
32,1.5249757,42.5089564
32,1.5250561,42.5090315
32,1.5251768,42.5090621
32,1.5250776,42.5091284
32,1.5250253,42.5092233
32,1.5249421,42.5091481
32,1.5248295,42.5091155
33,1.526326,42.5089765
33,1.5262624,42.5090758
33,1.5260531,42.5090029
33,1.5260594,42.5089932
33,1.5258779,42.5089301
33,1.5259329,42.5088442
33,1.5260337,42.5088792
33,1.5260441,42.5088629
33,1.5261371,42.5088953
33,1.526129,42.508908
33,1.526326,42.5089765
34,1.5295003,42.5092082
34,1.5292468,42.5090511
34,1.5291074,42.5090234
34,1.5290846,42.5092023
34,1.5293394,42.5093427
34,1.5295003,42.5092082
35,1.5303742,42.5095059
35,1.5304581,42.5093906
35,1.5306431,42.5094935
35,1.530619,42.5095306
35,1.5303742,42.5095059
36,1.5300706,42.5061441
36,1.5298732,42.5060041
36,1.5296648,42.5061639
36,1.5298622,42.5063038
36,1.5300706,42.5061441
37,1.531866,42.5066701
37,1.531756,42.5066108
37,1.5315844,42.5065495
37,1.5315039,42.5065653
37,1.5311767,42.5070379
37,1.5316967,42.5072334
37,1.531933,42.5068817
37,1.531804,42.506834
37,1.531866,42.5066701
38,1.5300827,42.5057607
38,1.5295946,42.5056381
38,1.529557,42.5056797
38,1.5299001,42.5059227
38,1.5300827,42.5057607
39,1.5298297,42.5059722
39,1.5296425,42.5058387
39,1.5294335,42.5059979
39,1.5296207,42.5061314
39,1.5298297,42.5059722
40,1.5302084,42.5060354
40,1.5304737,42.5058256
40,1.5301974,42.5057524
40,1.5300096,42.5058849
40,1.5302084,42.5060354
41,1.5301789,42.5061085
41,1.5305222,42.5058475
41,1.5306909,42.5058849
41,1.5307368,42.5059622
41,1.530372,42.5062311
41,1.5301789,42.5061085
42,1.524876,42.505063
42,1.5260823,42.5052296
42,1.5260326,42.5054252
42,1.5248263,42.5052586
42,1.5248486,42.5051707
42,1.5248664,42.5051007
42,1.524876,42.505063
43,1.5303123,42.5063064
43,1.5301149,42.5061664
43,1.5299064,42.5063262
43,1.5301038,42.5064663
43,1.5303123,42.5063064
44,1.5246394,42.5048293
44,1.5251015,42.5048964
44,1.5251548,42.5048844
44,1.5251873,42.5048371
44,1.5252061,42.5047798
44,1.52519,42.5047343
44,1.5251524,42.5047026
44,1.5246804,42.5046235
44,1.5246629,42.5047114
44,1.5246394,42.5048293
45,1.523355,42.5103276
45,1.5233668,42.5101713
45,1.5237339,42.5101863
45,1.5237221,42.5103426
45,1.523355,42.5103276
46,1.522849,42.5103049
46,1.5232163,42.5103234
46,1.5232299,42.5101758
46,1.5228627,42.5101573
46,1.522849,42.5103049
47,1.5234183,42.5100769
47,1.5230672,42.510061
47,1.5230792,42.5099155
47,1.5234304,42.5099314
47,1.5234183,42.5100769
48,1.5291841,42.509746
48,1.5290717,42.509611
48,1.5292391,42.5095352
48,1.5293516,42.5096702
48,1.5291841,42.509746
49,1.5290546,42.5096112
49,1.5290155,42.5095671
49,1.5288749,42.5096347
49,1.5289139,42.5096788
49,1.5290546,42.5096112
50,1.5290416,42.5095306
50,1.5289141,42.5093915
50,1.5287429,42.5094768
50,1.5288705,42.5096158
50,1.5290416,42.5095306
51,1.5285167,42.5092605
51,1.5284071,42.5091325
51,1.5285787,42.5090527
51,1.5286883,42.5091807
51,1.5285167,42.5092605
52,1.5283021,42.5093179
52,1.5281623,42.5091673
52,1.5280266,42.5092358
52,1.5281664,42.5093863
52,1.5283021,42.5093179
53,1.5286355,42.509415
53,1.5285954,42.5093476
53,1.5286606,42.5093265
53,1.528651,42.5093102
53,1.5287767,42.5092695
53,1.5287876,42.5092878
53,1.5288432,42.5092699
53,1.5288734,42.5093206
53,1.5287027,42.5093758
53,1.5287114,42.5093904
53,1.5286355,42.509415
54,1.5279878,42.509213
54,1.5278711,42.5090959
54,1.528071,42.5089877
54,1.5281877,42.5091047
54,1.5279878,42.509213
55,1.5280385,42.5089838
55,1.5279982,42.5089413
55,1.5279285,42.5089739
55,1.5277756,42.5089907
55,1.5278628,42.5090797
55,1.5280385,42.5089838
56,1.5285776,42.5087802
56,1.5286849,42.5086853
56,1.5289196,42.5088128
56,1.5288713,42.5088533
56,1.5288234,42.5088592
56,1.5287569,42.508852
56,1.5286876,42.5088345
56,1.5285776,42.5087802
57,1.5291971,42.5088751
57,1.5292064,42.5088779
57,1.5292741,42.5088986
57,1.5293039,42.5088456
57,1.5292269,42.5088221
57,1.5291971,42.5088751
58,1.5292064,42.5088779
58,1.5291905,42.5089067
58,1.5291884,42.5089244
58,1.5291932,42.5089383
58,1.5292086,42.5089533
58,1.529238,42.5089677
58,1.5292719,42.5089762
58,1.5294064,42.5089957
58,1.5295915,42.5090194
58,1.5296169,42.5089374
58,1.5293039,42.5088456
58,1.5292741,42.5088986
58,1.5292064,42.5088779
59,1.5305484,42.5088718
59,1.5306731,42.5088214
59,1.5306999,42.5087987
59,1.5307107,42.508771
59,1.5307039,42.5087374
59,1.5305296,42.508423
59,1.5305001,42.5083854
59,1.5304438,42.5083666
59,1.5303942,42.5083666
59,1.5303258,42.5083913
59,1.5300213,42.5085179
59,1.5299985,42.5085456
59,1.5299945,42.5085802
59,1.5300133,42.5086168
59,1.5304514,42.508851
59,1.5304987,42.5088689
59,1.5305484,42.5088718
60,1.53079,42.5089969
60,1.5314565,42.5092579
60,1.5314981,42.5092668
60,1.5315263,42.5092668
60,1.5315571,42.5092549
60,1.5315745,42.5092322
60,1.5315826,42.5091936
60,1.531592,42.5091422
60,1.5315906,42.5091234
60,1.5315745,42.5091007
60,1.5315021,42.5090681
60,1.5309348,42.5088506
60,1.5309013,42.5088437
60,1.5308651,42.5088496
60,1.5307779,42.5088921
60,1.5307484,42.5089218
60,1.5307538,42.5089662
60,1.53079,42.5089969
61,1.5301127,42.5088021
61,1.5298284,42.5086499
61,1.5297976,42.508638
61,1.5297493,42.508636
61,1.5296997,42.5086459
61,1.5296353,42.5086726
61,1.5296112,42.5086875
61,1.5296112,42.5087171
61,1.5296372,42.5087396
61,1.529701,42.5087636
61,1.5297667,42.5087646
61,1.5301664,42.5089148
61,1.5300913,42.508818
61,1.5301127,42.5088021
62,1.528785,42.508378
62,1.5289916,42.5081852
62,1.5290063,42.5081971
62,1.529013,42.5081892
62,1.5292437,42.5083375
62,1.5292343,42.5083474
62,1.5292638,42.5083622
62,1.5292746,42.5083563
62,1.5295173,42.5084976
62,1.5295079,42.5085046
62,1.5295334,42.5085263
62,1.5295468,42.508554
62,1.5295414,42.5085827
62,1.5295307,42.5085955
62,1.5295414,42.5086034
62,1.5294355,42.5086627
62,1.5290653,42.5085431
62,1.528785,42.508378
63,1.529229,42.508208
63,1.5293081,42.5081595
63,1.5293564,42.5080972
63,1.5287877,42.5076286
63,1.5286643,42.5077156
63,1.5288803,42.5079134
63,1.5288682,42.5079252
63,1.529229,42.508208
64,1.5293657,42.50803
64,1.5294636,42.5079667
64,1.5294958,42.5079272
64,1.5289755,42.5075011
64,1.5288427,42.5076
64,1.5293657,42.50803
65,1.529296,42.5076514
65,1.5294851,42.5075139
65,1.529309,42.5073946
65,1.529186,42.5073132
65,1.5290318,42.5074299
65,1.5290841,42.5074764
65,1.529296,42.5076514
66,1.529296,42.5076514
66,1.5295347,42.5078392
66,1.5295911,42.5077967
66,1.5297077,42.5076573
66,1.5294945,42.50752
66,1.5294851,42.5075139
66,1.529296,42.5076514
67,1.5297077,42.5076573
67,1.5298955,42.5074378
67,1.5297198,42.5073301
67,1.5295509,42.5074725
67,1.5294945,42.50752
67,1.5297077,42.5076573
68,1.5295509,42.5074725
68,1.5293725,42.5073518
68,1.5295535,42.5071907
68,1.5297345,42.5073152
68,1.5297198,42.5073301
68,1.5295509,42.5074725
69,1.5295535,42.5071907
69,1.5294315,42.5071066
69,1.529186,42.5073132
69,1.529309,42.5073946
69,1.5293725,42.5073518
69,1.5295535,42.5071907
70,1.534409,42.5085946
70,1.5344144,42.5085392
70,1.5342432,42.5085325
70,1.5342293,42.5086133
70,1.534409,42.5085946
71,1.5295573,42.5091917
71,1.5295937,42.5091608
71,1.5296273,42.5091125
71,1.5295221,42.5091001
71,1.5294859,42.5090971
71,1.5294406,42.5091158
71,1.5295573,42.5091917
72,1.5295573,42.5091917
72,1.5298412,42.5093584
72,1.5301024,42.509462
72,1.5302142,42.5094946
72,1.5303626,42.5095081
72,1.5304545,42.5093845
72,1.5297264,42.5091338
72,1.5296273,42.5091125
72,1.5295937,42.5091608
72,1.5295573,42.5091917
73,1.527109,42.5080943
73,1.5271107,42.5077501
73,1.527699,42.5077277
73,1.5278957,42.5079836
73,1.5279038,42.5079942
73,1.5279094,42.5080058
73,1.5279123,42.5080178
73,1.5279124,42.50803
73,1.5279098,42.5080421
73,1.5279045,42.5080537
73,1.5278949,42.5080664
73,1.5278821,42.5080775
73,1.5278665,42.5080865
73,1.5278488,42.508093
73,1.5278298,42.5080968
73,1.52781,42.5080978
73,1.5274813,42.5080926
73,1.5274819,42.5080977
73,1.5274795,42.5081024
73,1.5274745,42.5081059
73,1.527109,42.5080943
74,1.5376491,42.5129562
74,1.5378369,42.5129256
74,1.5378171,42.5127988
74,1.5376194,42.5128323
74,1.5376491,42.5129562
75,1.5373715,42.5130894
75,1.5374752,42.5130461
75,1.537586,42.5130038
75,1.5376099,42.5129727
75,1.5375721,42.512842
75,1.5372777,42.512899
75,1.5373111,42.5129663
75,1.5373715,42.5130894
76,1.5379694,42.5131082
76,1.5380794,42.5130687
76,1.5380177,42.5129639
76,1.537905,42.5129995
76,1.5379694,42.5131082
77,1.5380499,42.5133831
77,1.5381223,42.5133218
77,1.5381759,42.5132981
77,1.5382108,42.5132823
77,1.5380579,42.5131854
77,1.5379211,42.5133139
77,1.5380499,42.5133831
78,1.5382155,42.5132696
78,1.5382812,42.5132133
78,1.5381377,42.5131283
78,1.5380827,42.5131866
78,1.5382155,42.5132696
79,1.5382807,42.5132102
79,1.538382,42.5131147
79,1.5383859,42.5131005
79,1.5382579,42.513016
79,1.5381398,42.5131271
79,1.5382807,42.5132102
80,1.537795,42.5134225
80,1.5376649,42.5134527
80,1.5376957,42.5135461
80,1.5378278,42.5135214
80,1.537795,42.5134225
81,1.5376556,42.5135625
81,1.5376913,42.513556
81,1.53766,42.5134594
81,1.5375408,42.5134838
81,1.5375802,42.513595
81,1.5376618,42.5135797
81,1.5376556,42.5135625
82,1.5368866,42.5132083
82,1.5368034,42.5130046
82,1.5365513,42.5130699
82,1.5366157,42.5132755
82,1.5368866,42.5132083
83,1.5377202,42.5131862
83,1.5376029,42.5130398
83,1.5378309,42.5129414
83,1.5379433,42.5130878
83,1.5377202,42.5131862
84,1.5381872,42.512905
84,1.5382831,42.5128778
84,1.5382911,42.5128481
84,1.5382697,42.5127695
84,1.5382811,42.512725
84,1.5382006,42.512727
84,1.5380745,42.5127339
84,1.538045,42.5127488
84,1.5380698,42.5128086
84,1.5381389,42.5127987
84,1.5381872,42.512905
85,1.5374554,42.5134374
85,1.5376555,42.5133972
85,1.5376246,42.51331
85,1.5374245,42.5133489
85,1.5374554,42.5134374
86,1.5364393,42.5134807
86,1.5366271,42.5134367
86,1.5366094,42.513387
86,1.536595,42.5133911
86,1.5365807,42.5133553
86,1.5364029,42.5133992
86,1.5364393,42.5134807
87,1.5361735,42.5135453
87,1.5363118,42.5135092
87,1.5362826,42.5134366
87,1.5361426,42.5134715
87,1.5361735,42.5135453
88,1.5347002,42.5079924
88,1.5346781,42.5082201
88,1.5353448,42.5082554
88,1.535367,42.5080277
88,1.5347002,42.5079924
89,1.5351668,42.5084981
89,1.5353567,42.5085069
89,1.5353758,42.5082823
89,1.5351859,42.5082735
89,1.5351668,42.5084981
90,1.5306621,42.5093934
90,1.5307372,42.5094438
90,1.5308042,42.5094023
90,1.5307385,42.5093786
90,1.5306862,42.5093618
90,1.5306621,42.5093934
91,1.5306502,42.5095932
91,1.5307031,42.5096258
91,1.530729,42.509603
91,1.5307703,42.5096285
91,1.5307893,42.5096117
91,1.5310112,42.5097485
91,1.5308709,42.5098722
91,1.5306726,42.50975
91,1.5306524,42.5097677
91,1.5306054,42.5097387
91,1.5305782,42.5097627
91,1.5305074,42.5097191
91,1.5306502,42.5095932
92,1.5312577,42.5097104
92,1.5313175,42.5096279
92,1.531508,42.5097029
92,1.5314482,42.5097855
92,1.5312577,42.5097104
93,1.5318601,42.5102607
93,1.5319664,42.5100911
93,1.5323098,42.5102089
93,1.5322053,42.5103767
93,1.5318601,42.5102607
94,1.5323098,42.5102089
94,1.5326692,42.5103305
94,1.5325733,42.5104845
94,1.5325647,42.5104983
94,1.5322053,42.5103767
94,1.5323098,42.5102089
95,1.5326692,42.5103305
95,1.5330557,42.5104615
95,1.5329592,42.5106157
95,1.5325733,42.5104845
95,1.5326692,42.5103305
96,1.5286181,42.5090376
96,1.5286576,42.5089454
96,1.5290145,42.5090284
96,1.528975,42.5091207
96,1.5286181,42.5090376
97,1.5278799,42.5087474
97,1.5279912,42.5086228
97,1.5282703,42.5087533
97,1.5281239,42.5089162
97,1.5281132,42.5089283
97,1.5278799,42.5087474
98,1.5283638,42.5089084
98,1.5282857,42.5089952
98,1.5281239,42.5089162
98,1.5282703,42.5087533
98,1.5284153,42.5088241
98,1.5283967,42.5088448
98,1.5284135,42.508853
98,1.5283638,42.5089084
99,1.5284998,42.5089399
99,1.5285404,42.5088862
99,1.5286523,42.5089321
99,1.5286117,42.5089858
99,1.5285503,42.5089607
99,1.5284998,42.5089399
100,1.5283332,42.5090226
100,1.5283956,42.5089613
100,1.5284526,42.5089776
100,1.5284998,42.5089399
100,1.5285503,42.5089607
100,1.5285069,42.5089998
100,1.5285371,42.5090092
100,1.5285096,42.5090409
100,1.5284559,42.5090389
100,1.528407,42.5090493
100,1.5283332,42.5090226
101,1.5285776,42.5087802
101,1.5283898,42.508693
101,1.5285011,42.5085764
101,1.5286849,42.5086853
101,1.5285776,42.5087802
102,1.5283898,42.508693
102,1.5282597,42.5086308
102,1.5283697,42.5085141
102,1.5285011,42.5085764
102,1.5283898,42.508693
103,1.5283697,42.5085141
103,1.5282222,42.5084498
103,1.5281189,42.5085665
103,1.5282597,42.5086308
103,1.5283697,42.5085141
104,1.5277796,42.5084152
104,1.5279727,42.5085012
104,1.528128,42.5083324
104,1.5281618,42.5082956
104,1.5281041,42.5082472
104,1.5280022,42.5083589
104,1.5279593,42.5083411
104,1.5280612,42.5082175
104,1.5279741,42.5081829
104,1.5277796,42.5084152
105,1.5279727,42.5085012
105,1.5281189,42.5085665
105,1.5282222,42.5084498
105,1.5282651,42.5083965
105,1.5282208,42.5083589
105,1.5281833,42.5083787
105,1.528128,42.5083324
105,1.5279727,42.5085012
106,1.5279912,42.5086228
106,1.5278102,42.5085347
106,1.5277156,42.5086345
106,1.5277927,42.5086825
106,1.5278799,42.5087474
106,1.5279912,42.5086228
107,1.5278102,42.5085347
107,1.527658,42.5084645
107,1.5275855,42.5085599
107,1.5276593,42.5086004
107,1.5277156,42.5086345
107,1.5278102,42.5085347
108,1.527658,42.5084645
108,1.5275627,42.5084299
108,1.527495,42.5085288
108,1.5275855,42.5085599
108,1.527658,42.5084645
109,1.5296297,42.5084315
109,1.529741,42.5084878
109,1.5297692,42.5084977
109,1.529788,42.5084958
109,1.5300079,42.5084048
109,1.5300213,42.5083959
109,1.5300253,42.5083831
109,1.53002,42.5083712
109,1.5299127,42.5082308
109,1.5297982,42.5082829
109,1.5297759,42.5082931
109,1.5297674,42.5083011
109,1.5296297,42.5084315
110,1.5296297,42.5084315
110,1.5293669,42.5082852
110,1.529572,42.508042
110,1.5297665,42.5080805
110,1.5296986,42.508164
110,1.5296458,42.5082288
110,1.5297674,42.5083011
110,1.5296297,42.5084315
111,1.5299127,42.5082308
111,1.529792,42.5080884
111,1.5297665,42.5080805
111,1.5296986,42.508164
111,1.5297982,42.5082829
111,1.5299127,42.5082308
112,1.530084,42.5083873
112,1.5299284,42.5081836
112,1.5300236,42.5081451
112,1.5301899,42.5082024
112,1.5303334,42.5081638
112,1.5303964,42.5082607
112,1.5302731,42.5083042
112,1.5301725,42.5083408
112,1.530084,42.5083873
113,1.5241954,42.5065719
113,1.5241456,42.5066754
113,1.5241752,42.5067155
113,1.5242303,42.5067286
113,1.5242881,42.5067061
113,1.5243331,42.5066071
113,1.5243369,42.5066081
113,1.5244857,42.5062925
113,1.5244349,42.506182
113,1.5243611,42.5061631
113,1.5241714,42.5065657
113,1.5241954,42.5065719
114,1.52452,42.5065427
114,1.5244901,42.5065357
114,1.5244792,42.5065607
114,1.5245535,42.5065783
114,1.5245698,42.5065409
114,1.524928,42.5066256
114,1.5249601,42.5065516
114,1.5249472,42.5065486
114,1.5249496,42.5065429
114,1.5247999,42.5065075
114,1.5247961,42.5065161
114,1.5245562,42.5064594
114,1.52452,42.5065427
115,1.5241404,42.5057265
115,1.5240542,42.505705
115,1.5239983,42.5058267
115,1.5239043,42.5058032
115,1.523844,42.5059346
115,1.5236553,42.5061128
115,1.5234572,42.5065685
115,1.5236113,42.5066007
115,1.5236045,42.5066185
115,1.5237068,42.5066398
115,1.5237127,42.5066243
115,1.5240006,42.5066844
115,1.5240714,42.5066557
115,1.524133,42.5065211
115,1.5241104,42.5065155
115,1.5243261,42.506044
115,1.5242127,42.5059015
115,1.5241404,42.5057265
116,1.5245423,42.5068084
116,1.5247086,42.5068497
116,1.5247927,42.5066658
116,1.5246264,42.5066245
116,1.5245423,42.5068084
117,1.5264349,42.5059871
117,1.5264236,42.5059377
117,1.526463,42.5058862
117,1.5262205,42.5057855
117,1.52615,42.5058777
117,1.5262742,42.5059293
117,1.5262587,42.5059497
117,1.526288,42.5059861
117,1.526383,42.5060255
117,1.5264136,42.506015
117,1.5264349,42.5059871
118,1.526947,42.5063715
118,1.5270494,42.5065098
118,1.527018,42.5065245
118,1.5270578,42.5065706
118,1.527085,42.5065578
118,1.5271152,42.5065986
118,1.5273383,42.5065087
118,1.5270409,42.5061074
118,1.5268178,42.5061972
118,1.5269146,42.5063279
118,1.5268594,42.5063524
118,1.5268942,42.506395
118,1.526947,42.5063715
119,1.5258166,42.5068592
119,1.5258176,42.5068529
119,1.5257969,42.5068353
119,1.5256534,42.5068229
119,1.5256273,42.5068374
119,1.5256262,42.5068445
119,1.5255902,42.5068417
119,1.5255918,42.5068329
119,1.5255713,42.5068152
119,1.5253244,42.5067903
119,1.5252962,42.5068031
119,1.5252669,42.5069613
119,1.525294,42.5069915
119,1.525407,42.5070029
119,1.5255514,42.5069158
119,1.5256141,42.5069206
119,1.5256032,42.5069889
119,1.5256335,42.5070179
119,1.525745,42.5070276
119,1.5257941,42.5070011
119,1.5258045,42.5069354
119,1.5258528,42.5069391
119,1.5259885,42.5070435
119,1.526127,42.5070531
119,1.5261537,42.5068628
119,1.5258652,42.5068426
119,1.5258626,42.5068628
119,1.5258166,42.5068592
120,1.5282832,42.5063487
120,1.5283305,42.5063874
120,1.5283802,42.5063546
120,1.528333,42.5063158
120,1.5282832,42.5063487
121,1.525952,42.5061501
121,1.5262018,42.5062507
121,1.5262712,42.506157
121,1.5260214,42.5060565
121,1.525952,42.5061501
122,1.5272228,42.5069351
122,1.526155,42.5068537
122,1.5261537,42.5068628
122,1.526127,42.5070531
122,1.5261246,42.5070697
122,1.5271925,42.5071512
122,1.5272934,42.5070567
122,1.5272228,42.5069351
123,1.5259493,42.507845
123,1.5263022,42.5072421
123,1.5263222,42.5072075
123,1.5262772,42.5071932
123,1.5262721,42.5072019
123,1.5262292,42.5071882
123,1.526224,42.5071971
123,1.5261825,42.5071839
123,1.5261767,42.5071937
123,1.5261386,42.5071816
123,1.5258812,42.507622
123,1.5255576,42.5073763
123,1.5254418,42.5074592
123,1.5259493,42.507845
124,1.5273848,42.5076595
124,1.527403,42.5076677
124,1.5274229,42.5076735
124,1.5274438,42.5076765
124,1.5274652,42.5076768
124,1.5274863,42.5076742
124,1.5275064,42.507669
124,1.5275245,42.5076615
124,1.5275406,42.5076517
124,1.5275542,42.50764
124,1.5275648,42.5076268
124,1.5275722,42.5076125
124,1.5275761,42.5075974
124,1.5274338,42.507359
124,1.5274126,42.5073236
124,1.5273806,42.5073054
124,1.5272728,42.5072976
124,1.5272742,42.5072867
124,1.5271052,42.5072746
124,1.5271038,42.5072851
124,1.5270886,42.5074001
124,1.5272362,42.5074107
124,1.5273848,42.5076595
125,1.5248782,42.5067672
125,1.5249446,42.5067827
125,1.5249891,42.5066794
125,1.5249227,42.5066639
125,1.5248782,42.5067672
126,1.5248499,42.5068844
126,1.5248874,42.5068931
126,1.5249264,42.5068017
126,1.524889,42.506793
126,1.5248499,42.5068844
127,1.5242356,42.5071276
127,1.5244461,42.5071767
127,1.5245281,42.5069856
127,1.5243176,42.5069365
127,1.5242356,42.5071276
128,1.5251182,42.5071404
128,1.5251037,42.50726
128,1.5253389,42.5072754
128,1.5253493,42.5071892
128,1.5253534,42.5071559
128,1.5251182,42.5071404
129,1.5253493,42.5071892
129,1.5253389,42.5072754
129,1.5253357,42.5073019
129,1.5255611,42.5073168
129,1.5255748,42.507204
129,1.5253493,42.5071892
130,1.5246106,42.5072327
130,1.5247869,42.5072739
130,1.5247928,42.507265
130,1.5248549,42.5071711
130,1.5249219,42.5070697
130,1.5247024,42.5070186
130,1.5246106,42.5072327
131,1.5250334,42.5071951
131,1.5250715,42.5071035
131,1.5249219,42.5070697
131,1.5248549,42.5071711
131,1.5247928,42.507265
131,1.5250251,42.5073069
131,1.525054,42.5071979
131,1.5250334,42.5071951
132,1.5269141,42.5074045
132,1.5270864,42.5074169
132,1.5270886,42.5074001
132,1.5271038,42.5072851
132,1.526816,42.5072644
132,1.5265664,42.5076857
132,1.5266523,42.5077133
132,1.5267315,42.5077132
132,1.5269141,42.5074045
133,1.5249583,42.5068977
133,1.5250237,42.5069133
133,1.525074,42.5068898
133,1.525158,42.5066994
133,1.5251351,42.506667
133,1.5250634,42.5066498
133,1.5250208,42.5066655
133,1.5249344,42.5068613
133,1.5249583,42.5068977
134,1.5259879,42.507874
134,1.526252,42.507958
134,1.5263213,42.5078395
134,1.5262757,42.507825
134,1.5264214,42.5075761
134,1.5264655,42.5075902
134,1.5266117,42.5073405
134,1.5263022,42.5072421
134,1.5259493,42.507845
134,1.5259879,42.507874
135,1.5284153,42.5088241
135,1.5285062,42.5088685
135,1.5284378,42.5089445
135,1.5283638,42.5089084
135,1.5284135,42.508853
135,1.5283967,42.5088448
135,1.5284153,42.5088241
136,1.5222284,42.5076131
136,1.5220267,42.5077512
136,1.5222074,42.5078947
136,1.5224092,42.5077566
136,1.5222284,42.5076131
137,1.5223887,42.5078639
137,1.5224394,42.5079111
137,1.5225372,42.507854
137,1.522494,42.5078137
137,1.5224865,42.5078068
137,1.5223887,42.5078639
138,1.5222576,42.5079064
138,1.5223308,42.5079745
138,1.5224394,42.5079111
138,1.5223887,42.5078639
138,1.5223662,42.507843
138,1.5222576,42.5079064
139,1.5226281,42.5077032
139,1.5226287,42.5077095
139,1.5226432,42.5078311
139,1.5227458,42.5078183
139,1.5228116,42.5078114
139,1.5228101,42.5077259
139,1.5226281,42.5077032
140,1.5226444,42.5078413
140,1.5226432,42.5078311
140,1.5226287,42.5077095
140,1.5225297,42.5077163
140,1.5225286,42.5077351
140,1.5224875,42.5077777
140,1.522494,42.5078137
140,1.5225372,42.507854
140,1.5226444,42.5078413
141,1.5212677,42.5078449
141,1.5215374,42.5080494
141,1.5216393,42.5079763
141,1.5216253,42.5079657
141,1.5213696,42.5077718
141,1.5212677,42.5078449
142,1.5220518,42.5077979
142,1.5219391,42.5076917
142,1.521797,42.5077735
142,1.5219092,42.5078797
142,1.5219614,42.5078498
142,1.5220518,42.5077979
143,1.5217045,42.5075061
143,1.5215838,42.5075755
143,1.5215435,42.5075987
143,1.5216008,42.5076528
143,1.5216407,42.5076905
143,1.5218254,42.5075843
143,1.5217507,42.5075138
143,1.5217045,42.5075061
144,1.5219391,42.5076917
144,1.5218254,42.5075843
144,1.5216407,42.5076905
144,1.5217545,42.5077979
144,1.521797,42.5077735
144,1.5219391,42.5076917
145,1.5220654,42.5081464
145,1.5221711,42.5080707
145,1.5220621,42.507988
145,1.522053,42.507984
145,1.5220443,42.5079818
145,1.522034,42.5079811
145,1.5220246,42.5079819
145,1.5220159,42.5079843
145,1.5220069,42.5079884
145,1.5219298,42.5080436
145,1.5220654,42.5081464
146,1.5220518,42.5077979
146,1.5219614,42.5078498
146,1.522161,42.5080124
146,1.5221398,42.5080257
146,1.5222267,42.5080375
146,1.522253,42.5080331
146,1.5222644,42.5080268
146,1.5222723,42.5080192
146,1.522277,42.5080099
146,1.5222787,42.5079999
146,1.522277,42.5079904
146,1.5222704,42.5079809
146,1.5220518,42.5077979
147,1.5224411,42.5083758
147,1.5224589,42.5083413
147,1.5224593,42.5082228
147,1.5223665,42.5082182
147,1.5223643,42.5082416
147,1.522252,42.508236
147,1.5222473,42.5082636
147,1.5222685,42.5082655
147,1.5222609,42.5082768
147,1.5222384,42.50831
147,1.5223369,42.5083472
147,1.522363,42.508346
147,1.5223594,42.5083529
147,1.522403,42.5083651
147,1.5224411,42.5083758
148,1.5224721,42.5080839
148,1.5223793,42.5080792
148,1.5223665,42.5082182
148,1.5224593,42.5082228
148,1.5224952,42.5082013
148,1.5225091,42.5082006
148,1.5225217,42.5081916
148,1.5225317,42.5081811
148,1.522539,42.5081693
148,1.5225434,42.5081568
148,1.5225445,42.508144
148,1.5225425,42.5081312
148,1.5225375,42.508119
148,1.5225295,42.5081076
148,1.5225189,42.5080975
148,1.522506,42.5080889
148,1.5224911,42.5080822
148,1.5224719,42.5080778
148,1.5224721,42.5080839
149,1.5221772,42.5082597
149,1.522056,42.5082351
149,1.5220123,42.5083518
149,1.5221335,42.5083765
149,1.5221772,42.5082597
150,1.522252,42.508236
150,1.5223643,42.5082416
150,1.5223665,42.5082182
150,1.5223793,42.5080792
150,1.522267,42.5080736
150,1.522252,42.508236
151,1.521729,42.5078914
151,1.5216253,42.5079657
151,1.5216393,42.5079763
151,1.5219617,42.5082207
151,1.5220654,42.5081464
151,1.5219298,42.5080436
151,1.521729,42.5078914
152,1.5221335,42.5083765
152,1.52238,42.5084267
152,1.522403,42.5083651
152,1.5223594,42.5083529
152,1.522363,42.508346
152,1.5223369,42.5083472
152,1.5222384,42.50831
152,1.5222609,42.5082768
152,1.5221772,42.5082597
152,1.5221335,42.5083765
153,1.5225349,42.5079158
153,1.5225832,42.5079674
153,1.522689,42.5079093
153,1.5226386,42.5078592
153,1.5225349,42.5079158
154,1.522476,42.5080546
154,1.5224938,42.508064
154,1.522644,42.5080262
154,1.5225832,42.5079674
154,1.522476,42.5080546
155,1.5224151,42.508016
155,1.522476,42.5080546
155,1.5225832,42.5079674
155,1.5225349,42.5079158
155,1.5224151,42.508016
156,1.5227902,42.507873
156,1.5228121,42.507897
156,1.5229369,42.5078537
156,1.5228116,42.5078114
156,1.5227458,42.5078183
156,1.5227902,42.507873
157,1.522994,42.507873
157,1.5230655,42.5079559
157,1.5232362,42.5078506
157,1.5231902,42.5078334
157,1.5231688,42.5078017
157,1.5231493,42.5078074
157,1.522994,42.507873
158,1.522923,42.5080236
158,1.5230655,42.5079559
158,1.522994,42.507873
158,1.5229369,42.5078537
158,1.5228636,42.5078959
158,1.5228914,42.5079208
158,1.522851,42.5079397
158,1.522923,42.5080236
159,1.5228101,42.5077259
159,1.5228116,42.5078114
159,1.5229369,42.5078537
159,1.522994,42.507873
159,1.5231493,42.5078074
159,1.5230529,42.5077791
159,1.5229832,42.5077613
159,1.5228751,42.5077369
159,1.5228101,42.5077259
160,1.5226652,42.5080478
160,1.5227982,42.5080209
160,1.522923,42.5080236
160,1.522851,42.5079397
160,1.5228121,42.507897
160,1.5227902,42.507873
160,1.522689,42.5079093
160,1.5225832,42.5079674
160,1.522644,42.5080262
160,1.5226652,42.5080478
161,1.5211912,42.5078888
161,1.5211605,42.5079437
161,1.5211504,42.5081082
161,1.5211861,42.5081307
161,1.5211469,42.5081645
161,1.5212333,42.5082262
161,1.5212635,42.5082033
161,1.5212996,42.508229
161,1.5213252,42.5082096
161,1.5214777,42.5080937
161,1.5211912,42.5078888
162,1.5210525,42.5076591
162,1.5212318,42.507807
162,1.5213361,42.5077078
162,1.521329,42.5076584
162,1.5212509,42.5076565
162,1.5212529,42.5076122
162,1.521331,42.507614
162,1.5213335,42.5075276
162,1.5211066,42.5075182
162,1.5210732,42.5075428
162,1.5210759,42.5075708
162,1.5210525,42.5076591
163,1.5206124,42.5080328
163,1.5205868,42.5080167
163,1.5207205,42.5079013
163,1.520744,42.5079162
163,1.5207949,42.5078722
163,1.5206754,42.507797
163,1.5206265,42.5078392
163,1.5206452,42.5078509
163,1.52051,42.5079676
163,1.5204914,42.5079559
163,1.5203963,42.5080379
163,1.5205178,42.5081144
163,1.5206124,42.5080328
164,1.5205178,42.5081144
164,1.5206556,42.5082011
164,1.5207496,42.50812
164,1.5207232,42.5081033
164,1.5208547,42.5079899
164,1.5208773,42.5080041
164,1.5209282,42.5079602
164,1.5208062,42.5078834
164,1.5207572,42.5079256
164,1.5207813,42.5079408
164,1.5206484,42.5080555
164,1.5206124,42.5080328
164,1.5205178,42.5081144
165,1.5206556,42.5082011
165,1.5207989,42.5082914
165,1.5208924,42.5082107
165,1.5208638,42.5081927
165,1.520993,42.5080812
165,1.5210097,42.5080917
165,1.5210606,42.5080477
165,1.520941,42.5079724
165,1.5208921,42.5080145
165,1.5209111,42.5080265
165,1.5207803,42.5081393
165,1.5207496,42.50812
165,1.5206556,42.5082011
166,1.5207989,42.5082914
166,1.5209288,42.5083732
166,1.5209365,42.5083666
166,1.5210218,42.508293
166,1.521004,42.5082817
166,1.5211311,42.5081721
166,1.5211352,42.5081747
166,1.5211469,42.5081645
166,1.5211861,42.5081307
166,1.5211504,42.5081082
166,1.5210745,42.5080604
166,1.5210255,42.5081026
166,1.5210425,42.5081133
166,1.5209139,42.5082242
166,1.5208924,42.5082107
166,1.5207989,42.5082914
167,1.521329,42.5076584
167,1.5214063,42.5076602
167,1.5214083,42.5076159
167,1.521331,42.507614
167,1.521329,42.5076584
168,1.5213273,42.5083667
168,1.5214264,42.5084376
168,1.5215319,42.5083575
168,1.5214328,42.5082866
168,1.5213273,42.5083667
169,1.5212509,42.5076565
169,1.521329,42.5076584
169,1.521331,42.507614
169,1.5212529,42.5076122
169,1.5212509,42.5076565
170,1.5209365,42.5083666
170,1.5210783,42.5084559
170,1.521175,42.5083726
170,1.5210331,42.5082832
170,1.5210218,42.508293
170,1.5209365,42.5083666
171,1.5210644,42.508468
171,1.5212414,42.5085794
171,1.5213729,42.5084659
171,1.521196,42.5083544
171,1.521175,42.5083726
171,1.5210783,42.5084559
171,1.5210644,42.508468
172,1.5213353,42.5075165
172,1.5213335,42.5075276
172,1.521331,42.507614
172,1.5214083,42.5076159
172,1.5214542,42.507617
172,1.5214585,42.5075195
172,1.5213353,42.5075165
173,1.5210759,42.5075708
173,1.5210732,42.5075428
173,1.5210735,42.5075138
173,1.5205262,42.5075027
173,1.5205021,42.5075545
173,1.5210065,42.5077245
173,1.5210525,42.5076591
173,1.5210759,42.5075708
174,1.5213778,42.5082472
174,1.5213252,42.5082096
174,1.5212996,42.508229
174,1.5212635,42.5082033
174,1.5212333,42.5082262
174,1.5211837,42.508264
174,1.5212723,42.5083274
174,1.5213778,42.5082472
175,1.5214345,42.5076318
175,1.52154,42.5076954
175,1.5216008,42.5076528
175,1.5215435,42.5075987
175,1.5215838,42.5075755
175,1.5215359,42.5075451
175,1.5214542,42.507617
175,1.5214345,42.5076318
176,1.5256439,42.507744
176,1.5254989,42.5077022
176,1.5253665,42.5079516
176,1.5255115,42.5079934
176,1.5256439,42.507744
177,1.5291813,42.5049669
177,1.5291026,42.505188
177,1.529857,42.505334
177,1.5299357,42.5051129
177,1.5291813,42.5049669
178,1.5235772,42.5099554
178,1.5235657,42.5100869
178,1.5239613,42.5101056
178,1.5239727,42.5099742
178,1.5235772,42.5099554
179,1.5249758,42.5096223
179,1.5252068,42.5096489
179,1.5252255,42.5095606
179,1.5249945,42.5095339
179,1.5249758,42.5096223
180,1.524833,42.5102962
180,1.5248287,42.5104568
180,1.5250207,42.5104596
180,1.5250251,42.5102991
180,1.524833,42.5102962
181,1.5248478,42.5100799
181,1.5248428,42.5102219
181,1.5250232,42.5102253
181,1.5250282,42.5100833
181,1.5248478,42.5100799
182,1.5307273,42.5118607
182,1.5306342,42.5119341
182,1.5307085,42.5119853
182,1.5308016,42.5119118
182,1.5307273,42.5118607
183,1.5326625,42.5060956
183,1.533319,42.5062251
183,1.5333719,42.5060793
183,1.5327155,42.5059497
183,1.5326625,42.5060956
184,1.5302447,42.5115053
184,1.5306125,42.5116462
184,1.5307565,42.5114419
184,1.5303887,42.511301
184,1.5302447,42.5115053
185,1.5216451,42.5050467
185,1.5215148,42.5053413
185,1.5216911,42.5053837
185,1.5218214,42.5050891
185,1.5216451,42.5050467
186,1.5297287,42.5134123
186,1.5298023,42.5134595
186,1.5299195,42.5133603
186,1.5298458,42.513313
186,1.5297287,42.5134123
187,1.5252307,42.5095383
187,1.5252055,42.5096579
187,1.5254425,42.5096851
187,1.5254677,42.5095654
187,1.5252307,42.5095383
188,1.5284793,42.5098543
188,1.5283638,42.5099116
188,1.5284679,42.5100254
188,1.5285833,42.5099681
188,1.5284793,42.5098543
189,1.5260105,42.5092954
189,1.5259683,42.5093648
189,1.5261052,42.50941
189,1.5261474,42.5093406
189,1.5260105,42.5092954
190,1.53039,42.5116815
190,1.5303375,42.5117977
190,1.53044,42.5118229
190,1.5304925,42.5117067
190,1.53039,42.5116815
191,1.5219453,42.507356
191,1.5221348,42.5074375
191,1.5222703,42.5072664
191,1.5220808,42.5071849
191,1.5219453,42.507356
192,1.52515,42.5079227
192,1.5253497,42.5079809
192,1.5254218,42.5078465
192,1.525222,42.5077883
192,1.52515,42.5079227
193,1.5253983,42.5076423
193,1.5253076,42.5078131
193,1.5254221,42.5078461
193,1.5255129,42.5076754
193,1.5253983,42.5076423
194,1.5287465,42.5097074
194,1.5286239,42.5097716
194,1.528729,42.5098806
194,1.5288516,42.5098163
194,1.5287465,42.5097074
195,1.5294473,42.5136617
195,1.5295122,42.5137017
195,1.5296458,42.5135839
195,1.5295808,42.5135438
195,1.5294473,42.5136617
196,1.5227797,42.5067941
196,1.5226811,42.5070242
196,1.5228822,42.507071
196,1.5229808,42.506841
196,1.5227797,42.5067941
197,1.5245814,42.5100719
197,1.5245708,42.5102038
197,1.5247527,42.5102117
197,1.5247634,42.5100799
197,1.5245814,42.5100719
198,1.5256338,42.5094858
198,1.5257169,42.5095112
198,1.5257727,42.5094119
198,1.5256897,42.5093866
198,1.5256338,42.5094858
199,1.5247856,42.5073768
199,1.5246991,42.5075076
199,1.5248216,42.5075516
199,1.5249081,42.5074208
199,1.5247856,42.5073768
200,1.5245048,42.510286
200,1.524491,42.5104438
200,1.5246838,42.5104529
200,1.5246975,42.5102951
200,1.5245048,42.510286
201,1.5251143,42.5099355
201,1.5251135,42.5100109
201,1.5253125,42.5100121
201,1.5253133,42.5099366
201,1.5251143,42.5099355
202,1.5258134,42.5096231
202,1.5260565,42.5096739
202,1.5260926,42.5095802
202,1.5258495,42.5095294
202,1.5258134,42.5096231
203,1.5279867,42.5096199
203,1.5278691,42.5096781
203,1.527972,42.5097911
203,1.5280897,42.5097329
203,1.5279867,42.5096199
204,1.5216067,42.5050588
204,1.5214889,42.5050295
204,1.521386,42.5052547
204,1.5215038,42.505284
204,1.5216067,42.5050588
205,1.5277064,42.5098959
205,1.5278805,42.5099637
205,1.5279262,42.5099
205,1.5277521,42.5098322
205,1.5277064,42.5098959
206,1.5222596,42.5073664
206,1.5221808,42.5074714
206,1.5223254,42.5075304
206,1.5224041,42.5074254
206,1.5222596,42.5073664
207,1.53097,42.5124963
207,1.5310335,42.5125338
207,1.5311915,42.5123882
207,1.5311279,42.5123508
207,1.53097,42.5124963
208,1.519915,42.5049724
208,1.5198881,42.5050689
208,1.5199281,42.5051173
208,1.5202012,42.5051515
208,1.5202369,42.5050199
208,1.519915,42.5049724
209,1.5212773,42.5049631
209,1.5211661,42.5052085
209,1.5213767,42.5052604
209,1.5214764,42.5050405
209,1.5213867,42.5050184
209,1.5213983,42.5049929
209,1.5212773,42.5049631
210,1.5218443,42.5051115
210,1.5217582,42.5053013
210,1.5218805,42.5053315
210,1.5219079,42.5052306
210,1.5218531,42.5052209
210,1.5218927,42.5051259
210,1.5218443,42.5051115
211,1.529701,42.5054365
211,1.5300481,42.5055029
211,1.5301037,42.5053449
211,1.5298698,42.5053002
211,1.5298576,42.5053348
211,1.5297444,42.5053132
211,1.529701,42.5054365
212,1.5266562,42.5091191
212,1.5264891,42.5090572
212,1.5264091,42.5091745
212,1.5265718,42.5092347
212,1.5265847,42.5092158
212,1.5266264,42.5092313
212,1.5266706,42.5091664
212,1.5266334,42.5091527
212,1.5266562,42.5091191
213,1.5256914,42.5078089
213,1.5255824,42.5080059
213,1.5257229,42.5080481
213,1.5257097,42.5080719
213,1.5257984,42.5080986
213,1.5258946,42.5079246
213,1.5258151,42.5079007
213,1.525841,42.5078538
213,1.5256914,42.5078089
214,1.5285558,42.5077526
214,1.5282714,42.507862
214,1.5283478,42.5079786
214,1.5284452,42.508107
214,1.528592,42.5082361
214,1.5287491,42.5083423
214,1.5289799,42.5081424
214,1.5288602,42.5080723
214,1.5287463,42.5079633
214,1.5285558,42.5077526
215,1.5303461,42.5071157
215,1.5305254,42.5069174
215,1.5305545,42.5069092
215,1.5305926,42.5069117
215,1.5308357,42.5070075
215,1.5309254,42.5070422
215,1.5309937,42.5070636
215,1.5310004,42.507081
215,1.5309478,42.5071479
215,1.5308693,42.5073403
215,1.5308279,42.5073618
215,1.5307629,42.5073717
215,1.5307248,42.5073635
215,1.5306284,42.5073156
215,1.5303461,42.5071157
216,1.5306116,42.5074813
216,1.5303072,42.5074621
216,1.5302456,42.5074572
216,1.5301829,42.507439
216,1.5301448,42.5074142
216,1.5301302,42.5073836
216,1.5301302,42.507349
216,1.5301459,42.5073176
216,1.5302568,42.5072292
216,1.5303083,42.5072152
216,1.5303599,42.5072201
216,1.5303913,42.507235
216,1.5306691,42.5074175
216,1.5306725,42.507434
216,1.5306635,42.5074563
216,1.5306445,42.5074695
216,1.5306116,42.5074813
217,1.5312679,42.5076599
217,1.531073,42.5079619
217,1.5310508,42.5079549
217,1.5310073,42.5080431
217,1.5309653,42.5081055
217,1.5309419,42.508145
217,1.530951,42.508161
217,1.5309692,42.5081698
217,1.5310049,42.5081663
217,1.5310904,42.5081587
217,1.5312144,42.5081562
217,1.5313154,42.5081733
217,1.5313638,42.5081745
217,1.5313994,42.5081418
217,1.5315801,42.5078346
217,1.5315768,42.5078014
217,1.5312679,42.5076599
218,1.5322478,42.5059709
218,1.5324377,42.5060109
218,1.5325116,42.5058201
218,1.5323217,42.5057801
218,1.5322478,42.5059709
219,1.5247313,42.5043095
219,1.5246727,42.5044662
219,1.5249125,42.5045149
219,1.5249711,42.5043582
219,1.5247313,42.5043095
220,1.5302094,42.5065978
220,1.5305018,42.5068026
220,1.5306153,42.5066963
220,1.5303324,42.506501
220,1.5302094,42.5065978
221,1.5302599,42.5064505
221,1.5306159,42.506696
221,1.530772,42.5065458
221,1.5304414,42.5063063
221,1.5302599,42.5064505
222,1.5250775,42.5043797
222,1.5250152,42.5045456
222,1.5252415,42.5045918
222,1.5253039,42.5044259
222,1.5250775,42.5043797
223,1.5258103,42.5043654
223,1.5257295,42.5046889
223,1.5260901,42.5047646
223,1.5261405,42.5047596
223,1.5261981,42.5047401
223,1.5263159,42.5044628
223,1.5258103,42.5043654
224,1.5304892,42.506272
224,1.5307984,42.5064678
224,1.53085,42.5064579
224,1.5309917,42.5062986
224,1.5309788,42.5062761
224,1.5306852,42.5061564
224,1.5306354,42.5061548
224,1.5304892,42.506272
225,1.5288785,42.5061962
225,1.528653,42.5063788
225,1.5286344,42.5064205
225,1.5286539,42.5064607
225,1.5289155,42.5066361
225,1.5289788,42.5066415
225,1.5290322,42.5066253
225,1.5292546,42.5064547
225,1.5288785,42.5061962
226,1.5307113,42.507568
226,1.5305021,42.5080925
226,1.5304847,42.5081906
226,1.5306273,42.5081625
226,1.5306812,42.5081719
226,1.5307446,42.5081777
226,1.5308333,42.5081719
226,1.5311597,42.5076112
226,1.5307113,42.507568
227,1.5261666,42.5054548
227,1.5262152,42.5052488
227,1.5267522,42.5053176
227,1.5267343,42.5053936
227,1.5268914,42.5054137
227,1.5268769,42.505475
227,1.5267276,42.5054558
227,1.5267113,42.5055246
227,1.5261666,42.5054548
228,1.5248486,42.5051707
228,1.5244342,42.5051135
228,1.524452,42.5050435
228,1.5248664,42.5051007
228,1.5248486,42.5051707
229,1.5280546,42.5052014
229,1.5281208,42.5050196
229,1.5279129,42.5049784
229,1.5278467,42.5051602
229,1.5280546,42.5052014
230,1.5277856,42.5051608
230,1.5276327,42.5051568
230,1.5276086,42.505145
230,1.5275952,42.5051272
230,1.5276005,42.5051094
230,1.5276515,42.5048859
230,1.5278573,42.5049078
230,1.5277856,42.5051608
231,1.5272465,42.5051761
231,1.5274785,42.5051949
231,1.5275026,42.5050862
231,1.5272719,42.5050496
231,1.5272465,42.5051761
232,1.5272719,42.5050496
232,1.5272867,42.5049537
232,1.5275241,42.5049754
232,1.5275026,42.5050862
232,1.5272719,42.5050496
233,1.5272867,42.5049537
233,1.5275241,42.5049754
233,1.5275482,42.504841
233,1.5272988,42.5048835
233,1.5272867,42.5049537
234,1.5269622,42.5051376
234,1.5269903,42.5049932
234,1.5272129,42.5050229
234,1.5271727,42.5051475
234,1.5271405,42.5051682
234,1.5269622,42.5051376
235,1.5269903,42.5049932
235,1.5269957,42.5049448
235,1.5272384,42.5048934
235,1.5272129,42.5050229
235,1.5269903,42.5049932
236,1.5269622,42.5051376
236,1.5269957,42.5049448
236,1.5266872,42.5050377
236,1.5266765,42.505097
236,1.5269622,42.5051376
237,1.5281115,42.5055103
237,1.5281638,42.5054994
237,1.5282067,42.505453
237,1.5282577,42.505362
237,1.5280458,42.5053343
237,1.5277226,42.5053402
237,1.527689,42.505361
237,1.5277091,42.5054006
237,1.5281115,42.5055103
238,1.5284655,42.5054025
238,1.5283851,42.5053867
238,1.5282818,42.5055657
238,1.5283717,42.5055854
238,1.5284655,42.5054025
239,1.5283717,42.5055854
239,1.5284655,42.5054025
239,1.5286573,42.5054381
239,1.5285567,42.5056299
239,1.5283717,42.5055854
240,1.5285567,42.5056299
240,1.5288317,42.5057051
240,1.5289416,42.5054955
240,1.5286573,42.5054381
240,1.5285567,42.5056299
241,1.5270462,42.5055119
241,1.5272315,42.5055584
241,1.5272845,42.5054434
241,1.5270992,42.505397
241,1.5270462,42.5055119
242,1.5272315,42.5055584
242,1.5273269,42.5055815
242,1.5273766,42.5054668
242,1.5272845,42.5054434
242,1.5272315,42.5055584
243,1.5270641,42.5056566
243,1.5270131,42.5057446
243,1.5270735,42.5057674
243,1.5269259,42.5058464
243,1.5267985,42.505795
243,1.5268522,42.5057654
243,1.5267784,42.5056883
243,1.5268267,42.5056141
243,1.5268352,42.5055961
243,1.5269018,42.5054539
243,1.5270021,42.5054783
243,1.5270238,42.5054836
243,1.5269581,42.505622
243,1.5270641,42.5056566
244,1.5269018,42.5054539
244,1.5270021,42.5054783
244,1.5270619,42.5053476
244,1.5270348,42.5053184
244,1.5269727,42.5053015
244,1.5269018,42.5054539
245,1.5272835,42.5057126
245,1.5273834,42.5057348
245,1.5274123,42.5056642
245,1.5273124,42.505642
245,1.5272835,42.5057126
246,1.5274982,42.5057383
246,1.5274573,42.5057294
246,1.5275053,42.5056092
246,1.5274378,42.5055946
246,1.5274633,42.5055307
246,1.5275284,42.5055448
246,1.5275375,42.5055221
246,1.5275808,42.5055315
246,1.5274982,42.5057383
247,1.527477,42.5058242
247,1.5275966,42.505849
247,1.5277199,42.5055066
247,1.5276066,42.5054755
247,1.527477,42.5058242
248,1.5276432,42.5058587
248,1.5276863,42.5057429
248,1.5278714,42.5057686
248,1.5278255,42.5058965
248,1.5276432,42.5058587
249,1.5283378,42.5061746
249,1.5284645,42.5060245
249,1.5287369,42.5061495
249,1.5286101,42.5062996
249,1.5283378,42.5061746
250,1.5279046,42.5057188
250,1.5279931,42.5055451
250,1.5284522,42.5056722
250,1.5283636,42.5058459
250,1.5279046,42.5057188
251,1.5283636,42.5058459
251,1.5284522,42.5056722
251,1.5287017,42.5057452
251,1.5285944,42.5059192
251,1.5283636,42.5058459
252,1.5257969,42.5060636
252,1.5257432,42.5059647
252,1.52588,42.5059212
252,1.525931,42.506024
252,1.5257969,42.5060636
253,1.5253463,42.5046181
253,1.5254123,42.5043236
253,1.5257678,42.5043721
253,1.5256898,42.5046827
253,1.5253463,42.5046181
254,1.5242814,42.5047823
254,1.5241714,42.5047645
254,1.5241473,42.5047269
254,1.5241634,42.5046656
254,1.5242144,42.5046438
254,1.5243002,42.5046577
254,1.5243136,42.5046023
254,1.5243753,42.5045647
254,1.5244685,42.5045827
254,1.5244879,42.5046359
254,1.5244797,42.5046824
254,1.5244289,42.5047091
254,1.5243512,42.5047012
254,1.5243297,42.5047605
254,1.5242814,42.5047823
255,1.5245282,42.5044876
255,1.5245416,42.5043749
255,1.5244289,42.5043729
255,1.524268,42.5044125
255,1.5243109,42.5044975
255,1.5244182,42.5044738
255,1.5245282,42.5044876
256,1.5252778,42.5049106
256,1.525325,42.5047416
256,1.5255678,42.5047785
256,1.5255568,42.5048174
256,1.5255207,42.5049475
256,1.5252778,42.5049106
257,1.5255568,42.5048174
257,1.5255207,42.5049475
257,1.5257003,42.5049726
257,1.5257338,42.504848
257,1.5255568,42.5048174
258,1.5257003,42.5049726
258,1.5258398,42.5049924
258,1.5258666,42.5048767
258,1.5257338,42.504848
258,1.5257003,42.5049726
259,1.5265063,42.5050784
259,1.5265224,42.5050141
259,1.526273,42.5049657
259,1.5262502,42.5050467
259,1.5265063,42.5050784
260,1.5258398,42.5049924
260,1.5259511,42.5050111
260,1.5259739,42.5049004
260,1.5258666,42.5048767
260,1.5258398,42.5049924
261,1.5262502,42.5050467
261,1.5260852,42.505027
261,1.5261107,42.5049261
261,1.526273,42.5049657
261,1.5262502,42.5050467
262,1.5260852,42.505027
262,1.5259511,42.5050111
262,1.5259739,42.5049004
262,1.5261107,42.5049261
262,1.5260852,42.505027
263,1.5165761,42.5043985
263,1.5169688,42.5044095
263,1.5169901,42.5039936
263,1.5165974,42.5039826
263,1.5165761,42.5043985
264,1.5169659,42.5045587
264,1.5168066,42.5044856
264,1.5164306,42.5046319
264,1.5161198,42.5048456
264,1.5164776,42.505092
264,1.5167779,42.5052248
264,1.5169424,42.5051459
264,1.5169933,42.5048578
264,1.5169659,42.5045587
265,1.5151943,42.5039766
265,1.5151303,42.5040152
265,1.5153404,42.5042047
265,1.5153721,42.5041855
265,1.5154152,42.5042244
265,1.515372,42.5042504
265,1.5156378,42.5044902
265,1.515729,42.5044352
265,1.515413,42.5041501
265,1.5154572,42.5041234
265,1.5157068,42.5043486
265,1.5157359,42.504331
265,1.5161331,42.5046893
265,1.5163221,42.5045754
265,1.5159791,42.504266
265,1.5163471,42.5040443
265,1.5161936,42.5039058
265,1.5158054,42.5041396
265,1.5156359,42.5039867
265,1.5156741,42.5039637
265,1.5154783,42.503787
265,1.5155594,42.5037382
265,1.5154658,42.5036538
265,1.5154869,42.5036411
265,1.515175,42.5033598
265,1.5150036,42.503463
265,1.5150989,42.503549
265,1.5148406,42.5037045
265,1.5150546,42.5038975
265,1.5150858,42.5038787
265,1.5151943,42.5039766
266,1.5148098,42.5036258
266,1.5149104,42.5035629
266,1.5147716,42.5034423
266,1.5148691,42.5033814
266,1.5147808,42.5033046
266,1.5145827,42.5034285
266,1.5148098,42.5036258
267,1.5459572,42.5102501
267,1.5458739,42.5099968
267,1.5458205,42.5100063
267,1.5458086,42.5099701
267,1.5457691,42.5099771
267,1.5457573,42.5099413
267,1.5454384,42.5099982
267,1.5454756,42.5101114
267,1.5456588,42.5100787
267,1.5457285,42.5102909
267,1.5459572,42.5102501
268,1.5320376,42.5123208
268,1.5325257,42.5124315
268,1.5326062,42.5122753
268,1.53211,42.5121567
268,1.5320376,42.5123208
269,1.5227781,42.5092428
269,1.5228194,42.509178
269,1.522766,42.5091601
269,1.5228007,42.5090968
269,1.5228483,42.509114
269,1.5228912,42.5090191
269,1.5232014,42.5091006
269,1.5234035,42.5091536
269,1.5233982,42.5091753
269,1.5234411,42.5091991
269,1.5234116,42.5092722
269,1.5235269,42.5093276
269,1.5236932,42.5093632
269,1.5238956,42.5091934
269,1.5241679,42.5093533
269,1.5240902,42.5094146
269,1.5242699,42.5093909
269,1.5243235,42.5095095
269,1.5241557,42.5095454
269,1.5239668,42.5095609
269,1.5237185,42.5095474
269,1.5235725,42.5095293
269,1.5235323,42.5095233
269,1.5234947,42.5095609
269,1.523461,42.5096056
269,1.5234062,42.5096695
269,1.5232533,42.5096162
269,1.5231299,42.5095885
269,1.5230104,42.509575
269,1.5229046,42.5095746
269,1.5227759,42.5095845
269,1.5226886,42.5095869
269,1.5225893,42.509577
269,1.5224499,42.5095612
269,1.5223387,42.5095372
269,1.5222555,42.5095016
269,1.5223506,42.5093556
269,1.5224513,42.5093968
269,1.5225732,42.5094327
269,1.5226981,42.5094423
269,1.5228274,42.5094388
269,1.5228726,42.5094348
269,1.522985,42.5094393
269,1.5230343,42.5094427
269,1.5230682,42.5094245
269,1.5231258,42.5093921
269,1.5231809,42.5093612
269,1.5232089,42.5093239
269,1.5229288,42.5092505
269,1.5228897,42.5093081
269,1.5228403,42.5092782
269,1.5227781,42.5092428
270,1.5240419,42.5087581
270,1.5243596,42.5084895
270,1.5243235,42.5084714
270,1.5244657,42.508335
270,1.5244228,42.5083133
270,1.5245864,42.5079811
270,1.5245447,42.5079141
270,1.5244025,42.5078706
270,1.5244105,42.507839
270,1.5242764,42.5078093
270,1.524184,42.507817
270,1.5241745,42.5080644
270,1.5240472,42.508074
270,1.5239143,42.508191
270,1.5239158,42.5082203
270,1.52363,42.5084816
270,1.5236342,42.5085288
270,1.5240419,42.5087581
271,1.5233138,42.5087107
271,1.523534,42.5085889
271,1.5234601,42.5085163
271,1.5232399,42.5086381
271,1.5233138,42.5087107
272,1.523905,42.5078288
272,1.524184,42.507817
272,1.5241745,42.5080644
272,1.5240472,42.508074
272,1.5239694,42.5080759
272,1.523964,42.5081174
272,1.5238916,42.5081253
272,1.5239143,42.508191
272,1.5239158,42.5082203
272,1.52363,42.5084816
272,1.5235965,42.5084635
272,1.5235905,42.5084284
272,1.5236019,42.508416
272,1.5234544,42.508327
272,1.5234329,42.5083448
272,1.523392,42.5083157
272,1.5234001,42.508284
272,1.5235617,42.5081392
272,1.5235288,42.5081278
272,1.523559,42.5081016
272,1.5235268,42.5080818
272,1.5235643,42.5080561
272,1.5235214,42.5080225
272,1.5234752,42.508027
272,1.523449,42.5080028
272,1.5233766,42.5080502
272,1.5233981,42.5080759
272,1.5231888,42.5082558
272,1.5231137,42.5082025
272,1.5230943,42.5081654
272,1.5230842,42.5080818
272,1.5230836,42.5080487
272,1.523097,42.5080309
272,1.5231164,42.5080047
272,1.5233685,42.5078446
272,1.5238406,42.5078307
272,1.5238433,42.507985
272,1.5239124,42.5079775
272,1.523905,42.5078288
273,1.5210808,42.5085861
273,1.5215817,42.5089214
273,1.521431,42.5090349
273,1.5214053,42.5090527
273,1.5213704,42.509023
273,1.5213482,42.5090433
273,1.521298,42.5090329
273,1.5212328,42.5090018
273,1.5211451,42.5088807
273,1.5211666,42.5088629
273,1.5209761,42.5087495
273,1.5209217,42.508717
273,1.5210808,42.5085861
274,1.5218452,42.5089716
274,1.5219793,42.5088648
274,1.5214885,42.5085228
274,1.5213409,42.5086414
274,1.5213597,42.5086869
274,1.5216226,42.5088609
274,1.521644,42.5088411
274,1.5218452,42.5089716
275,1.5230269,42.5085184
275,1.5232205,42.5084712
275,1.5231759,42.5083718
275,1.5229823,42.5084189
275,1.5230269,42.5085184
276,1.5229342,42.5086988
276,1.5230567,42.5086182
276,1.5229816,42.5084699
276,1.5228448,42.5085075
276,1.5229342,42.5086988
277,1.5221134,42.5088016
277,1.5224291,42.5086992
277,1.5223924,42.5086177
277,1.5224211,42.5085312
277,1.522395,42.5084991
277,1.5217138,42.5083567
277,1.5215287,42.5084971
277,1.5219766,42.5087877
277,1.5220383,42.5088075
277,1.5220734,42.5088077
277,1.5221134,42.5088016
278,1.5203405,42.5084378
278,1.5206429,42.5086321
278,1.5208581,42.5084516
278,1.520565,42.5082484
278,1.5203405,42.5084378
279,1.5202466,42.5083369
279,1.5204309,42.5081773
279,1.52026,42.5080601
279,1.5202305,42.5080265
279,1.5201929,42.5079988
279,1.5201608,42.5079632
279,1.5201305,42.5079261
279,1.5200937,42.5078723
279,1.5198354,42.5079598
279,1.5198899,42.5080542
279,1.5199542,42.5081253
279,1.520024,42.5081946
279,1.5201044,42.5082558
279,1.5202466,42.5083369
280,1.5227813,42.5088095
280,1.5228832,42.5087284
280,1.5228502,42.5087032
280,1.5228752,42.5086849
280,1.5228234,42.5086419
280,1.5226874,42.5087383
280,1.5227813,42.5088095
281,1.5225506,42.5084298
281,1.5230085,42.5083058
281,1.523038,42.5082425
281,1.5229127,42.5080957
281,1.5228805,42.5080759
281,1.5228376,42.508068
281,1.5227759,42.508066
281,1.5226767,42.5080878
281,1.5226061,42.508112
281,1.5225847,42.5081693
281,1.5225184,42.5082558
281,1.5225104,42.5084121
281,1.5225506,42.5084298
282,1.5216012,42.5090912
282,1.5217068,42.5090116
282,1.5215817,42.5089214
282,1.521431,42.5090349
282,1.5214751,42.5090667
282,1.5214936,42.5090527
282,1.521526,42.5090761
282,1.5215393,42.509066
282,1.5215664,42.5090856
282,1.5215797,42.5090756
282,1.5216012,42.5090912
283,1.5225131,42.508681
283,1.5226767,42.5086236
283,1.5226169,42.5085094
283,1.5224862,42.5085307
283,1.5224648,42.5085979
283,1.5225131,42.508681
284,1.5207991,42.5088965
284,1.5209761,42.5087495
284,1.5209217,42.508717
284,1.5210808,42.5085861
284,1.5208581,42.5084516
284,1.5206429,42.5086321
284,1.5205282,42.5087284
284,1.5207991,42.5088965
285,1.5251217,42.5103302
285,1.5252018,42.5104753
285,1.5254492,42.5104011
285,1.5253691,42.510256
285,1.5251217,42.5103302
286,1.5255203,42.5102344
286,1.5257652,42.5102515
286,1.5257345,42.5104208
286,1.5254956,42.5104025
286,1.5255203,42.5102344
287,1.5258679,42.510359
287,1.5260554,42.5103586
287,1.5260551,42.5102784
287,1.5258675,42.5102788
287,1.5258679,42.510359
288,1.526123,42.5103755
288,1.5262874,42.5104239
288,1.5263217,42.5103606
288,1.5261573,42.5103122
288,1.526123,42.5103755
289,1.5263472,42.5104669
289,1.526594,42.5106689
289,1.5266751,42.5106151
289,1.5264283,42.5104131
289,1.5263472,42.5104669
290,1.5265517,42.5108375
290,1.5268682,42.5109475
290,1.5269605,42.5108031
290,1.526644,42.5106931
290,1.5265517,42.5108375
291,1.5266978,42.5103774
291,1.5269032,42.5104995
291,1.5270101,42.5104017
291,1.5268048,42.5102796
291,1.5266978,42.5103774
292,1.5265485,42.5101365
292,1.526582,42.5101597
292,1.526596,42.5101487
292,1.5266347,42.5101754
292,1.5266525,42.5101614
292,1.5267459,42.510226
292,1.5266181,42.5103264
292,1.5265442,42.5102753
292,1.5265285,42.5102876
292,1.5264827,42.5102559
292,1.5264617,42.5102725
292,1.5264158,42.5102407
292,1.5265485,42.5101365
293,1.525437,42.5100059
293,1.5257356,42.5100121
293,1.525741,42.5098711
293,1.5256007,42.5098682
293,1.5256,42.5098873
293,1.5254417,42.509884
293,1.525437,42.5100059
294,1.5289484,42.5061372
294,1.5291935,42.5059536
294,1.5295613,42.5062218
294,1.5293339,42.5063966
294,1.5289484,42.5061372
295,1.5311153,42.507105
295,1.5309126,42.5074949
295,1.5312665,42.5075182
295,1.5313416,42.5075343
295,1.5315581,42.5075459
295,1.5316748,42.5076946
295,1.5319761,42.507556
295,1.5319799,42.5075353
295,1.5318653,42.5073952
295,1.5317597,42.5073292
295,1.5311153,42.507105
296,1.529572,42.508042
296,1.5299475,42.5075189
296,1.5307113,42.507568
296,1.5305021,42.5080925
296,1.5304847,42.5081906
296,1.5303964,42.5082607
296,1.5303334,42.5081638
296,1.5301899,42.5082024
296,1.5300236,42.5081451
296,1.529792,42.5080884
296,1.5297665,42.5080805
296,1.529572,42.508042
297,1.5316084,42.5060659
297,1.530957,42.5059309
297,1.5308941,42.5059546
297,1.5308074,42.5060237
297,1.5307962,42.5060783
297,1.5308186,42.5061174
297,1.5308675,42.5061494
297,1.5314085,42.5063483
297,1.5314756,42.5063514
297,1.531526,42.5063328
297,1.5316476,42.5061432
297,1.531649,42.5061164
297,1.5316406,42.5060989
297,1.5316252,42.5060834
297,1.5316084,42.5060659
298,1.5336358,42.5078212
298,1.5340768,42.5080723
298,1.5341103,42.5081135
298,1.534074,42.5084165
298,1.5329822,42.5083299
298,1.5329473,42.5083248
298,1.5329179,42.5083042
298,1.5328061,42.5080362
298,1.5328229,42.5080074
298,1.5328634,42.507996
298,1.5331779,42.5078961
298,1.5331877,42.5079146
298,1.5333541,42.507927
298,1.5333555,42.5078961
298,1.5334309,42.5078713
298,1.5335246,42.5079208
298,1.5336358,42.5078212
299,1.5295263,42.5070491
299,1.5297991,42.5068305
299,1.530238,42.507122
299,1.5299968,42.5073449
299,1.5295263,42.5070491
300,1.5294169,42.5064491
300,1.5296384,42.5062844
300,1.5300041,42.5065395
300,1.5297844,42.5067037
300,1.5294169,42.5064491
301,1.532288,42.5078161
301,1.532121,42.507596
301,1.5324126,42.5074663
301,1.5325361,42.5077097
301,1.532288,42.5078161
302,1.5325598,42.5077592
302,1.5323177,42.5078627
302,1.5325875,42.5081899
302,1.5327516,42.5081265
302,1.5325598,42.5077592
303,1.5296923,42.5067532
303,1.5293503,42.5065157
303,1.5290973,42.5067197
303,1.5294294,42.5069748
303,1.5296923,42.5067532
304,1.5287017,42.5057452
304,1.5290628,42.5058722
304,1.5291146,42.5059113
304,1.5288937,42.5060865
304,1.5285944,42.5059192
304,1.5287017,42.5057452
305,1.5289416,42.5054955
305,1.5293326,42.5055754
305,1.5295968,42.5057949
305,1.5293648,42.5059711
305,1.5291523,42.5058258
305,1.5288317,42.5057051
305,1.5289416,42.5054955
306,1.5298683,42.5067503
306,1.5300897,42.5065827
306,1.5304515,42.5068363
306,1.5304515,42.5069121
306,1.530321,42.5070433
306,1.5302795,42.5070476
306,1.5298683,42.5067503
307,1.5311327,42.5063474
307,1.5313937,42.5064574
307,1.5314135,42.5065084
307,1.5310645,42.5070105
307,1.5305999,42.5068465
307,1.5310833,42.5063547
307,1.5311327,42.5063474
308,1.5320351,42.5061528
308,1.5323423,42.5062287
308,1.5320921,42.5066214
308,1.5316014,42.5063936
308,1.5317175,42.506237
308,1.5319341,42.5063287
308,1.5320351,42.5061528
309,1.5324977,42.5081991
309,1.5324348,42.5082754
309,1.5323411,42.5082805
309,1.5315807,42.5082074
309,1.5315303,42.5081837
309,1.5315122,42.5081589
309,1.5315122,42.5081146
309,1.5317274,42.5077488
309,1.532049,42.5076261
309,1.5324977,42.5081991
310,1.5331635,42.5085939
310,1.5339398,42.5086708
310,1.5339602,42.508505
310,1.5325819,42.5083906
310,1.5325162,42.5084359
310,1.5324547,42.5088255
310,1.5330767,42.5088791
310,1.5331047,42.5086647
310,1.5331466,42.5086699
310,1.5331635,42.5085939
311,1.5286823,42.5068895
311,1.5283364,42.5066461
311,1.5285044,42.5065106
311,1.5285953,42.5065135
311,1.5288464,42.5066898
311,1.5288682,42.5067583
311,1.5286823,42.5068895