DATE	HOUR	EDGE_ID	AMOUNT
11/9/14	0	1	1
11/9/14	0	3	3
11/9/14	0	4	1
11/9/14	0	6	1
11/9/14	0	7	1
11/9/14	0	8	1
11/9/14	0	9	4
11/9/14	0	9	2
11/9/14	0	11	1
11/9/14	0	12	1
11/9/14	0	13	1
11/9/14	0	14	2
11/9/14	0	16	2
11/9/14	0	18	2
11/9/14	0	20	1
11/9/14	0	22	1
11/9/14	0	24	1
11/9/14	0	26	1
11/9/14	0	28	1
11/9/14	0	29	1
11/9/14	0	4	10
11/9/14	0	32	1
11/9/14	0	34	4
11/9/14	1	0	3
11/9/14	1	3	1
11/9/14	1	36	1
11/9/14	1	11	1
11/9/14	1	5	1
11/9/14	1	6	1
11/9/14	1	7	3
11/9/14	1	10	22
11/9/14	1	32	1
11/9/14	1	13	20
11/9/14	1	16	1
11/9/14	1	19	1
11/9/14	1	15	1
11/9/14	1	40	1
11/9/14	1	26	1
11/9/14	1	12	2
11/9/14	1	9	2
11/9/14	1	1	1
11/9/14	1	29	1
11/9/14	1	1	1
11/9/14	1	43	1
11/9/14	2	5	3
11/9/14	2	7	3
11/9/14	2	7	1
11/9/14	2	11	4
11/9/14	2	13	1
11/9/14	2	21	8
11/9/14	2	34	4
11/9/14	2	7	1
11/9/14	2	2	4
11/9/14	2	4	3
11/9/14	2	46	1
11/9/14	2	34	1
11/9/14	3	2	1
11/9/14	3	11	5
11/9/14	3	5	4
11/9/14	3	7	3
11/9/14	3	8	4
11/9/14	3	9	2
11/9/14	3	13	1
11/9/14	3	16	1
11/9/14	3	2	1
11/9/14	3	34	3
11/9/14	3	27	1
11/9/14	3	2	4
11/9/14	3	49	1
11/9/14	3	35	1
11/9/14	4	9	1
11/9/14	4	4	1
11/9/14	4	5	4
11/9/14	4	7	4
11/9/14	4	8	2
11/9/14	4	9	3
11/9/14	4	9	1
11/9/14	4	32	1
11/9/14	4	50	1
11/9/14	4	51	1
11/9/14	4	39	3
11/9/14	4	45	1
11/9/14	4	4	1
11/9/14	4	12	1
11/9/14	4	2	4
11/9/14	4	3	1
11/9/14	4	4	2
11/9/14	4	14	1
11/9/14	5	49	1
11/9/14	5	11	1
11/9/14	5	6	1
11/9/14	5	57	1
11/9/14	5	57	1
11/9/14	5	11	1
11/9/14	5	11	1
11/9/14	5	14	1
11/9/14	5	1	1
11/9/14	5	33	2
11/9/14	5	21	15
11/9/14	5	59	1
11/9/14	5	61	1
11/9/14	5	24	1
11/9/14	5	42	1
11/9/14	5	63	1
11/9/14	5	6	1
11/9/14	5	64	1
11/9/14	5	65	1
11/9/14	6	66	1
11/9/14	6	3	2
11/9/14	6	4	1
11/9/14	6	5	3
11/9/14	6	6	1
11/9/14	6	8	3
11/9/14	6	7	2
11/9/14	6	9	1
11/9/14	6	68	1
11/9/14	6	9	1
11/9/14	6	14	1
11/9/14	6	14	2
11/9/14	6	13	17
11/9/14	6	69	1
11/9/14	6	21	1
11/9/14	6	70	1
11/9/14	6	39	1
11/9/14	6	13	1
11/9/14	6	72	1
11/9/14	6	30	3
11/9/14	6	60	1
11/9/14	6	52	1
11/9/14	6	13	1
11/9/14	6	38	1
11/9/14	7	0	8
11/9/14	7	42	2
11/9/14	7	1	1
11/9/14	7	4	5
11/9/14	7	74	1
11/9/14	7	51	1
11/9/14	7	6	2
11/9/14	7	7	1
11/9/14	7	9	1
11/9/14	7	68	1
11/9/14	7	37	1
11/9/14	7	75	1
11/9/14	7	14	2
11/9/14	7	76	1
11/9/14	7	77	1
11/9/14	7	21	5
11/9/14	7	22	1
11/9/14	7	53	1
11/9/14	7	4	1
11/9/14	7	47	1
11/9/14	7	41	1
11/9/14	7	6	1
11/9/14	7	46	1
11/9/14	7	43	1
11/9/14	7	34	3
11/9/14	7	45	1
11/9/14	8	81	1
11/9/14	8	0	4
11/9/14	8	83	1
11/9/14	8	0	7
11/9/14	8	73	1
11/9/14	8	2	7
11/9/14	8	3	1
11/9/14	8	4	2
11/9/14	8	31	3
11/9/14	8	5	22
11/9/14	8	60	3
11/9/14	8	15	1
11/9/14	8	6	2
11/9/14	8	7	1
11/9/14	8	8	18
11/9/14	8	41	1
11/9/14	8	54	2
11/9/14	8	68	1
11/9/14	8	84	1
11/9/14	8	85	1
11/9/14	8	27	1
11/9/14	8	14	1
11/9/14	8	32	2
11/9/14	8	32	1
11/9/14	8	86	1
11/9/14	8	86	1
11/9/14	8	50	1
11/9/14	8	80	1
11/9/14	8	68	1
11/9/14	8	88	2
11/9/14	8	22	1
11/9/14	8	89	3
11/9/14	8	83	1
11/9/14	8	91	1
11/9/14	8	92	3
11/9/14	8	44	2
11/9/14	8	36	1
11/9/14	8	24	1
11/9/14	8	27	1
11/9/14	8	95	3
11/9/14	8	62	1
11/9/14	8	73	1
11/9/14	8	30	1
11/9/14	8	74	1
11/9/14	8	32	1
11/9/14	8	97	1
11/9/14	8	88	1
11/9/14	9	57	2
11/9/14	9	0	3
11/9/14	9	66	1
11/9/14	9	0	1
11/9/14	9	73	1
11/9/14	9	2	9
11/9/14	9	3	1
11/9/14	9	99	1
11/9/14	9	100	1
11/9/14	9	101	1
11/9/14	9	36	1
11/9/14	9	74	1
11/9/14	9	11	1
11/9/14	9	5	12
11/9/14	9	6	9
11/9/14	9	52	3
11/9/14	9	6	1
11/9/14	9	60	9
11/9/14	9	45	1
11/9/14	9	45	3
11/9/14	9	7	4
11/9/14	9	8	11
11/9/14	9	37	1
11/9/14	9	37	1
11/9/14	9	62	1
11/9/14	9	68	1
11/9/14	9	28	1
11/9/14	9	103	1
11/9/14	9	81	1
11/9/14	9	27	2
11/9/14	9	85	1
11/9/14	9	14	1
11/9/14	9	14	1
11/9/14	9	32	2
11/9/14	9	76	7
11/9/14	9	47	2
11/9/14	9	47	1
11/9/14	9	105	1
11/9/14	9	50	4
11/9/14	9	106	1
11/9/14	9	107	1
11/9/14	9	84	2
11/9/14	9	108	1
11/9/14	9	21	6
11/9/14	9	20	1
11/9/14	9	22	1
11/9/14	9	109	1
11/9/14	9	76	4
11/9/14	9	60	1
11/9/14	9	78	7
11/9/14	9	111	1
11/9/14	9	112	1
11/9/14	9	35	14
11/9/14	9	40	1
11/9/14	9	39	6
11/9/14	9	114	1
11/9/14	9	64	2
11/9/14	9	88	1
11/9/14	9	44	1
11/9/14	9	44	1
11/9/14	9	32	1
11/9/14	9	93	7
11/9/14	9	27	3
11/9/14	9	117	2
11/9/14	9	62	1
11/9/14	9	109	3
11/9/14	9	96	1
11/9/14	9	119	1
11/9/14	9	85	5
11/9/14	9	60	1
11/9/14	9	32	2
11/9/14	9	77	1
11/9/14	9	77	1
11/9/14	10	9	8
11/9/14	10	9	2
11/9/14	10	121	2
11/9/14	10	90	1
11/9/14	10	42	11
11/9/14	10	122	3
11/9/14	10	83	1
11/9/14	10	2	10
11/9/14	10	3	3
11/9/14	10	1	3
11/9/14	10	3	2
11/9/14	10	99	1
11/9/14	10	70	1
11/9/14	10	74	1
11/9/14	10	30	3
11/9/14	10	49	6
11/9/14	10	36	2
11/9/14	10	11	3
11/9/14	10	108	2
11/9/14	10	5	26
11/9/14	10	52	1
11/9/14	10	15	1
11/9/14	10	56	1
11/9/14	10	7	1
11/9/14	10	7	2
11/9/14	10	7	1
11/9/14	10	41	1
11/9/14	10	41	1
11/9/14	10	41	1
11/9/14	10	37	1
11/9/14	10	54	1
11/9/14	10	10	330
11/9/14	10	68	1
11/9/14	10	84	3
11/9/14	10	84	1
11/9/14	10	81	2
11/9/14	10	103	2
11/9/14	10	109	7
11/9/14	10	121	2
11/9/14	10	72	1
11/9/14	10	128	3
11/9/14	10	32	4
11/9/14	10	58	1
11/9/14	10	47	1
11/9/14	10	47	4
11/9/14	10	1	3
11/9/14	10	76	1
11/9/14	10	51	1
11/9/14	10	129	1
11/9/14	10	50	1
11/9/14	10	50	1
11/9/14	10	86	1
11/9/14	10	86	1
11/9/14	10	43	4
11/9/14	10	64	2
11/9/14	10	131	1
11/9/14	10	132	1
11/9/14	10	120	1
11/9/14	10	21	2
11/9/14	10	22	1
11/9/14	10	22	1
11/9/14	10	22	1
11/9/14	10	99	1
11/9/14	10	102	1
11/9/14	10	133	2
11/9/14	10	134	5
11/9/14	10	136	1
11/9/14	10	96	1
11/9/14	10	111	2
11/9/14	10	40	4
11/9/14	10	71	2
11/9/14	10	39	10
11/9/14	10	138	1
11/9/14	10	43	1
11/9/14	10	115	1
11/9/14	10	140	1
11/9/14	10	141	1
11/9/14	10	27	1
11/9/14	10	26	1
11/9/14	10	27	1
11/9/14	10	27	2
11/9/14	10	143	1
11/9/14	10	83	2
11/9/14	10	110	3
11/9/14	10	119	1
11/9/14	10	119	1
11/9/14	10	102	1
11/9/14	10	145	2
11/9/14	10	80	1
11/9/14	10	115	1
11/9/14	10	147	2
11/9/14	11	9	16
11/9/14	11	9	3
11/9/14	11	121	3
11/9/14	11	0	5
11/9/14	11	63	1
11/9/14	11	0	8
11/9/14	11	73	1
11/9/14	11	2	8
11/9/14	11	3	8
11/9/14	11	67	1
11/9/14	11	3	1
11/9/14	11	99	1
11/9/14	11	100	2
11/9/14	11	4	4
11/9/14	11	49	2
11/9/14	11	74	1
11/9/14	11	30	2
11/9/14	11	36	1
11/9/14	11	11	1
11/9/14	11	31	1
11/9/14	11	108	1
11/9/14	11	5	10
11/9/14	11	52	1
11/9/14	11	61	1
11/9/14	11	52	2
11/9/14	11	56	1
11/9/14	11	76	1
11/9/14	11	144	1
11/9/14	11	46	1
11/9/14	11	41	2
11/9/14	11	41	1
11/9/14	11	37	1
11/9/14	11	37	1
11/9/14	11	148	1
11/9/14	11	149	1
11/9/14	11	148	1
11/9/14	11	84	1
11/9/14	11	95	5
11/9/14	11	84	3
11/9/14	11	132	1
11/9/14	11	121	1
11/9/14	11	75	1
11/9/14	11	132	1
11/9/14	11	75	1
11/9/14	11	13	12
11/9/14	11	97	1
11/9/14	11	33	1
11/9/14	11	58	1
11/9/14	11	33	1
11/9/14	11	33	1
11/9/14	11	38	2
11/9/14	11	150	1
11/9/14	11	151	1
11/9/14	11	87	1
11/9/14	11	130	1
11/9/14	11	18	18
11/9/14	11	86	1
11/9/14	11	87	1
11/9/14	11	129	1
11/9/14	11	107	1
11/9/14	11	77	1
11/9/14	11	153	1
11/9/14	11	20	1
11/9/14	11	19	1
11/9/14	11	21	24
11/9/14	11	20	6
11/9/14	11	154	1
11/9/14	11	123	1
11/9/14	11	155	2
11/9/14	11	135	2
11/9/14	11	157	1
11/9/14	11	159	1
11/9/14	11	112	1
11/9/14	11	35	3
11/9/14	11	161	1
11/9/14	11	40	1
11/9/14	11	71	2
11/9/14	11	39	25
11/9/14	11	53	1
11/9/14	11	140	1
11/9/14	11	140	1
11/9/14	11	119	1
11/9/14	11	141	1
11/9/14	11	24	1
11/9/14	11	163	1
11/9/14	11	164	1
11/9/14	11	165	1
11/9/14	11	126	1
11/9/14	11	120	2
11/9/14	11	121	2
11/9/14	11	123	1
11/9/14	11	82	1
11/9/14	11	90	1
11/9/14	11	100	1
11/9/14	11	154	1
11/9/14	11	154	1
11/9/14	11	36	1
11/9/14	11	166	1
11/9/14	11	36	1
11/9/14	11	149	1
11/9/14	11	114	1
11/9/14	11	43	2
11/9/14	11	114	1
11/9/14	11	168	2
11/9/14	12	9	28
11/9/14	12	57	3
11/9/14	12	0	13
11/9/14	12	63	9
11/9/14	12	0	8
11/9/14	12	66	1
11/9/14	12	82	1
11/9/14	12	2	11
11/9/14	12	3	1
11/9/14	12	110	1
11/9/14	12	3	3
11/9/14	12	100	1
11/9/14	12	29	1
11/9/14	12	100	1
11/9/14	12	169	1
11/9/14	12	4	1
11/9/14	12	4	29
11/9/14	12	74	1
11/9/14	12	169	1
11/9/14	12	44	1
11/9/14	12	169	1
11/9/14	12	166	1
11/9/14	12	11	2
11/9/14	12	11	22
11/9/14	12	5	17
11/9/14	12	52	6
11/9/14	12	51	1
11/9/14	12	52	2
11/9/14	12	52	1
11/9/14	12	144	3
11/9/14	12	142	3
11/9/14	12	8	25
11/9/14	12	37	3
11/9/14	12	62	1
11/9/14	12	46	1
11/9/14	12	149	1
11/9/14	12	143	1
11/9/14	12	10	598
11/9/14	12	84	1
11/9/14	12	28	1
11/9/14	12	84	1
11/9/14	12	31	1
11/9/14	12	121	2
11/9/14	12	85	1
11/9/14	12	12	10
11/9/14	12	12	1
11/9/14	12	85	1
11/9/14	12	14	1
11/9/14	12	33	1
11/9/14	12	13	52
11/9/14	12	47	4
11/9/14	12	58	1
11/9/14	12	58	1
11/9/14	12	38	1
11/9/14	12	170	1
11/9/14	12	16	3
11/9/14	12	50	1
11/9/14	12	18	17
11/9/14	12	171	2
11/9/14	12	50	4
11/9/14	12	50	3
11/9/14	12	50	3
11/9/14	12	87	1
11/9/14	12	50	1
11/9/14	12	106	1
11/9/14	12	77	1
11/9/14	12	34	3
11/9/14	12	19	3
11/9/14	12	88	2
11/9/14	12	19	1
11/9/14	12	22	4
11/9/14	12	98	1
11/9/14	12	115	1
11/9/14	12	78	7
11/9/14	12	154	1
11/9/14	12	174	1
11/9/14	12	155	2
11/9/14	12	134	2
11/9/14	12	156	1
11/9/14	12	176	1
11/9/14	12	177	1
11/9/14	12	179	1
11/9/14	12	91	2
11/9/14	12	40	1
11/9/14	12	53	1
11/9/14	12	71	1
11/9/14	12	39	13
11/9/14	12	74	1
11/9/14	12	74	7
11/9/14	12	38	1
11/9/14	12	27	9
11/9/14	12	183	1
11/9/14	12	26	1
11/9/14	12	25	1
11/9/14	12	72	1
11/9/14	12	103	1
11/9/14	12	85	1
11/9/14	12	121	1
11/9/14	12	82	1
11/9/14	12	29	2
11/9/14	12	154	1
11/9/14	12	74	1
11/9/14	12	169	1
11/9/14	12	38	1
11/9/14	12	114	1
11/9/14	12	131	6
11/9/14	12	80	1
11/9/14	12	43	1
11/9/14	12	80	1
11/9/14	12	91	3
11/9/14	13	9	15
11/9/14	13	57	1
11/9/14	13	63	3
11/9/14	13	42	1
11/9/14	13	42	1
11/9/14	13	45	1
11/9/14	13	1	28
11/9/14	13	3	1
11/9/14	13	70	1
11/9/14	13	3	1
11/9/14	13	29	1
11/9/14	13	110	1
11/9/14	13	99	1
11/9/14	13	29	2
11/9/14	13	99	1
11/9/14	13	185	1
11/9/14	13	4	1
11/9/14	13	51	1
11/9/14	13	119	1
11/9/14	13	74	1
11/9/14	13	96	1
11/9/14	13	49	1
11/9/14	13	36	1
11/9/14	13	30	1
11/9/14	13	11	2
11/9/14	13	120	1
11/9/14	13	60	2
11/9/14	13	5	15
11/9/14	13	6	1
11/9/14	13	52	3
11/9/14	13	60	16
11/9/14	13	60	1
11/9/14	13	144	2
11/9/14	13	149	1
11/9/14	13	57	1
11/9/14	13	118	1
11/9/14	13	41	1
11/9/14	13	37	1
11/9/14	13	37	1
11/9/14	13	37	3
11/9/14	13	54	1
11/9/14	13	46	1
11/9/14	13	46	1
11/9/14	13	109	1
11/9/14	13	117	1
11/9/14	13	68	1
11/9/14	13	46	1
11/9/14	13	28	1
11/9/14	13	84	1
11/9/14	13	103	1
11/9/14	13	109	1
11/9/14	13	108	6
11/9/14	13	117	2
11/9/14	13	132	2
11/9/14	13	14	1
11/9/14	13	33	1
11/9/14	13	13	37
11/9/14	13	97	1
11/9/14	13	33	1
11/9/14	13	58	1
11/9/14	13	33	1
11/9/14	13	170	4
11/9/14	13	97	3
11/9/14	13	58	1
11/9/14	13	17	1
11/9/14	13	87	1
11/9/14	13	130	1
11/9/14	13	18	4
11/9/14	13	106	1
11/9/14	13	106	1
11/9/14	13	86	1
11/9/14	13	152	2
11/9/14	13	107	1
11/9/14	13	43	1
11/9/14	13	34	1
11/9/14	13	19	2
11/9/14	13	21	13
11/9/14	13	22	1
11/9/14	13	88	1
11/9/14	13	19	2
11/9/14	13	167	1
11/9/14	13	78	1
11/9/14	13	189	1
11/9/14	13	158	1
11/9/14	13	135	2
11/9/14	13	157	1
11/9/14	13	78	1
11/9/14	13	78	1
11/9/14	13	111	1
11/9/14	13	35	6
11/9/14	13	53	1
11/9/14	13	71	1
11/9/14	13	138	1
11/9/14	13	191	1
11/9/14	13	34	3
11/9/14	13	43	1
11/9/14	13	30	1
11/9/14	13	30	3
11/9/14	13	23	1
11/9/14	13	58	1
11/9/14	13	93	1
11/9/14	13	25	3
11/9/14	13	145	1
11/9/14	13	103	1
11/9/14	13	29	3
11/9/14	13	166	1
11/9/14	13	101	1
11/9/14	13	58	1
11/9/14	13	77	1
11/9/14	13	139	2
11/9/14	13	192	1
11/9/14	13	147	1
11/9/14	13	35	4
11/9/14	14	57	1
11/9/14	14	109	4
11/9/14	14	63	5
11/9/14	14	42	1
11/9/14	14	2	2
11/9/14	14	3	1
11/9/14	14	70	1
11/9/14	14	67	1
11/9/14	14	100	3
11/9/14	14	45	1
11/9/14	14	51	1
11/9/14	14	45	6
11/9/14	14	51	1
11/9/14	14	51	1
11/9/14	14	74	1
11/9/14	14	49	1
11/9/14	14	96	2
11/9/14	14	169	1
11/9/14	14	55	1
11/9/14	14	169	1
11/9/14	14	44	1
11/9/14	14	11	1
11/9/14	14	31	1
11/9/14	14	108	1
11/9/14	14	6	3
11/9/14	14	52	1
11/9/14	14	60	1
11/9/14	14	61	1
11/9/14	14	7	1
11/9/14	14	142	2
11/9/14	14	121	2
11/9/14	14	41	1
11/9/14	14	37	1
11/9/14	14	37	1
11/9/14	14	62	1
11/9/14	14	62	1
11/9/14	14	125	2
11/9/14	14	145	1
11/9/14	14	68	1
11/9/14	14	10	504
11/9/14	14	68	1
11/9/14	14	68	1
11/9/14	14	84	1
11/9/14	14	121	1
11/9/14	14	142	1
11/9/14	14	108	1
11/9/14	14	108	1
11/9/14	14	12	2
11/9/14	14	72	1
11/9/14	14	33	1
11/9/14	14	13	56
11/9/14	14	47	1
11/9/14	14	51	1
11/9/14	14	24	1
11/9/14	14	33	2
11/9/14	14	16	7
11/9/14	14	151	2
11/9/14	14	106	1
11/9/14	14	18	2
11/9/14	14	171	1
11/9/14	14	107	1
11/9/14	14	87	1
11/9/14	14	172	1
11/9/14	14	107	1
11/9/14	14	64	1
11/9/14	14	114	1
11/9/14	14	84	1
11/9/14	14	19	1
11/9/14	14	21	5
11/9/14	14	115	1
11/9/14	14	88	1
11/9/14	14	89	1
11/9/14	14	173	1
11/9/14	14	61	1
11/9/14	14	158	1
11/9/14	14	157	1
11/9/14	14	194	1
11/9/14	14	112	1
11/9/14	14	35	15
11/9/14	14	40	1
11/9/14	14	71	3
11/9/14	14	39	52
11/9/14	14	114	1
11/9/14	14	77	1
11/9/14	14	119	1
11/9/14	14	146	1
11/9/14	14	33	2
11/9/14	14	183	1
11/9/14	14	27	4
11/9/14	14	165	1
11/9/14	14	27	11
11/9/14	14	117	1
11/9/14	14	117	2
11/9/14	14	108	1
11/9/14	14	126	1
11/9/14	14	108	1
11/9/14	14	83	1
11/9/14	14	90	1
11/9/14	14	119	1
11/9/14	14	61	1
11/9/14	14	24	1
11/9/14	14	77	2
11/9/14	14	114	2
11/9/14	14	43	9
11/9/14	14	114	1
11/9/14	14	111	1
11/9/14	14	168	1
11/9/14	15	9	25
11/9/14	15	81	1
11/9/14	15	0	12
11/9/14	15	0	1
11/9/14	15	82	1
11/9/14	15	83	1
11/9/14	15	82	1
11/9/14	15	45	1
11/9/14	15	29	1
11/9/14	15	15	1
11/9/14	15	29	1
11/9/14	15	154	1
11/9/14	15	110	1
11/9/14	15	100	1
11/9/14	15	110	1
11/9/14	15	100	1
11/9/14	15	51	1
11/9/14	15	49	1
11/9/14	15	74	1
11/9/14	15	74	1
11/9/14	15	169	1
11/9/14	15	101	1
11/9/14	15	30	1
11/9/14	15	11	1
11/9/14	15	120	6
11/9/14	15	120	1
11/9/14	15	5	4
11/9/14	15	56	1
11/9/14	15	5	1
11/9/14	15	5	4
11/9/14	15	7	3
11/9/14	15	46	1
11/9/14	15	142	1
11/9/14	15	8	9
11/9/14	15	37	1
11/9/14	15	54	1
11/9/14	15	148	1
11/9/14	15	62	1
11/9/14	15	62	2
11/9/14	15	109	1
11/9/14	15	95	3
11/9/14	15	95	1
11/9/14	15	31	1
11/9/14	15	104	1
11/9/14	15	81	1
11/9/14	15	108	1
11/9/14	15	12	1
11/9/14	15	117	1
11/9/14	15	14	1
11/9/14	15	33	1
11/9/14	15	97	2
11/9/14	15	32	1
11/9/14	15	33	1
11/9/14	15	97	1
11/9/14	15	58	2
11/9/14	15	16	26
11/9/14	15	187	1
11/9/14	15	87	1
11/9/14	15	50	1
11/9/14	15	18	11
11/9/14	15	130	1
11/9/14	15	107	1
11/9/14	15	130	2
11/9/14	15	106	1
11/9/14	15	34	8
11/9/14	15	139	1
11/9/14	15	84	2
11/9/14	15	21	15
11/9/14	15	20	1
11/9/14	15	19	1
11/9/14	15	22	2
11/9/14	15	89	1
11/9/14	15	89	1
11/9/14	15	78	2
11/9/14	15	173	1
11/9/14	15	133	1
11/9/14	15	63	1
11/9/14	15	111	2
11/9/14	15	194	1
11/9/14	15	111	1
11/9/14	15	40	1
11/9/14	15	71	3
11/9/14	15	39	12
11/9/14	15	65	1
11/9/14	15	30	1
11/9/14	15	30	1
11/9/14	15	24	1
11/9/14	15	81	1
11/9/14	15	26	1
11/9/14	15	25	1
11/9/14	15	196	1
11/9/14	15	125	1
11/9/14	15	85	1
11/9/14	15	126	1
11/9/14	15	109	1
11/9/14	15	83	1
11/9/14	15	197	1
11/9/14	15	169	1
11/9/14	15	38	1
11/9/14	15	198	1
11/9/14	15	64	1
11/9/14	15	80	1
11/9/14	15	168	6
11/9/14	15	111	2
11/9/14	16	57	2
11/9/14	16	82	1
11/9/14	16	90	1
11/9/14	16	45	1
11/9/14	16	99	1
11/9/14	16	67	1
11/9/14	16	99	2
11/9/14	16	45	3
11/9/14	16	110	1
11/9/14	16	15	1
11/9/14	16	15	1
11/9/14	16	51	1
11/9/14	16	100	1
11/9/14	16	51	1
11/9/14	16	74	1
11/9/14	16	49	1
11/9/14	16	49	1
11/9/14	16	44	1
11/9/14	16	119	1
11/9/14	16	101	1
11/9/14	16	11	2
11/9/14	16	31	1
11/9/14	16	120	1
11/9/14	16	52	1
11/9/14	16	60	1
11/9/14	16	56	1
11/9/14	16	60	1
11/9/14	16	56	1
11/9/14	16	46	1
11/9/14	16	46	1
11/9/14	16	57	1
11/9/14	16	142	4
11/9/14	16	54	1
11/9/14	16	37	1
11/9/14	16	62	1
11/9/14	16	46	3
11/9/14	16	127	1
11/9/14	16	28	1
11/9/14	16	84	1
11/9/14	16	68	1
11/9/14	16	84	1
11/9/14	16	68	1
11/9/14	16	68	1
11/9/14	16	85	1
11/9/14	16	81	1
11/9/14	16	85	1
11/9/14	16	12	14
11/9/14	16	12	1
11/9/14	16	12	8
11/9/14	16	14	3
11/9/14	16	32	1
11/9/14	16	13	44
11/9/14	16	97	3
11/9/14	16	141	1
11/9/14	16	33	1
11/9/14	16	58	1
11/9/14	16	199	1
11/9/14	16	200	1
11/9/14	16	87	1
11/9/14	16	50	1
11/9/14	16	18	12
11/9/14	16	50	4
11/9/14	16	171	1
11/9/14	16	171	1
11/9/14	16	106	4
11/9/14	16	43	1
11/9/14	16	34	5
11/9/14	16	34	2
11/9/14	16	153	1
11/9/14	16	85	1
11/9/14	16	21	3
11/9/14	16	22	2
11/9/14	16	88	1
11/9/14	16	88	1
11/9/14	16	173	1
11/9/14	16	118	1
11/9/14	16	134	2
11/9/14	16	136	4
11/9/14	16	201	1
11/9/14	16	177	1
11/9/14	16	91	1
11/9/14	16	147	1
11/9/14	16	111	1
11/9/14	16	71	1
11/9/14	16	39	12
11/9/14	16	74	1
11/9/14	16	119	1
11/9/14	16	140	2
11/9/14	16	93	1
11/9/14	16	27	2
11/9/14	16	165	1
11/9/14	16	25	1
11/9/14	16	149	5
11/9/14	16	143	1
11/9/14	16	202	1
11/9/14	16	142	3
11/9/14	16	42	2
11/9/14	16	82	1
11/9/14	16	42	1
11/9/14	16	70	1
11/9/14	16	154	1
11/9/14	16	49	7
11/9/14	16	55	1
11/9/14	16	56	3
11/9/14	16	114	1
11/9/14	16	64	1
11/9/14	16	77	1
11/9/14	16	59	1
11/9/14	16	147	1
11/9/14	17	57	3
11/9/14	17	0	11
11/9/14	17	63	1
11/9/14	17	42	1
11/9/14	17	0	4
11/9/14	17	0	4
11/9/14	17	0	1
11/9/14	17	122	1
11/9/14	17	2	2
11/9/14	17	3	2
11/9/14	17	15	1
11/9/14	17	110	1
11/9/14	17	76	1
11/9/14	17	3	2
11/9/14	17	15	1
11/9/14	17	185	1
11/9/14	17	4	4
11/9/14	17	30	1
11/9/14	17	101	1
11/9/14	17	166	1
11/9/14	17	55	2
11/9/14	17	36	1
11/9/14	17	30	1
11/9/14	17	11	2
11/9/14	17	120	1
11/9/14	17	120	1
11/9/14	17	60	1
11/9/14	17	52	1
11/9/14	17	60	1
11/9/14	17	60	1
11/9/14	17	56	1
11/9/14	17	61	1
11/9/14	17	7	2
11/9/14	17	149	1
11/9/14	17	142	9
11/9/14	17	142	2
11/9/14	17	8	4
11/9/14	17	127	1
11/9/14	17	54	1
11/9/14	17	145	1
11/9/14	17	12	7
11/9/14	17	28	1
11/9/14	17	28	1
11/9/14	17	84	1
11/9/14	17	84	1
11/9/14	17	203	1
11/9/14	17	118	1
11/9/14	17	12	12
11/9/14	17	132	1
11/9/14	17	14	2
11/9/14	17	32	4
11/9/14	17	13	28
11/9/14	17	97	2
11/9/14	17	58	1
11/9/14	17	38	2
11/9/14	17	96	1
11/9/14	17	58	7
11/9/14	17	58	4
11/9/14	17	151	1
11/9/14	17	199	1
11/9/14	17	187	4
11/9/14	17	150	1
11/9/14	17	87	1
11/9/14	17	50	1
11/9/14	17	172	1
11/9/14	17	171	1
11/9/14	17	152	1
11/9/14	17	152	9
11/9/14	17	107	1
11/9/14	17	77	1
11/9/14	17	34	4
11/9/14	17	64	1
11/9/14	17	64	1
11/9/14	17	84	1
11/9/14	17	89	1
11/9/14	17	19	1
11/9/14	17	20	1
11/9/14	17	22	1
11/9/14	17	167	1
11/9/14	17	167	1
11/9/14	17	204	1
11/9/14	17	133	1
11/9/14	17	63	1
11/9/14	17	134	2
11/9/14	17	179	1
11/9/14	17	78	1
11/9/14	17	91	1
11/9/14	17	35	26
11/9/14	17	161	1
11/9/14	17	40	1
11/9/14	17	53	1
11/9/14	17	71	1
11/9/14	17	39	26
11/9/14	17	65	1
11/9/14	17	30	2
11/9/14	17	140	2
11/9/14	17	96	1
11/9/14	17	93	1
11/9/14	17	27	4
11/9/14	17	184	1
11/9/14	17	184	1
11/9/14	17	27	3
11/9/14	17	145	4
11/9/14	17	75	1
11/9/14	17	148	2
11/9/14	17	85	1
11/9/14	17	121	1
11/9/14	17	166	1
11/9/14	17	23	1
11/9/14	17	61	1
11/9/14	17	96	1
11/9/14	17	188	1
11/9/14	17	205	1
11/9/14	17	168	4
11/9/14	18	57	1
11/9/14	18	82	1
11/9/14	18	63	1
11/9/14	18	42	4
11/9/14	18	2	1
11/9/14	18	1	1
11/9/14	18	67	1
11/9/14	18	76	1
11/9/14	18	3	1
11/9/14	18	67	1
11/9/14	18	100	1
11/9/14	18	154	1
11/9/14	18	29	1
11/9/14	18	4	1
11/9/14	18	74	1
11/9/14	18	49	1
11/9/14	18	49	2
11/9/14	18	36	2
11/9/14	18	49	2
11/9/14	18	103	1
11/9/14	18	31	2
11/9/14	18	5	23
11/9/14	18	52	1
11/9/14	18	52	1
11/9/14	18	45	1
11/9/14	18	52	5
11/9/14	18	56	1
11/9/14	18	7	1
11/9/14	18	149	1
11/9/14	18	57	1
11/9/14	18	8	15
11/9/14	18	41	1
11/9/14	18	62	1
11/9/14	18	54	1
11/9/14	18	62	1
11/9/14	18	12	8
11/9/14	18	28	5
11/9/14	18	28	1
11/9/14	18	95	1
11/9/14	18	120	1
11/9/14	18	148	1
11/9/14	18	117	1
11/9/14	18	14	4
11/9/14	18	13	30
11/9/14	18	47	5
11/9/14	18	47	1
11/9/14	18	33	1
11/9/14	18	33	1
11/9/14	18	47	4
11/9/14	18	58	3
11/9/14	18	58	1
11/9/14	18	105	1
11/9/14	18	130	2
11/9/14	18	152	1
11/9/14	18	50	2
11/9/14	18	50	1
11/9/14	18	106	2
11/9/14	18	130	1
11/9/14	18	114	1
11/9/14	18	139	1
11/9/14	18	198	1
11/9/14	18	21	18
11/9/14	18	22	2
11/9/14	18	22	2
11/9/14	18	206	1
11/9/14	18	45	1
11/9/14	18	154	1
11/9/14	18	204	1
11/9/14	18	175	1
11/9/14	18	135	1
11/9/14	18	91	1
11/9/14	18	113	1
11/9/14	18	53	3
11/9/14	18	92	1
11/9/14	18	138	1
11/9/14	18	39	21
11/9/14	18	114	1
11/9/14	18	65	1
11/9/14	18	59	1
11/9/14	18	109	1
11/9/14	18	96	1
11/9/14	18	183	1
11/9/14	18	26	2
11/9/14	18	145	7
11/9/14	18	117	3
11/9/14	18	54	1
11/9/14	18	142	10
11/9/14	18	45	1
11/9/14	18	45	1
11/9/14	18	45	1
11/9/14	18	100	1
11/9/14	18	100	1
11/9/14	18	45	1
11/9/14	18	101	2
11/9/14	18	45	1
11/9/14	18	94	1
11/9/14	18	114	1
11/9/14	18	131	1
11/9/14	18	45	1
11/9/14	18	205	1
11/9/14	19	9	1
11/9/14	19	0	20
11/9/14	19	63	1
11/9/14	19	0	16
11/9/14	19	2	9
11/9/14	19	67	1
11/9/14	19	110	1
11/9/14	19	1	1
11/9/14	19	99	1
11/9/14	19	99	1
11/9/14	19	154	1
11/9/14	19	49	7
11/9/14	19	4	1
11/9/14	19	4	4
11/9/14	19	101	1
11/9/14	19	30	3
11/9/14	19	169	1
11/9/14	19	5	48
11/9/14	19	56	1
11/9/14	19	193	1
11/9/14	19	96	1
11/9/14	19	60	1
11/9/14	19	60	1
11/9/14	19	46	1
11/9/14	19	57	1
11/9/14	19	142	1
11/9/14	19	62	1
11/9/14	19	37	1
11/9/14	19	37	1
11/9/14	19	37	1
11/9/14	19	12	3
11/9/14	19	10	412
11/9/14	19	10	2
11/9/14	19	84	1
11/9/14	19	108	1
11/9/14	19	1	1
11/9/14	19	103	2
11/9/14	19	120	1
11/9/14	19	13	13
11/9/14	19	47	1
11/9/14	19	33	1
11/9/14	19	38	1
11/9/14	19	141	1
11/9/14	19	141	1
11/9/14	19	32	2
11/9/14	19	33	2
11/9/14	19	38	1
11/9/14	19	58	1
11/9/14	19	17	1
11/9/14	19	129	1
11/9/14	19	18	4
11/9/14	19	86	2
11/9/14	19	18	1
11/9/14	19	107	1
11/9/14	19	107	1
11/9/14	19	34	8
11/9/14	19	139	1
11/9/14	19	34	1
11/9/14	19	103	1
11/9/14	19	84	1
11/9/14	19	19	4
11/9/14	19	21	25
11/9/14	19	22	1
11/9/14	19	88	1
11/9/14	19	99	1
11/9/14	19	102	1
11/9/14	19	134	2
11/9/14	19	159	1
11/9/14	19	91	1
11/9/14	19	111	1
11/9/14	19	51	1
11/9/14	19	92	1
11/9/14	19	207	1
11/9/14	19	53	2
11/9/14	19	65	1
11/9/14	19	89	1
11/9/14	19	30	1
11/9/14	19	23	1
11/9/14	19	210	1
11/9/14	19	183	1
11/9/14	19	27	1
11/9/14	19	184	2
11/9/14	19	103	1
11/9/14	19	120	1
11/9/14	19	99	1
11/9/14	19	100	1
11/9/14	19	166	1
11/9/14	19	101	1
11/9/14	19	23	1
11/9/14	19	144	1
11/9/14	19	141	1
11/9/14	19	131	1
11/9/14	19	114	1
11/9/14	19	59	1
11/9/14	19	89	1
11/9/14	20	0	1
11/9/14	20	42	1
11/9/14	20	211	1
11/9/14	20	3	1
11/9/14	20	3	1
11/9/14	20	15	1
11/9/14	20	99	1
11/9/14	20	4	2
11/9/14	20	4	1
11/9/14	20	119	1
11/9/14	20	119	1
11/9/14	20	55	1
11/9/14	20	36	1
11/9/14	20	101	1
11/9/14	20	11	1
11/9/14	20	5	43
11/9/14	20	56	1
11/9/14	20	52	4
11/9/14	20	56	1
11/9/14	20	144	1
11/9/14	20	57	1
11/9/14	20	54	1
11/9/14	20	37	1
11/9/14	20	62	1
11/9/14	20	28	1
11/9/14	20	1	1
11/9/14	20	120	1
11/9/14	20	14	1
11/9/14	20	33	1
11/9/14	20	1	1
11/9/14	20	47	1
11/9/14	20	15	1
11/9/14	20	47	1
11/9/14	20	97	3
11/9/14	20	150	1
11/9/14	20	200	1
11/9/14	20	130	1
11/9/14	20	86	1
11/9/14	20	129	1
11/9/14	20	106	1
11/9/14	20	152	1
11/9/14	20	43	2
11/9/14	20	34	1
11/9/14	20	28	1
11/9/14	20	19	5
11/9/14	20	21	36
11/9/14	20	22	1
11/9/14	20	20	2
11/9/14	20	78	1
11/9/14	20	15	1
11/9/14	20	102	1
11/9/14	20	135	1
11/9/14	20	177	1
11/9/14	20	91	1
11/9/14	20	138	1
11/9/14	20	40	2
11/9/14	20	15	1
11/9/14	20	34	16
11/9/14	20	140	1
11/9/14	20	47	1
11/9/14	20	183	1
11/9/14	20	93	1
11/9/14	20	27	4
11/9/14	20	27	2
11/9/14	20	68	1
11/9/14	20	108	1
11/9/14	20	42	1
11/9/14	20	185	1
11/9/14	20	23	2
11/9/14	20	120	1
11/9/14	20	15	1
11/9/14	20	145	1
11/9/14	20	96	1
11/9/14	20	198	1
11/9/14	20	112	1
11/9/14	21	9	3
11/9/14	21	0	8
11/9/14	21	42	1
11/9/14	21	0	3
11/9/14	21	3	1
11/9/14	21	76	2
11/9/14	21	4	4
11/9/14	21	49	1
11/9/14	21	49	2
11/9/14	21	49	1
11/9/14	21	44	2
11/9/14	21	11	1
11/9/14	21	103	1
11/9/14	21	52	1
11/9/14	21	6	2
11/9/14	21	6	1
11/9/14	21	61	1
11/9/14	21	46	1
11/9/14	21	8	7
11/9/14	21	41	1
11/9/14	21	46	1
11/9/14	21	10	159
11/9/14	21	12	43
11/9/14	21	14	1
11/9/14	21	14	1
11/9/14	21	14	1
11/9/14	21	51	1
11/9/14	21	33	2
11/9/14	21	58	1
11/9/14	21	50	1
11/9/14	21	130	2
11/9/14	21	106	1
11/9/14	21	129	1
11/9/14	21	129	1
11/9/14	21	198	1
11/9/14	21	64	1
11/9/14	21	21	5
11/9/14	21	88	1
11/9/14	21	22	1
11/9/14	21	20	1
11/9/14	21	102	1
11/9/14	21	35	3
11/9/14	21	35	5
11/9/14	21	40	1
11/9/14	21	40	1
11/9/14	21	71	1
11/9/14	21	64	1
11/9/14	21	140	1
11/9/14	21	23	1
11/9/14	21	47	1
11/9/14	21	24	1
11/9/14	21	33	1
11/9/14	21	93	2
11/9/14	21	27	10
11/9/14	21	27	2
11/9/14	21	120	1
11/9/14	21	120	1
11/9/14	21	29	1
11/9/14	21	101	1
11/9/14	21	1	1
11/9/14	21	97	1
11/9/14	21	188	1
11/9/14	21	114	1
11/9/14	21	88	1
11/9/14	21	111	2
11/9/14	22	57	1
11/9/14	22	57	2
11/9/14	22	42	1
11/9/14	22	83	1
11/9/14	22	2	1
11/9/14	22	3	2
11/9/14	22	99	2
11/9/14	22	4	1
11/9/14	22	36	1
11/9/14	22	49	1
11/9/14	22	44	1
11/9/14	22	11	1
11/9/14	22	5	19
11/9/14	22	6	2
11/9/14	22	6	1
11/9/14	22	60	2
11/9/14	22	56	1
11/9/14	22	41	1
11/9/14	22	41	1
11/9/14	22	10	177
11/9/14	22	31	1
11/9/14	22	12	10
11/9/14	22	13	16
11/9/14	22	14	1
11/9/14	22	97	1
11/9/14	22	47	2
11/9/14	22	33	1
11/9/14	22	106	1
11/9/14	22	50	1
11/9/14	22	129	1
11/9/14	22	34	1
11/9/14	22	19	1
11/9/14	22	21	4
11/9/14	22	115	1
11/9/14	22	19	1
11/9/14	22	22	1
11/9/14	22	57	1
11/9/14	22	102	1
11/9/14	22	113	1
11/9/14	22	39	1
11/9/14	22	43	1
11/9/14	22	23	1
11/9/14	22	166	1
11/9/14	22	38	1
11/9/14	22	24	1
11/9/14	22	184	1
11/9/14	22	27	5
11/9/14	22	75	1
11/9/14	22	68	69
11/9/14	22	73	1
11/9/14	22	55	1
11/9/14	22	108	1
11/9/14	22	61	1
11/9/14	22	144	1
11/9/14	22	149	1
11/9/14	23	42	1
11/9/14	23	2	1
11/9/14	23	3	2
11/9/14	23	154	1
11/9/14	23	74	1
11/9/14	23	11	10
11/9/14	23	5	16
11/9/14	23	6	1
11/9/14	23	8	13
11/9/14	23	7	1
11/9/14	23	10	121
11/9/14	23	12	4
11/9/14	23	47	1
11/9/14	23	14	1
11/9/14	23	14	2
11/9/14	23	18	2
11/9/14	23	50	1
11/9/14	23	188	1
11/9/14	23	21	3
11/9/14	23	21	1
11/9/14	23	52	1
11/9/14	23	71	1
11/9/14	23	39	20
11/9/14	23	53	1
11/9/14	23	64	1
11/9/14	23	65	2
11/9/14	23	14	1
11/9/14	23	184	1
11/9/14	23	25	1
11/9/14	23	12	1
11/9/14	23	9	1
11/9/14	23	67	1
11/9/14	23	52	1
11/9/14	23	43	1
11/9/14	23	77	1
11/9/14	0	212	1
11/9/14	0	213	1
11/9/14	0	215	1
11/9/14	0	217	2
11/9/14	0	218	1
11/9/14	0	219	2
11/9/14	0	219	1
11/9/14	0	219	1
11/9/14	0	223	3
11/9/14	0	224	1
11/9/14	0	224	1
11/9/14	0	226	1
11/9/14	0	228	1
11/9/14	0	215	1
11/9/14	0	231	1
11/9/14	0	233	3
11/9/14	0	235	1
11/9/14	0	219	1
11/9/14	0	215	1
11/9/14	0	237	1
11/9/14	1	238	1
11/9/14	1	214	1
11/9/14	1	215	2
11/9/14	1	240	1
11/9/14	1	242	1
11/9/14	1	243	1
11/9/14	1	219	1
11/9/14	1	213	1
11/9/14	1	221	1
11/9/14	1	237	1
11/9/14	1	245	1
11/9/14	1	247	1
11/9/14	1	229	1
11/9/14	1	248	1
11/9/14	1	213	1
11/9/14	1	250	1
11/9/14	1	252	2
11/9/14	1	219	1
11/9/14	1	218	2
11/9/14	1	245	1
11/9/14	1	253	1
11/9/14	1	228	2
11/9/14	2	212	1
11/9/14	2	214	2
11/9/14	2	230	1
11/9/14	2	219	1
11/9/14	2	224	1
11/9/14	2	227	4
11/9/14	2	257	1
11/9/14	2	233	7
11/9/14	2	258	1
11/9/14	2	212	1
11/9/14	2	219	1
11/9/14	2	259	2
11/9/14	2	212	1
11/9/14	2	243	1
11/9/14	2	260	1
11/9/14	2	227	5
11/9/14	3	215	1
11/9/14	3	255	1
11/9/14	3	213	1
11/9/14	3	220	1
11/9/14	3	221	1
11/9/14	3	224	1
11/9/14	3	217	1
11/9/14	3	239	1
11/9/14	3	217	2
11/9/14	4	212	1
11/9/14	4	231	1
11/9/14	4	241	1
11/9/14	4	264	1
11/9/14	4	221	1
11/9/14	4	219	2
11/9/14	4	266	1
11/9/14	4	224	2
11/9/14	4	267	1
11/9/14	4	221	1
11/9/14	4	231	1
11/9/14	4	239	1
11/9/14	4	262	1
11/9/14	5	269	1
11/9/14	5	270	1
11/9/14	5	220	2
11/9/14	5	223	1
11/9/14	5	271	1
11/9/14	5	256	1
11/9/14	5	229	1
11/9/14	5	273	1
11/9/14	5	235	1
11/9/14	5	212	1
11/9/14	5	212	1
11/9/14	5	274	1
11/9/14	5	242	1
11/9/14	5	262	1
11/9/14	5	228	1
11/9/14	6	212	1
11/9/14	6	276	1
11/9/14	6	215	1
11/9/14	6	261	1
11/9/14	6	217	1
11/9/14	6	219	1
11/9/14	6	255	1
11/9/14	6	221	1
11/9/14	6	224	1
11/9/14	6	225	1
11/9/14	6	262	1
11/9/14	6	233	1
11/9/14	6	280	1
11/9/14	6	221	2
11/9/14	6	269	1
11/9/14	6	282	1
11/9/14	6	227	1
11/9/14	7	212	1
11/9/14	7	214	2
11/9/14	7	262	1
11/9/14	7	283	1
11/9/14	7	217	1
11/9/14	7	262	1
11/9/14	7	284	1
11/9/14	7	285	1
11/9/14	7	265	1
11/9/14	7	223	1
11/9/14	7	237	1
11/9/14	7	256	2
11/9/14	7	227	1
11/9/14	7	233	4
11/9/14	7	253	1
11/9/14	7	284	1
11/9/14	7	259	2
11/9/14	7	213	1
11/9/14	7	229	1
11/9/14	8	213	1
11/9/14	8	214	1
11/9/14	8	288	1
11/9/14	8	289	1
11/9/14	8	221	1
11/9/14	8	218	1
11/9/14	8	219	1
11/9/14	8	259	4
11/9/14	8	223	6
11/9/14	8	237	1
11/9/14	8	237	1
11/9/14	8	256	2
11/9/14	8	229	1
11/9/14	8	229	1
11/9/14	8	291	1
11/9/14	8	233	1
11/9/14	8	260	1
11/9/14	8	252	3
11/9/14	8	259	1
11/9/14	8	294	1
11/9/14	8	289	1
11/9/14	8	255	1
11/9/14	8	295	1
11/9/14	9	284	1
11/9/14	9	214	1
11/9/14	9	294	1
11/9/14	9	215	1
11/9/14	9	283	1
11/9/14	9	296	1
11/9/14	9	235	1
11/9/14	9	298	1
11/9/14	9	298	1
11/9/14	9	216	1
11/9/14	9	221	3
11/9/14	9	221	4
11/9/14	9	217	3
11/9/14	9	217	1
11/9/14	9	217	5
11/9/14	9	217	1
11/9/14	9	218	1
11/9/14	9	219	1
11/9/14	9	219	13
11/9/14	9	302	1
11/9/14	9	290	1
11/9/14	9	287	1
11/9/14	9	237	1
11/9/14	9	225	1
11/9/14	9	244	1
11/9/14	9	304	1
11/9/14	9	256	1
11/9/14	9	260	2
11/9/14	9	227	1
11/9/14	9	229	1
11/9/14	9	228	1
11/9/14	9	306	1
11/9/14	9	267	1
11/9/14	9	308	1
11/9/14	9	308	1
11/9/14	9	310	1
11/9/14	9	258	2
11/9/14	9	311	2
11/9/14	9	287	1
11/9/14	9	265	1
11/9/14	9	291	1
11/9/14	9	261	1
11/9/14	9	218	1
11/9/14	9	225	1
11/9/14	9	295	1
11/9/14	9	228	1
11/9/14	9	268	1
11/9/14	10	212	26
11/9/14	10	313	1
11/9/14	10	314	1
11/9/14	10	313	1
11/9/14	10	231	1
11/9/14	10	238	1
11/9/14	10	215	1
11/9/14	10	241	1
11/9/14	10	241	1
11/9/14	10	241	2
11/9/14	10	296	1
11/9/14	10	242	1
11/9/14	10	282	1
11/9/14	10	242	1
11/9/14	10	315	1
11/9/14	10	221	1
11/9/14	10	274	1
11/9/14	10	243	1
11/9/14	10	218	1
11/9/14	10	316	1
11/9/14	10	220	1
11/9/14	10	255	1
11/9/14	10	219	7
11/9/14	10	255	1
11/9/14	10	317	1
11/9/14	10	318	4
11/9/14	10	259	20
11/9/14	10	319	1
11/9/14	10	287	1
11/9/14	10	223	1
11/9/14	10	224	1
11/9/14	10	245	1
11/9/14	10	245	1
11/9/14	10	303	2
11/9/14	10	245	1
11/9/14	10	321	1
11/9/14	10	246	1
11/9/14	10	247	1
11/9/14	10	305	1
11/9/14	10	324	1
11/9/14	10	227	1
11/9/14	10	286	4
11/9/14	10	286	1
11/9/14	10	286	1
11/9/14	10	326	1
11/9/14	10	261	1
11/9/14	10	328	1
11/9/14	10	267	1
11/9/14	10	232	1
11/9/14	10	249	1
11/9/14	10	233	3
11/9/14	10	286	1
11/9/14	10	235	1
11/9/14	10	225	1
11/9/14	10	332	1
11/9/14	10	252	2
11/9/14	10	280	1
11/9/14	10	334	1
11/9/14	10	292	1
11/9/14	10	235	2
11/9/14	10	242	1
11/9/14	10	266	1
11/9/14	10	295	1
11/9/14	10	335	1
11/9/14	10	336	1
11/9/14	10	232	4
11/9/14	11	213	1
11/9/14	11	314	1
11/9/14	11	294	1
11/9/14	11	214	6
11/9/14	11	294	1
11/9/14	11	214	1
11/9/14	11	241	2
11/9/14	11	240	1
11/9/14	11	297	1
11/9/14	11	248	1
11/9/14	11	240	1
11/9/14	11	338	1
11/9/14	11	216	3
11/9/14	11	242	1
11/9/14	11	315	1
11/9/14	11	340	1
11/9/14	11	299	1
11/9/14	11	265	1
11/9/14	11	290	1
11/9/14	11	218	1
11/9/14	11	218	1
11/9/14	11	300	1
11/9/14	11	261	1
11/9/14	11	220	1
11/9/14	11	220	4
11/9/14	11	284	1
11/9/14	11	301	1
11/9/14	11	301	1
11/9/14	11	317	1
11/9/14	11	259	4
11/9/14	11	319	1
11/9/14	11	301	1
11/9/14	11	223	1
11/9/14	11	320	1
11/9/14	11	244	1
11/9/14	11	245	1
11/9/14	11	225	1
11/9/14	11	303	2
11/9/14	11	271	1
11/9/14	11	321	3
11/9/14	11	256	15
11/9/14	11	247	5
11/9/14	11	305	1
11/9/14	11	322	2
11/9/14	11	305	1
11/9/14	11	226	2
11/9/14	11	234	4
11/9/14	11	280	1
11/9/14	11	229	1
11/9/14	11	229	1
11/9/14	11	326	1
11/9/14	11	229	2
11/9/14	11	284	1
11/9/14	11	343	1
11/9/14	11	294	1
11/9/14	11	231	1
11/9/14	11	306	1
11/9/14	11	345	1
11/9/14	11	267	1
11/9/14	11	347	1
11/9/14	11	232	1
11/9/14	11	249	1
11/9/14	11	233	8
11/9/14	11	330	2
11/9/14	11	295	1
11/9/14	11	242	1
11/9/14	11	321	1
11/9/14	11	252	8
11/9/14	11	349	1
11/9/14	11	266	1
11/9/14	11	266	1
11/9/14	11	284	1
11/9/14	11	269	1
11/9/14	11	351	1
11/9/14	11	240	1
11/9/14	11	240	1
11/9/14	11	248	1
11/9/14	11	264	1
11/9/14	11	299	1
11/9/14	11	335	1
11/9/14	11	239	1
11/9/14	11	310	1
11/9/14	11	347	1
11/9/14	12	213	1
11/9/14	12	284	1
11/9/14	12	214	2
11/9/14	12	262	1
11/9/14	12	214	2
11/9/14	12	294	1
11/9/14	12	214	1
11/9/14	12	262	1
11/9/14	12	215	2
11/9/14	12	248	1
11/9/14	12	241	1
11/9/14	12	240	1
11/9/14	12	262	1
11/9/14	12	296	1
11/9/14	12	296	1
11/9/14	12	216	1
11/9/14	12	242	1
11/9/14	12	242	1
11/9/14	12	242	1
11/9/14	12	221	4
11/9/14	12	341	1
11/9/14	12	243	1
11/9/14	12	218	1
11/9/14	12	243	1
11/9/14	12	218	1
11/9/14	12	220	1
11/9/14	12	285	1
11/9/14	12	284	1
11/9/14	12	219	5
11/9/14	12	318	1
11/9/14	12	223	1
11/9/14	12	259	16
11/9/14	12	259	11
11/9/14	12	259	3
11/9/14	12	222	1
11/9/14	12	265	1
11/9/14	12	277	1
11/9/14	12	237	3
11/9/14	12	225	1
11/9/14	12	245	2
11/9/14	12	225	2
11/9/14	12	245	1
11/9/14	12	356	1
11/9/14	12	322	1
11/9/14	12	256	1
11/9/14	12	247	1
11/9/14	12	323	2
11/9/14	12	247	2
11/9/14	12	305	1
11/9/14	12	305	1
11/9/14	12	309	1
11/9/14	12	259	3
11/9/14	12	325	1
11/9/14	12	228	1
11/9/14	12	229	1
11/9/14	12	326	1
11/9/14	12	358	1
11/9/14	12	276	1
11/9/14	12	218	1
11/9/14	12	294	1
11/9/14	12	360	1
11/9/14	12	307	1
11/9/14	12	362	1
11/9/14	12	257	1
11/9/14	12	249	2
11/9/14	12	364	1
11/9/14	12	249	1
11/9/14	12	260	1
11/9/14	12	331	1
11/9/14	12	366	1
11/9/14	12	349	1
11/9/14	12	367	1
11/9/14	12	285	1
11/9/14	12	285	1
11/9/14	12	302	1
11/9/14	12	280	2
11/9/14	12	292	1
11/9/14	12	283	1
11/9/14	12	315	1
11/9/14	12	264	1
11/9/14	12	370	1
11/9/14	12	332	1
11/9/14	12	260	1
11/9/14	12	260	1
11/9/14	12	326	1
11/9/14	12	371	1
11/9/14	13	212	12
11/9/14	13	213	1
11/9/14	13	213	1
11/9/14	13	214	3
11/9/14	13	214	5
11/9/14	13	214	1
11/9/14	13	215	2
11/9/14	13	215	3
11/9/14	13	262	1
11/9/14	13	297	1
11/9/14	13	270	1
11/9/14	13	297	1
11/9/14	13	283	1
11/9/14	13	216	1
11/9/14	13	235	1
11/9/14	13	283	1
11/9/14	13	235	1
11/9/14	13	289	1
11/9/14	13	274	1
11/9/14	13	300	1
11/9/14	13	218	1
11/9/14	13	218	1
11/9/14	13	218	2
11/9/14	13	300	1
11/9/14	13	255	1
11/9/14	13	313	1
11/9/14	13	301	2
11/9/14	13	285	1
11/9/14	13	255	1
11/9/14	13	222	1
11/9/14	13	313	1
11/9/14	13	259	11
11/9/14	13	259	1
11/9/14	13	255	1
11/9/14	13	223	1
11/9/14	13	237	1
11/9/14	13	225	1
11/9/14	13	303	1
11/9/14	13	225	1
11/9/14	13	303	2
11/9/14	13	373	1
11/9/14	13	323	1
11/9/14	13	247	3
11/9/14	13	247	1
11/9/14	13	283	1
11/9/14	13	234	4
11/9/14	13	295	1
11/9/14	13	260	1
11/9/14	13	334	1
11/9/14	13	358	1
11/9/14	13	229	2
11/9/14	13	375	1
11/9/14	13	228	1
11/9/14	13	229	3
11/9/14	13	358	1
11/9/14	13	360	1
11/9/14	13	267	2
11/9/14	13	267	2
11/9/14	13	249	1
11/9/14	13	233	11
11/9/14	13	308	1
11/9/14	13	260	1
11/9/14	13	264	1
11/9/14	13	276	1
11/9/14	13	285	1
11/9/14	13	223	5
11/9/14	13	319	1
11/9/14	13	231	1
11/9/14	13	270	1
11/9/14	13	297	1
11/9/14	13	230	1
11/9/14	13	235	1
11/9/14	13	315	1
11/9/14	13	264	1
11/9/14	13	341	1
11/9/14	13	300	1
11/9/14	13	226	1
11/9/14	13	257	1
11/9/14	13	376	1
11/9/14	14	212	12
11/9/14	14	213	1
11/9/14	14	214	1
11/9/14	14	214	2
11/9/14	14	214	1
11/9/14	14	215	1
11/9/14	14	270	1
11/9/14	14	283	1
11/9/14	14	297	1
11/9/14	14	283	1
11/9/14	14	216	1
11/9/14	14	282	2
11/9/14	14	315	1
11/9/14	14	289	2
11/9/14	14	221	2
11/9/14	14	300	1
11/9/14	14	300	1
11/9/14	14	316	1
11/9/14	14	377	1
11/9/14	14	301	1
11/9/14	14	222	1
11/9/14	14	255	1
11/9/14	14	266	1
11/9/14	14	221	1
11/9/14	14	378	1
11/9/14	14	313	1
11/9/14	14	223	1
11/9/14	14	237	1
11/9/14	14	225	1
11/9/14	14	245	1
11/9/14	14	244	1
11/9/14	14	245	2
11/9/14	14	321	1
11/9/14	14	256	2
11/9/14	14	357	1
11/9/14	14	304	1
11/9/14	14	256	5
11/9/14	14	256	2
11/9/14	14	246	1
11/9/14	14	260	1
11/9/14	14	319	1
11/9/14	14	229	1
11/9/14	14	286	1
11/9/14	14	267	1
11/9/14	14	214	4
11/9/14	14	307	1
11/9/14	14	267	3
11/9/14	14	232	2
11/9/14	14	330	1
11/9/14	14	233	5
11/9/14	14	258	1
11/9/14	14	252	7
11/9/14	14	349	1
11/9/14	14	313	1
11/9/14	14	280	1
11/9/14	14	274	1
11/9/14	14	214	3
11/9/14	14	231	1
11/9/14	14	297	1
11/9/14	14	282	1
11/9/14	14	264	1
11/9/14	14	274	1
11/9/14	14	218	1
11/9/14	14	260	1
11/9/14	14	254	1
11/9/14	14	232	2
11/9/14	15	213	1
11/9/14	15	214	2
11/9/14	15	262	1
11/9/14	15	215	1
11/9/14	15	241	1
11/9/14	15	296	1
11/9/14	15	230	1
11/9/14	15	216	1
11/9/14	15	235	2
11/9/14	15	242	1
11/9/14	15	221	1
11/9/14	15	221	1
11/9/14	15	217	4
11/9/14	15	243	1
11/9/14	15	220	1
11/9/14	15	313	1
11/9/14	15	222	1
11/9/14	15	285	1
11/9/14	15	259	1
11/9/14	15	259	3
11/9/14	15	355	1
11/9/14	15	223	1
11/9/14	15	223	1
11/9/14	15	224	11
11/9/14	15	332	1
11/9/14	15	303	1
11/9/14	15	272	1
11/9/14	15	272	1
11/9/14	15	323	1
11/9/14	15	278	1
11/9/14	15	229	1
11/9/14	15	229	1
11/9/14	15	296	1
11/9/14	15	306	1
11/9/14	15	345	1
11/9/14	15	267	3
11/9/14	15	232	3
11/9/14	15	331	1
11/9/14	15	289	1
11/9/14	15	245	1
11/9/14	15	252	2
11/9/14	15	277	1
11/9/14	15	284	1
11/9/14	15	284	1
11/9/14	15	356	1
11/9/14	15	242	1
11/9/14	15	218	1
11/9/14	15	285	1
11/9/14	15	245	1
11/9/14	15	226	1
11/9/14	15	283	1
11/9/14	15	325	1
11/9/14	16	212	14
11/9/14	16	213	1
11/9/14	16	294	1
11/9/14	16	214	2
11/9/14	16	262	1
11/9/14	16	262	2
11/9/14	16	239	1
11/9/14	16	270	1
11/9/14	16	339	1
11/9/14	16	242	1
11/9/14	16	298	1
11/9/14	16	265	1
11/9/14	16	243	1
11/9/14	16	283	1
11/9/14	16	314	1
11/9/14	16	219	1
11/9/14	16	255	1
11/9/14	16	285	1
11/9/14	16	219	3
11/9/14	16	222	1
11/9/14	16	265	1
11/9/14	16	221	3
11/9/14	16	237	1
11/9/14	16	224	4
11/9/14	16	245	2
11/9/14	16	237	1
11/9/14	16	283	1
11/9/14	16	239	1
11/9/14	16	256	1
11/9/14	16	256	1
11/9/14	16	247	1
11/9/14	16	234	1
11/9/14	16	326	1
11/9/14	16	228	1
11/9/14	16	345	1
11/9/14	16	248	1
11/9/14	16	243	1
11/9/14	16	214	1
11/9/14	16	268	2
11/9/14	16	233	5
11/9/14	16	365	2
11/9/14	16	235	1
11/9/14	16	282	1
11/9/14	16	311	1
11/9/14	16	349	1
11/9/14	16	285	1
11/9/14	16	223	1
11/9/14	16	274	1
11/9/14	16	350	1
11/9/14	16	263	1
11/9/14	16	338	1
11/9/14	16	339	1
11/9/14	16	274	1
11/9/14	16	265	1
11/9/14	16	244	1
11/9/14	16	244	1
11/9/14	16	335	1
11/9/14	17	212	17
11/9/14	17	213	1
11/9/14	17	314	1
11/9/14	17	337	1
11/9/14	17	262	1
11/9/14	17	215	1
11/9/14	17	241	1
11/9/14	17	241	1
11/9/14	17	241	1
11/9/14	17	297	1
11/9/14	17	242	1
11/9/14	17	239	1
11/9/14	17	242	1
11/9/14	17	221	1
11/9/14	17	243	1
11/9/14	17	218	1
11/9/14	17	218	1
11/9/14	17	218	1
11/9/14	17	285	1
11/9/14	17	219	1
11/9/14	17	302	1
11/9/14	17	255	1
11/9/14	17	222	1
11/9/14	17	319	1
11/9/14	17	221	2
11/9/14	17	221	2
11/9/14	17	223	1
11/9/14	17	221	2
11/9/14	17	244	1
11/9/14	17	244	1
11/9/14	17	271	1
11/9/14	17	303	1
11/9/14	17	247	2
11/9/14	17	272	1
11/9/14	17	283	1
11/9/14	17	312	1
11/9/14	17	221	1
11/9/14	17	227	1
11/9/14	17	227	1
11/9/14	17	227	3
11/9/14	17	239	1
11/9/14	17	241	1
11/9/14	17	281	1
11/9/14	17	307	3
11/9/14	17	362	1
11/9/14	17	279	1
11/9/14	17	371	1
11/9/14	17	249	1
11/9/14	17	234	2
11/9/14	17	242	1
11/9/14	17	321	1
11/9/14	17	285	1
11/9/14	17	221	1
11/9/14	17	314	1
11/9/14	17	231	1
11/9/14	17	241	2
11/9/14	17	235	1
11/9/14	17	242	1
11/9/14	17	221	1
11/9/14	17	218	1
11/9/14	17	275	1
11/9/14	17	225	1
11/9/14	17	225	1
11/9/14	17	234	1
11/9/14	18	212	26
11/9/14	18	212	1
11/9/14	18	262	1
11/9/14	18	269	1
11/9/14	18	241	1
11/9/14	18	241	1
11/9/14	18	270	1
11/9/14	18	239	1
11/9/14	18	235	1
11/9/14	18	235	1
11/9/14	18	235	1
11/9/14	18	282	1
11/9/14	18	243	1
11/9/14	18	217	2
11/9/14	18	218	1
11/9/14	18	255	1
11/9/14	18	219	4
11/9/14	18	222	1
11/9/14	18	259	1
11/9/14	18	319	1
11/9/14	18	274	1
11/9/14	18	341	1
11/9/14	18	225	1
11/9/14	18	237	2
11/9/14	18	237	2
11/9/14	18	244	2
11/9/14	18	244	1
11/9/14	18	323	1
11/9/14	18	305	1
11/9/14	18	305	1
11/9/14	18	286	1
11/9/14	18	228	1
11/9/14	18	267	5
11/9/14	18	270	1
11/9/14	18	306	1
11/9/14	18	268	1
11/9/14	18	365	1
11/9/14	18	235	1
11/9/14	18	313	2
11/9/14	18	333	1
11/9/14	18	261	1
11/9/14	18	319	1
11/9/14	18	291	1
11/9/14	18	314	1
11/9/14	18	235	1
11/9/14	18	315	1
11/9/14	18	299	1
11/9/14	18	300	1
11/9/14	18	384	1
11/9/14	18	228	1
11/9/14	18	326	1
11/9/14	19	212	18
11/9/14	19	212	1
11/9/14	19	269	1
11/9/14	19	215	6
11/9/14	19	241	2
11/9/14	19	262	1
11/9/14	19	352	1
11/9/14	19	296	1
11/9/14	19	216	1
11/9/14	19	282	1
11/9/14	19	262	1
11/9/14	19	262	1
11/9/14	19	274	1
11/9/14	19	217	4
11/9/14	19	262	1
11/9/14	19	218	1
11/9/14	19	220	1
11/9/14	19	302	1
11/9/14	19	219	1
11/9/14	19	220	2
11/9/14	19	259	2
11/9/14	19	223	2
11/9/14	19	245	1
11/9/14	19	225	1
11/9/14	19	332	1
11/9/14	19	256	1
11/9/14	19	256	1
11/9/14	19	234	4
11/9/14	19	234	1
11/9/14	19	227	4
11/9/14	19	227	3
11/9/14	19	291	1
11/9/14	19	386	1
11/9/14	19	307	1
11/9/14	19	307	1
11/9/14	19	267	1
11/9/14	19	267	1
11/9/14	19	249	1
11/9/14	19	234	1
11/9/14	19	235	1
11/9/14	19	225	1
11/9/14	19	367	1
11/9/14	19	265	1
11/9/14	19	312	1
11/9/14	19	296	1
11/9/14	19	285	1
11/9/14	19	335	1
11/9/14	19	226	1
11/9/14	19	228	1
11/9/14	20	212	7
11/9/14	20	212	1
11/9/14	20	313	1
11/9/14	20	294	1
11/9/14	20	351	1
11/9/14	20	241	1
11/9/14	20	239	1
11/9/14	20	216	1
11/9/14	20	216	12
11/9/14	20	242	1
11/9/14	20	221	1
11/9/14	20	217	6
11/9/14	20	243	1
11/9/14	20	219	1
11/9/14	20	255	1
11/9/14	20	312	1
11/9/14	20	223	1
11/9/14	20	225	1
11/9/14	20	225	1
11/9/14	20	389	2
11/9/14	20	304	1
11/9/14	20	256	2
11/9/14	20	234	1
11/9/14	20	227	1
11/9/14	20	313	1
11/9/14	20	369	1
11/9/14	20	294	1
11/9/14	20	232	1
11/9/14	20	249	1
11/9/14	20	261	1
11/9/14	20	253	1
11/9/14	20	282	1
11/9/14	20	298	1
11/9/14	20	244	1
11/9/14	20	244	1
11/9/14	20	251	1
11/9/14	20	255	1
11/9/14	20	314	2
11/9/14	20	270	2
11/9/14	20	315	2
11/9/14	20	261	1
11/9/14	20	260	1
11/9/14	20	253	1
11/9/14	20	268	1
11/9/14	21	213	1
11/9/14	21	214	1
11/9/14	21	215	1
11/9/14	21	296	1
11/9/14	21	338	1
11/9/14	21	298	1
11/9/14	21	217	1
11/9/14	21	243	1
11/9/14	21	284	1
11/9/14	21	390	4
11/9/14	21	252	3
11/9/14	21	237	1
11/9/14	21	237	1
11/9/14	21	256	1
11/9/14	21	256	1
11/9/14	21	256	1
11/9/14	21	227	1
11/9/14	21	228	1
11/9/14	21	300	1
11/9/14	21	281	1
11/9/14	21	268	1
11/9/14	21	233	3
11/9/14	21	260	1
11/9/14	21	311	1
11/9/14	21	313	1
11/9/14	21	294	1
11/9/14	21	264	1
11/9/14	21	325	1
11/9/14	22	213	1
11/9/14	22	215	2
11/9/14	22	221	1
11/9/14	22	218	1
11/9/14	22	219	1
11/9/14	22	219	12
11/9/14	22	391	1
11/9/14	22	221	2
11/9/14	22	237	1
11/9/14	22	247	1
11/9/14	22	227	3
11/9/14	22	227	1
11/9/14	22	267	2
11/9/14	22	267	1
11/9/14	22	365	1
11/9/14	22	235	1
11/9/14	22	293	1
11/9/14	22	274	1
11/9/14	22	213	1
11/9/14	22	213	1
11/9/14	22	216	1
11/9/14	22	216	7
11/9/14	22	225	1
11/9/14	22	310	1
11/9/14	23	269	1
11/9/14	23	242	2
11/9/14	23	218	2
11/9/14	23	223	3
11/9/14	23	247	1
11/9/14	23	246	1
11/9/14	23	221	4
11/9/14	23	227	1
11/9/14	23	260	1
11/9/14	23	216	1
11/9/14	23	264	1
11/9/14	23	213	1
11/9/14	23	241	1
11/9/14	23	221	2
11/9/14	0	392	1
11/9/14	0	392	1
11/9/14	0	394	1
11/9/14	0	395	1
11/9/14	0	397	3
11/9/14	0	399	3
11/9/14	0	401	1
11/9/14	0	403	2
11/9/14	1	392	26
11/9/14	1	399	1
11/9/14	1	406	1
11/9/14	1	397	1
11/9/14	1	408	1
11/9/14	1	396	1
11/9/14	1	392	1
11/9/14	1	412	1
11/9/14	1	413	1
11/9/14	1	404	1
11/9/14	2	392	1
11/9/14	2	406	1
11/9/14	2	394	2
11/9/14	2	409	1
11/9/14	2	410	1
11/9/14	2	402	1
11/9/14	3	414	1
11/9/14	3	394	1
11/9/14	3	416	1
11/9/14	3	416	1
11/9/14	3	402	1
11/9/14	3	409	2
11/9/14	3	419	1
11/9/14	3	397	1
11/9/14	3	420	1
11/9/14	3	421	1
11/9/14	4	422	1
11/9/14	4	423	1
11/9/14	4	409	1
11/9/14	4	410	1
11/9/14	4	396	1
11/9/14	4	404	1
11/9/14	5	399	3
11/9/14	5	409	1
11/9/14	5	399	1
11/9/14	5	394	1
11/9/14	5	396	1
11/9/14	5	392	1
11/9/14	6	428	1
11/9/14	6	429	1
11/9/14	6	430	1
11/9/14	6	432	3
11/9/14	6	398	5
11/9/14	6	395	1
11/9/14	6	433	1
11/9/14	7	392	6
11/9/14	7	406	1
11/9/14	7	394	1
11/9/14	7	409	3
11/9/14	7	435	1
11/9/14	7	418	1
11/9/14	7	438	1
11/9/14	7	395	5
11/9/14	7	394	1
11/9/14	8	409	1
11/9/14	8	439	1
11/9/14	8	440	1
11/9/14	8	396	9
11/9/14	8	441	1
11/9/14	8	410	1
11/9/14	8	443	1
11/9/14	8	400	1
11/9/14	8	444	5
11/9/14	8	446	1
11/9/14	8	419	2
11/9/14	8	411	1
11/9/14	8	406	2
11/9/14	8	449	1
11/9/14	8	404	1
11/9/14	8	404	1
11/9/14	8	426	3
11/9/14	9	451	1
11/9/14	9	399	1
11/9/14	9	406	1
11/9/14	9	452	1
11/9/14	9	436	1
11/9/14	9	395	2
11/9/14	9	441	1
11/9/14	9	453	1
11/9/14	9	429	1
11/9/14	9	454	2
11/9/14	9	404	1
11/9/14	9	400	1
11/9/14	9	400	4
11/9/14	9	412	1
11/9/14	9	400	1
11/9/14	9	418	1
11/9/14	9	456	6
11/9/14	9	457	1
11/9/14	9	440	1
11/9/14	9	442	1
11/9/14	9	403	1
11/9/14	9	426	1
11/9/14	10	392	6
11/9/14	10	392	1
11/9/14	10	399	1
11/9/14	10	406	1
11/9/14	10	406	2
11/9/14	10	397	1
11/9/14	10	459	2
11/9/14	10	396	1
11/9/14	10	436	1
11/9/14	10	416	1
11/9/14	10	455	3
11/9/14	10	410	11
11/9/14	10	443	1
11/9/14	10	456	1
11/9/14	10	425	1
11/9/14	10	461	1
11/9/14	10	463	1
11/9/14	10	463	1
11/9/14	10	426	1
11/9/14	10	444	1
11/9/14	10	449	1
11/9/14	10	392	1
11/9/14	10	445	1
11/9/14	10	403	1
11/9/14	10	425	1
11/9/14	10	468	1
11/9/14	10	438	1
11/9/14	10	470	1
11/9/14	10	419	1
11/9/14	10	411	1
11/9/14	10	447	1
11/9/14	10	448	1
11/9/14	10	425	1
11/9/14	10	426	1
11/9/14	10	432	1
11/9/14	11	392	1
11/9/14	11	399	3
11/9/14	11	399	1
11/9/14	11	447	1
11/9/14	11	467	1
11/9/14	11	397	1
11/9/14	11	459	1
11/9/14	11	394	1
11/9/14	11	442	1
11/9/14	11	436	2
11/9/14	11	416	1
11/9/14	11	410	8
11/9/14	11	473	1
11/9/14	11	398	2
11/9/14	11	431	1
11/9/14	11	426	5
11/9/14	11	400	1
11/9/14	11	444	2
11/9/14	11	412	1
11/9/14	11	477	1
11/9/14	11	423	5
11/9/14	11	479	1
11/9/14	11	481	1
11/9/14	11	436	1
11/9/14	11	412	1
11/9/14	11	418	2
11/9/14	11	419	1
11/9/14	11	485	1
11/9/14	11	452	1
11/9/14	11	394	1
11/9/14	11	394	1
11/9/14	11	488	1
11/9/14	11	432	2
11/9/14	12	436	1
11/9/14	12	392	2
11/9/14	12	431	1
11/9/14	12	399	1
11/9/14	12	490	1
11/9/14	12	490	1
11/9/14	12	428	1
11/9/14	12	476	1
11/9/14	12	415	1
11/9/14	12	436	1
11/9/14	12	455	1
11/9/14	12	416	1
11/9/14	12	473	1
11/9/14	12	425	1
11/9/14	12	425	1
11/9/14	12	426	1
11/9/14	12	400	1
11/9/14	12	400	2
11/9/14	12	491	1
11/9/14	12	415	1
11/9/14	12	493	2
11/9/14	12	494	1
11/9/14	12	496	1
11/9/14	12	404	2
11/9/14	12	482	1
11/9/14	12	414	1
11/9/14	12	401	1
11/9/14	12	418	5
11/9/14	12	483	1
11/9/14	12	455	1
11/9/14	12	419	1
11/9/14	12	412	1
11/9/14	12	428	1
11/9/14	12	404	2
11/9/14	13	392	1
11/9/14	13	399	1
11/9/14	13	447	1
11/9/14	13	498	1
11/9/14	13	414	1
11/9/14	13	459	5
11/9/14	13	394	1
11/9/14	13	394	2
11/9/14	13	499	1
11/9/14	13	500	1
11/9/14	13	416	1
11/9/14	13	410	13
11/9/14	13	501	2
11/9/14	13	416	1
11/9/14	13	425	1
11/9/14	13	425	1
11/9/14	13	461	1
11/9/14	13	502	1
11/9/14	13	502	1
11/9/14	13	464	1
11/9/14	13	400	1
11/9/14	13	431	1
11/9/14	13	431	1
11/9/14	13	476	1
11/9/14	13	505	1
11/9/14	13	507	1
11/9/14	13	492	1
11/9/14	13	479	1
11/9/14	13	418	2
11/9/14	13	497	1
11/9/14	13	471	1
11/9/14	13	467	1
11/9/14	13	452	1
11/9/14	13	404	1
11/9/14	13	403	1
11/9/14	13	509	1
11/9/14	14	392	1
11/9/14	14	490	1
11/9/14	14	447	1
11/9/14	14	406	9
11/9/14	14	397	6
11/9/14	14	394	1
11/9/14	14	415	1
11/9/14	14	396	3
11/9/14	14	395	1
11/9/14	14	410	6
11/9/14	14	457	2
11/9/14	14	456	1
11/9/14	14	458	2
11/9/14	14	398	2
11/9/14	14	510	1
11/9/14	14	460	1
11/9/14	14	511	1
11/9/14	14	512	1
11/9/14	14	462	1
11/9/14	14	457	1
11/9/14	14	400	1
11/9/14	14	400	1
11/9/14	14	400	1
11/9/14	14	430	1
11/9/14	14	481	2
11/9/14	14	515	1
11/9/14	14	413	1
11/9/14	14	436	1
11/9/14	14	418	1
11/9/14	14	484	1
11/9/14	14	501	1
11/9/14	14	392	1
11/9/14	14	517	1
11/9/14	14	518	1
11/9/14	14	458	1
11/9/14	14	432	1
11/9/14	15	392	3
11/9/14	15	498	1
11/9/14	15	434	1
11/9/14	15	452	1
11/9/14	15	397	2
11/9/14	15	394	2
11/9/14	15	394	2
11/9/14	15	476	1
11/9/14	15	395	1
11/9/14	15	395	1
11/9/14	15	410	17
11/9/14	15	470	1
11/9/14	15	436	1
11/9/14	15	469	1
11/9/14	15	469	1
11/9/14	15	458	1
11/9/14	15	431	1
11/9/14	15	519	1
11/9/14	15	520	1
11/9/14	15	404	1
11/9/14	15	523	5
11/9/14	15	426	2
11/9/14	15	426	1
11/9/14	15	488	1
11/9/14	15	399	4
11/9/14	15	399	2
11/9/14	15	399	1
11/9/14	15	392	2
11/9/14	15	435	1
11/9/14	15	480	1
11/9/14	15	404	2
11/9/14	15	441	1
11/9/14	15	399	1
11/9/14	15	452	1
11/9/14	15	394	1
11/9/14	15	394	18
11/9/14	15	402	1
11/9/14	16	409	1
11/9/14	16	399	1
11/9/14	16	399	1
11/9/14	16	406	1
11/9/14	16	394	1
11/9/14	16	394	1
11/9/14	16	394	1
11/9/14	16	396	2
11/9/14	16	409	1
11/9/14	16	409	1
11/9/14	16	470	1
11/9/14	16	410	7
11/9/14	16	469	1
11/9/14	16	425	1
11/9/14	16	458	1
11/9/14	16	464	2
11/9/14	16	523	6
11/9/14	16	400	2
11/9/14	16	399	1
11/9/14	16	423	1
11/9/14	16	414	1
11/9/14	16	414	1
11/9/14	16	527	1
11/9/14	16	418	1
11/9/14	16	418	2
11/9/14	16	410	32
11/9/14	16	469	1
11/9/14	16	448	1
11/9/14	16	394	1
11/9/14	16	442	1
11/9/14	16	404	1
11/9/14	17	409	2
11/9/14	17	489	1
11/9/14	17	430	1
11/9/14	17	430	1
11/9/14	17	397	2
11/9/14	17	529	1
11/9/14	17	415	1
11/9/14	17	499	1
11/9/14	17	453	1
11/9/14	17	396	2
11/9/14	17	410	21
11/9/14	17	469	1
11/9/14	17	398	4
11/9/14	17	425	1
11/9/14	17	431	1
11/9/14	17	448	1
11/9/14	17	404	1
11/9/14	17	410	1
11/9/14	17	426	1
11/9/14	17	488	1
11/9/14	17	489	1
11/9/14	17	447	1
11/9/14	17	430	1
11/9/14	17	448	1
11/9/14	17	531	1
11/9/14	17	481	1
11/9/14	17	431	1
11/9/14	17	437	1
11/9/14	17	499	1
11/9/14	17	419	1
11/9/14	17	469	1
11/9/14	17	485	1
11/9/14	17	501	1
11/9/14	17	411	1
11/9/14	17	430	1
11/9/14	17	452	1
11/9/14	17	452	1
11/9/14	17	425	1
11/9/14	18	436	1
11/9/14	18	399	1
11/9/14	18	430	1
11/9/14	18	447	1
11/9/14	18	406	1
11/9/14	18	414	1
11/9/14	18	397	1
11/9/14	18	394	1
11/9/14	18	529	1
11/9/14	18	415	1
11/9/14	18	396	1
11/9/14	18	436	1
11/9/14	18	453	1
11/9/14	18	441	1
11/9/14	18	473	4
11/9/14	18	398	4
11/9/14	18	458	1
11/9/14	18	533	1
11/9/14	18	464	1
11/9/14	18	534	1
11/9/14	18	404	1
11/9/14	18	404	1
11/9/14	18	488	2
11/9/14	18	426	1
11/9/14	18	448	1
11/9/14	18	492	1
11/9/14	18	404	2
11/9/14	18	431	1
11/9/14	18	468	1
11/9/14	18	470	1
11/9/14	18	504	2
11/9/14	18	452	1
11/9/14	18	469	1
11/9/14	18	442	1
11/9/14	18	431	1
11/9/14	18	403	1
11/9/14	19	409	6
11/9/14	19	535	1
11/9/14	19	472	1
11/9/14	19	406	2
11/9/14	19	517	1
11/9/14	19	394	1
11/9/14	19	415	1
11/9/14	19	409	2
11/9/14	19	409	1
11/9/14	19	395	2
11/9/14	19	395	6
11/9/14	19	469	1
11/9/14	19	425	1
11/9/14	19	519	1
11/9/14	19	512	1
11/9/14	19	464	2
11/9/14	19	400	1
11/9/14	19	415	1
11/9/14	19	403	1
11/9/14	19	414	1
11/9/14	19	437	1
11/9/14	19	419	1
11/9/14	19	453	1
11/9/14	19	419	1
11/9/14	19	505	1
11/9/14	19	414	1
11/9/14	19	458	1
11/9/14	19	400	1
11/9/14	20	409	1
11/9/14	20	411	1
11/9/14	20	422	1
11/9/14	20	406	4
11/9/14	20	465	1
11/9/14	20	436	1
11/9/14	20	436	1
11/9/14	20	397	1
11/9/14	20	412	1
11/9/14	20	398	1
11/9/14	20	539	1
11/9/14	20	400	2
11/9/14	20	400	5
11/9/14	20	430	1
11/9/14	20	477	1
11/9/14	20	421	1
11/9/14	20	467	1
11/9/14	20	406	3
11/9/14	20	409	1
11/9/14	20	461	1
11/9/14	20	436	1
11/9/14	20	422	1
11/9/14	20	442	1
11/9/14	20	404	6
11/9/14	20	400	3
11/9/14	21	409	4
11/9/14	21	399	1
11/9/14	21	452	1
11/9/14	21	397	1
11/9/14	21	396	1
11/9/14	21	438	1
11/9/14	21	412	1
11/9/14	21	448	1
11/9/14	21	392	3
11/9/14	21	495	1
11/9/14	21	406	1
11/9/14	21	428	1
11/9/14	21	499	1
11/9/14	21	410	1
11/9/14	21	397	1
11/9/14	21	426	1
11/9/14	22	434	1
11/9/14	22	394	1
11/9/14	22	394	3
11/9/14	22	400	4
11/9/14	22	448	1
11/9/14	22	476	1
11/9/14	22	496	1
11/9/14	22	409	1
11/9/14	22	392	1
11/9/14	22	394	2
11/9/14	22	404	2
11/9/14	23	436	1
11/9/14	23	397	1
11/9/14	23	415	1
11/9/14	23	398	2
11/9/14	23	400	1
11/9/14	23	399	2
11/9/14	23	399	4
11/9/14	23	425	1
11/9/14	23	392	1
11/9/14	23	431	1
