0.12798953,3.1273682,5.1334853,3.834711,16.82423,8.903717,1.3212268,0.95523614,0.85513514,0.48382503,0.48382503,0.48382503,0.48382503,0.46149248,0.6494325,0.31302166,0.5359365,0.36889094,0.15118377,0.116663866,1.6986362,3.364467,1.7647266,0.010920338,2.2767754,3.5422854,1.8270577,0.8364866,8.66149,35.817295,5.422506,0.0,0.0,0.0,0.0,0.0,0.0,6.8332176,85.30556,65.13843,51.32206,2.0730262,52.36857,38.857586,38.015392,16.05811,7.569023,16.037556,25.823704,24.310598,3.9171526,3.6896818,7.9606414,10.537575,10.568537,10.448042,7.5967097,15.540639,15.377213,4.2109313,4.222678,4.1118417,3.68507,5.3100786,6.5887074,5.9034185,1.4701185,2.4744627,4.342142,4.2219625,2.4480748,2.7341702
2.9132638,5.8421264,11.453844,11.124475,12.321951,3.437811,1.7866241,1.6314007,0.47300696,0.32851106,0.48382503,0.48382503,0.90346,0.40529457,0.15290956,0.15092716,0.15290956,0.15290956,0.09355827,0.0,0.11005023,3.3580596,3.3542206,0.5992365,0.5674035,2.2124536,0.8691428,0.8691428,11.752601,14.581457,0.07958136,0.0,0.0,0.0,0.0,0.0,0.0,5.617638,79.472984,36.57417,32.326645,18.154026,16.847347,33.13307,81.14582,30.493322,19.406563,36.64994,33.35299,16.99367,3.0777962,8.978383,55.675457,121.724,10.510886,4.4203444,5.372962,16.992508,14.816425,5.0044494,4.7079277,3.8345785,3.8345785,5.434935,6.5887074,5.5422974,3.1592526,2.490579,3.2674417,3.5603623,2.8711803,3.5846057
2.5282097,16.232443,14.880332,23.569075,20.96205,0.73670137,0.90857136,1.5959215,0.10139967,0.29353088,0.48382503,0.6122529,0.22662783,0.15290956,0.15290956,0.15290956,0.15290956,0.15290956,0.08166474,0.0,0.27709353,2.3891947,3.1391072,1.5054505,0.34391266,0.63994646,0.8691428,2.0454478,16.581861,7.0365615,0.6458222,0.0,0.0,0.0,0.0,0.0,0.0,9.177366,128.22073,21.664646,29.804543,8.488891,1.9933258,3.912298,49.375942,24.111067,17.040724,16.314182,18.906378,14.588013,14.04528,13.848566,17.902836,130.60794,27.713299,8.828017,7.5824766,12.306936,13.380154,11.119646,8.366246,7.019591,6.728737,12.241335,15.182269,4.717946,3.4725108,1.3438249,1.4986112,2.258687,3.5196376,5.249149
4.8822217,11.797724,41.939083,65.8267,14.658317,3.7933912,1.4508951,2.0401711,0.06100639,0.41375166,0.93190455,0.19895582,0.15290956,0.15290956,0.15290956,0.15290956,0.15290956,0.14516681,0.011725564,0.0,0.69238514,1.0567836,1.2993915,1.8174587,1.296252,0.99905074,1.2865126,3.819688,9.342103,1.8461205,1.7085427,0.21697362,0.0,0.0,0.0,0.0,2.7812939,7.8336835,25.923338,26.908632,143.45004,2.8377416,2.781349,5.254515,14.612832,6.0198035,8.203535,16.955433,21.628374,24.097324,49.474857,21.99161,11.650351,11.950379,18.816864,229.88766,6.769196,9.863035,10.035418,10.035418,10.035418,9.910697,10.332066,15.034384,13.842084,3.5655422,3.8264852,2.1430995,1.462154,1.6680388,3.1564884,5.249149
5.204766,13.325035,11.369632,42.291977,17.362537,5.0971165,3.9425683,3.0846863,1.1624585,2.8021066,0.6286184,0.15290956,0.15290956,0.15290956,0.15290956,0.15290956,0.13742696,0.037030965,0.0,0.0,0.08093033,0.016034175,0.0,0.8866144,10.39409,1.698163,6.1927643,2.4576387,1.7478937,1.7478937,1.5694673,0.30514726,0.0,0.0,0.0,99.82783,390.4886,189.94768,140.68033,307.82657,76.37365,22.840492,5.435363,5.9835777,14.380628,13.969654,8.031612,10.769977,32.74365,32.175682,25.565586,12.933082,12.010819,15.105656,28.948664,13.058132,3.6320615,13.430442,44.102962,12.063597,12.155792,12.984398,11.832453,7.2893753,8.612061,3.562279,3.996869,2.924418,1.5469031,1.5469031,3.0134733,5.249149
1.7561564,5.695202,42.687363,79.152985,62.253452,4.0595336,3.9312525,5.0042744,3.736299,2.954808,0.47921118,0.15290956,0.15290956,0.15290956,0.15290956,0.15262929,0.023111047,0.0,0.0012171819,0.033943113,0.09040014,0.0582278,0.0014888836,0.0,4.319192,2.4176054,11.686148,1.7478937,1.7478937,1.7478937,1.0572011,0.0,0.09065595,0.049059942,0.95036966,289.08054,263.3347,139.8458,129.51823,917.79333,58.860275,56.71855,13.631934,9.416929,7.7672033,14.6374655,14.6353245,6.9805517,32.927013,24.31657,58.93851,18.69887,19.772346,24.547054,27.137463,4.5450664,3.3551779,11.610629,57.628464,118.12623,19.204012,5.579154,5.0721693,4.9932323,13.949709,3.4761488,4.939478,3.7486467,1.561393,2.6864927,6.725934,5.249149
0.40186638,1.1682878,8.237502,22.03217,18.356201,3.9425683,2.1051812,2.3676639,5.5106587,0.37027675,0.15290956,0.13888335,0.15156978,0.14874506,0.08770057,0.037302993,0.0,0.0,0.03578658,0.100464456,0.10048144,0.092653096,1.7654E-4,0.022351833,2.524097,2.7317033,2.8019438,1.7478937,1.7478937,1.7478937,3.3993309,0.22575392,0.87217814,0.657565,16.691252,189.00548,80.259056,47.524147,37.698963,48.88392,65.823074,31.658466,13.615419,18.3433,30.957487,20.158333,30.329956,5.802684,10.997132,23.192844,58.61499,20.616096,27.358683,26.904942,38.512646,5.1718874,10.667766,8.168474,26.039284,94.13445,26.757362,5.408001,5.3891177,2.167368,8.6165495,4.8530736,5.0885816,4.386898,2.5150435,3.5333428,8.116499,3.9658227
0.48515096,0.84583783,2.1142251,2.6714523,14.003186,2.7444148,0.95245147,0.64714175,0.15290956,0.15290956,0.15289557,0.15290956,0.08228172,0.008744712,1.5419635E-5,0.0,0.0,0.0,0.038817618,0.10048144,0.10048144,0.058113102,0.0,0.45705146,2.7317033,2.7317033,6.830673,1.7719568,1.666194,1.7739595,6.756607,4.685543,0.676449,1.6184462,4.2609653,14.073201,17.252003,43.75902,30.45445,38.00559,121.12714,139.93066,16.461132,20.38957,27.288685,22.454344,12.702957,6.0196996,13.278877,28.176645,127.198395,53.3595,26.570127,36.3014,41.016018,6.6123276,11.633471,25.848612,32.683113,45.718384,46.312054,16.754826,5.3891177,1.3011225,1.5004144,4.142529,3.9812837,3.9784465,2.7393873,2.3543787,2.5190446,2.7922852
1.0011696,1.8757329,2.8225012,1.6120433,0.71333396,1.3816004,0.045556534,0.15495452,0.15290956,0.15290956,0.07686089,0.028460845,0.0012382227,0.0,0.009989727,0.019923327,0.020202354,0.02039249,0.047469173,0.090038665,0.042005908,0.0021838916,0.0,0.0036664952,1.3056102,2.7317033,2.7280536,4.5117197,1.1720445,2.4763317,8.767246,7.0902905,0.06852248,17.486597,17.290012,18.282526,25.472765,47.26809,84.976906,128.68678,95.45936,294.80695,65.24125,18.011463,1.8389786,10.345176,3.8022094,6.9470196,26.8651,77.35151,118.74144,75.3019,23.247845,38.94201,37.90709,17.4286,6.54648,18.915615,31.776754,68.99367,61.118435,31.898582,5.0775614,3.6267076,3.9784465,3.9784465,3.9784465,3.9784465,7.853127,5.2471447,2.7753587,2.7922852
1.8702557,2.2708673,3.6137917,0.33631617,0.31490463,0.45098293,0.15119505,0.15290956,0.15290956,0.1484368,0.007583408,0.0,0.0036007918,0.04602054,0.10532414,0.2990376,0.14341891,0.11394609,15.066445,0.008057247,0.0,0.0,0.0,0.0,0.28916705,2.7317033,2.7317033,21.720055,1.1691569,18.209465,19.04374,7.0552597,0.019892806,29.508862,32.97761,15.746295,49.63613,218.72316,292.54126,69.91159,18.64484,458.73798,810.56445,28.99904,23.800716,20.517996,7.078411,10.44735,48.9841,139.62648,83.53069,72.845345,23.422344,39.40576,100.97329,117.20531,15.292072,14.364238,63.18878,34.66452,30.553936,14.872001,4.292059,3.980239,3.9784465,3.9784465,3.9784465,4.634884,10.04322,3.6598654,2.7922852,2.7922852
4.2135096,6.562233,6.3242955,0.5378142,0.17651966,0.0020437445,0.09146567,0.14171892,0.090606384,0.043640304,0.0,0.02368186,0.18119913,1.3228092,1.8354666,1.8046255,1.4809451,0.32619962,7.5971923,0.0,0.07358751,0.7618944,1.1739867,5.510419,5.055766,20.90328,2.7317033,2.6602733,5.441824,31.614164,26.694063,5.012915,0.20756145,25.779877,33.598797,31.122164,70.68462,206.8702,109.529755,154.95581,85.56001,1642.5127,549.06415,188.42574,209.82794,19.374315,22.49391,23.180323,203.63655,275.65955,87.85161,98.00259,219.11072,43.481956,71.90791,108.17215,66.04835,30.832853,691.6515,15.281485,6.6998205,6.0160522,6.629542,4.200497,4.1336346,4.1289883,4.466922,7.44532,9.902529,3.5046458,2.7512105,2.7922852
39.468113,10.568295,6.8048716,0.81444746,0.07972912,0.0,0.00249697,0.002870443,0.0,0.72433996,1.707215,0.42209107,1.6618222,1.8483303,1.8483303,1.8483303,1.8483303,7.4225235,24.148113,0.006808144,0.65477425,1.2959983,4.339577,8.139606,8.244129,29.97662,2.7317033,2.7317033,5.031305,19.116808,27.986298,6.144788,6.364423,29.193542,37.048717,69.26157,43.695976,146.01149,141.80734,125.790955,332.64435,2079.33,3822.3398,5307.131,3265.5005,37.721073,19.85728,103.45743,304.55783,182.30507,162.10582,291.0837,1305.5242,483.6099,502.71613,168.78806,29.18585,10.31839,7.952426,6.0160522,14.420048,7.295433,4.9438972,4.294292,4.294292,4.294292,3.0784578,3.1962433,2.4038506,0.5368628,1.1509671,2.7922852
36.576756,12.520525,8.240298,1.718395,0.07135832,0.0,0.0,0.2335474,1.6429943,2.1578305,3.3616915,1.8008555,1.8483303,1.8483303,1.8483303,1.8483303,12.462154,3.6219912,1.9808123,0.6070317,1.2976283,1.2976283,1.2976283,16.26525,23.337734,3.2397752,2.7317033,2.7317033,5.919346,9.993614,22.894726,5.7919474,9.745504,65.1644,54.76957,100.57771,1.9486399,38.224266,88.69852,2733.7488,2410.4128,2494.671,2121.04,1483.074,566.0486,96.29712,94.2909,204.28694,248.61864,96.45503,151.5873,405.23373,138.39508,526.10284,129.12357,91.750885,28.535114,10.31839,7.8219457,5.9996963,6.0138535,6.0160522,5.342045,4.294292,4.294292,4.294292,2.044879,1.4773971,1.4773971,4.0974464,2.6009235,0.6616863
3.368133,3.8357525,2.2707808,2.250411,0.97775465,0.002719543,0.0,0.48538327,3.5243425,3.5243425,3.5243425,2.338935,1.8483303,3.0609922,43.64177,153.28261,134.67345,134.05826,85.86075,5.7271185,1.8052949,32.607155,11.972971,18.733276,12.433787,4.1999974,3.4678009,3.8381858,5.8474627,4.7555337,4.9868937,4.443527,6.9003434,5.203202,33.580544,100.68688,27.965271,54.290607,78.00493,5917.6777,718.49207,2280.8005,657.6709,225.88983,11.892414,57.039455,335.24203,151.49178,138.91772,370.73077,477.64606,433.27957,203.00941,114.96303,103.239914,51.856422,8.171469,10.31839,7.867075,6.0160522,6.0160522,6.0160522,5.9356446,4.729603,4.536418,4.226685,2.2896369,2.7042322,6.6462593,6.3840594,0.5474003,0.5562363
1.9680135,0.55075985,0.826733,0.6995114,3.5226226,2.3865871,1.8388122,1.8056595,3.5243425,3.5243425,3.5243425,42.92077,35.111126,54.49775,30.62997,322.47272,791.6406,693.4735,286.25925,56.63286,63.98772,148.6539,20.089958,12.6164875,11.94267,6.4915805,5.638422,21.573818,27.005943,9.613362,0.033720735,30.629313,99.40312,11.053313,155.60707,208.23401,83.13764,39.70156,31.442013,2781.1694,1967.5834,1586.441,1163.0139,76.31563,96.332016,315.19556,73.94575,102.72848,130.57278,181.38326,438.78256,425.12872,95.080605,148.79724,166.05066,30.940975,22.543642,11.193188,8.349171,6.0160522,7.2685885,7.222924,6.0160522,5.2291813,4.5067873,1.6003002,3.828988,7.246227,20.27203,14.956254,0.66765326,0.74105495
0.04747445,0.76700455,0.37895155,0.6732063,3.5216327,3.5243425,3.5243425,3.5243425,3.5243425,13.414732,7.4980626,7.2057548,4.146693,13.433964,35.594532,163.18721,379.6027,402.08237,308.15976,74.30538,98.81635,102.714424,34.033493,17.952663,28.211952,34.60073,29.6989,30.153059,30.153059,29.559195,5.9318724,76.573265,152.60901,5.393539,27.487461,70.75011,116.100494,144.82932,37.77027,895.22424,1232.3618,826.87067,971.34357,212.93692,937.0011,2062.896,1361.4248,1228.7141,185.0923,135.36595,121.624886,88.118195,49.864304,66.692856,65.57739,45.356194,27.388855,12.522284,9.840922,6.048931,6.664907,7.52092,6.0160522,5.2508535,0.8052918,0.045845523,6.843216,23.216667,25.614046,19.551584,1.075112,0.9277797
0.65689194,0.6844053,0.34770134,0.35990107,6.51501,4.4404044,11.804951,24.376928,8.460294,23.077879,5.5486803,0.80833256,1.2746568,41.415585,96.34294,377.43478,86.689316,314.7066,292.5236,87.89709,84.616264,94.58952,99.16937,95.06487,65.61911,56.56833,30.153059,30.153059,30.153059,29.752207,7.0384846,628.07135,645.35187,17.814627,18.047903,27.712029,22.260359,11.329389,11.510981,1079.9185,840.08307,44.383575,7.0458636,61.710575,205.20566,425.26697,2428.3606,1951.3954,759.0024,103.705414,74.39405,70.59197,88.681366,67.73749,65.17281,34.629932,4.4619513,7.2669024,11.717955,7.5912642,5.9211764,5.9234705,5.8733015,2.5189133,0.0,0.76333284,14.976627,38.73291,115.482414,37.85856,2.2871664,1.7261653
0.66937166,0.904522,2.0302706,0.64145917,0.6685843,0.6686478,2.8968654,5.446293,5.478248,5.478248,3.5060039,1.104512,26.632149,69.58994,57.06918,133.8966,24.56394,115.96468,534.14056,257.99008,154.91876,108.86605,121.41549,238.31175,61.85581,35.77121,30.678034,29.495113,25.45905,21.504293,2.5537577,659.9236,5419.6934,121.862404,40.781525,288.54446,22.466217,12.990678,6.1487765,3526.0688,2768.2166,6.3765936,10.066709,25.910849,127.991196,763.3961,358.57532,136.71298,192.79944,136.88823,400.29727,507.33386,656.86816,212.9007,107.75682,15.421442,0.37149838,0.37197706,3.7965524,7.6973743,3.000832,2.656009,2.220148,1.040746,0.0,0.47237104,9.181184,9.356516,6.480076,1.6521192,2.1159499,2.419144
0.6420225,0.92271066,0.68005216,0.6686478,0.6686478,2.1116462,5.472385,5.478248,5.3072743,4.532596,4.183566,4.0832896,94.20653,269.7631,295.9249,312.3407,48.47702,142.4046,369.83963,238.85358,466.66806,253.33871,219.58374,249.00523,39.345535,37.980896,94.98697,46.871944,49.752617,20.577742,19.017382,495.84714,819.8143,38.364822,36.84739,29.798935,39.2919,3.6002345,330.42798,2892.0337,1077.4373,5.9020615,1.0264984,877.1985,1456.3616,4346.7686,1301.5748,2048.4165,273.54025,142.99036,268.30145,338.57092,169.99228,81.54951,114.69676,127.04664,116.77865,21.75419,18.25488,6.1167397,2.991968,2.656009,3.1463423,4.281131,0.008218602,0.4639621,0.72646934,0.42537406,0.67753226,1.6770868,2.419144,2.419144
0.6558261,0.6686478,0.6686478,0.6686478,0.6137259,2.761724,5.478248,5.478248,5.2569947,4.256468,4.256468,10.548754,102.68225,666.6007,298.54385,32.9984,39.945534,44.341732,232.08379,82.726,722.14874,239.33124,260.51343,236.12044,164.38829,83.395096,66.45735,76.6352,61.271442,20.577742,20.577742,10.787011,100.30003,87.98044,81.55031,159.80176,9.47998,1149.9652,1666.2783,346.30045,208.18681,7.1925936,8.650317,1271.0927,4951.368,1862.4365,5820.9116,4701.1045,320.73877,126.81171,123.98388,29.429821,47.78442,26.53015,12.280411,263.7531,502.20096,60.52346,37.410114,3.8950756,6.4420547,6.656008,4.1103225,1.4887999,0.12033246,0.53070056,0.8424465,0.76202697,0.69186217,0.9006632,2.3553483,2.419144
1.4149678,0.6686478,0.6686478,0.66845834,0.331842,0.9939571,5.0220656,5.478248,4.9419155,4.256468,4.3934655,20.639124,22.715355,21.492903,21.492903,21.492903,15.239775,9.206713,2.6306999,122.29985,364.59094,307.29892,195.7061,107.317444,181.98613,543.5311,108.99867,62.8813,20.653355,26.299114,16.202267,9.293952,101.49776,122.24034,4308.9253,5646.8193,2605.778,8493.1875,10828.121,4994.8604,1114.8186,874.86786,695.0054,2924.923,8707.868,3343.6204,1984.3207,859.82904,285.26147,184.95338,186.89151,116.658104,192.39258,52.60414,4.552065,83.84284,122.70845,52.97562,37.57882,3.9507318,8.509635,9.391634,5.408885,1.4639071,0.27913776,0.6562394,1.0014733,1.0209538,0.33958697,0.6341909,0.5197072,1.7414101
4.787521,0.6686478,0.6686478,0.43681204,0.03443765,0.18861097,1.9377877,5.4066734,4.4360466,4.256468,7.9258127,21.492903,21.492903,21.492903,21.492903,21.492903,7.6258345,0.0,41.13949,269.99078,317.73224,405.61313,651.971,266.84286,222.76619,257.90466,132.02435,81.89651,62.557137,209.4038,766.75446,1618.6893,1.3741783,12.616211,6602.8477,7273.632,8191.2056,5517.2397,8345.492,7094.192,6252.9277,1762.2499,1384.9828,2084.324,6024.6113,1108.5552,432.88577,562.35034,426.6765,351.70242,374.32483,150.67816,265.2633,88.85498,5.4028893,20.057405,50.099155,50.099155,37.73609,3.9550087,8.506492,9.744406,6.392765,1.4724016,1.4724016,1.2005496,1.0218513,0.98134375,0.8052025,4.712137,0.04119522,0.07864525
1.7371496,0.446701,0.41118887,0.050249908,0.025469963,0.1264887,0.13061559,2.152744,3.2850466,3.3641772,7.4392214,16.982069,16.261303,15.687738,16.412909,16.141558,5.0018635,0.39906684,139.97218,263.88403,266.37906,387.8654,537.1262,123.428444,320.3083,552.1288,185.33955,74.909386,1156.6418,57.544994,2216.6257,7682.877,3620.671,245.16705,2076.8613,1212.6506,5480.697,7566.315,3849.3142,6822.615,2954.5823,113.001205,0.43977073,1207.3473,5357.9985,403.58755,414.8299,1081.2715,298.11877,470.55215,150.47151,98.195984,107.38457,34.094646,6.879504,17.699352,41.651558,33.426937,35.570408,5.6171665,10.551579,7.9155474,6.598306,11.338527,5.1849794,0.75388867,0.7001997,1.1600473,6.8299875,14.879396,4.857787,0.31074768
0.026640404,0.054292116,0.06267751,0.06267751,0.048937168,0.0,0.0,3.175247E-4,4.249249,0.23502865,0.23502865,0.23472713,0.08621288,0.003934985,2.8264494,4.125176,4.125176,1.5333867,434.20462,520.7761,218.277,411.4106,381.50378,238.91,217.0168,409.65155,147.13675,73.33264,3463.073,1714.3108,6898.4785,7195.2534,6868.863,3335.2244,3313.3577,4729.819,5810.081,7290.9424,6083.8994,6739.746,4150.354,1420.7,1239.0,3616.1223,3578.6812,1065.3477,1342.4211,3616.6138,2749.0947,677.99066,15.161053,0.0,0.07637434,0.1848099,0.1848099,6.7281823,8.042244,6.2352657,31.653112,8.993282,13.374792,5.5007215,8.505865,29.504076,31.87553,8.0062065,0.60304236,2.0944417,17.240107,12.129065,32.31675,0.89135855
0.0,0.0135771595,0.052688994,0.062307686,0.06033489,0.0129706785,0.0,0.36505997,0.68311965,0.23502865,0.23502865,0.23502865,0.2203387,0.03872537,0.030010311,9.68144,4.659391,3.5727627,63.20726,331.93286,831.85474,381.99173,544.3551,412.42166,366.62817,352.18652,205.47571,434.33594,1307.3337,2769.3528,6814.59,7662.542,5244.3354,4074.6877,2497.7961,6254.276,6167.3516,4945.1865,7785.29,7086.5894,4352.123,4756.298,1136.8419,1841.0245,3834.0923,3456.246,3681.2837,5717.2295,2999.7703,1316.6317,2.4398608,0.0,0.0832666,0.1848099,0.1848099,6.431999,7.576668,4.499084,31.55197,11.363001,21.141712,6.3427296,7.609498,28.493956,26.612333,23.271467,5.809625,12.7810755,17.359306,28.77936,33.302814,0.9236997
0.0,0.0,0.00999323,0.06260875,0.06041604,0.004428185,0.78291965,0.7159982,1.0227774,0.6577037,0.23834129,0.23502865,0.23502865,0.20787346,0.16253155,7.4393773,45.025127,101.696045,64.661606,158.90285,491.91544,792.7282,360.44745,384.61615,307.8789,357.51035,169.23878,587.6422,666.8108,5244.12,6688.181,5489.6694,4802.842,3423.173,6005.261,9522.882,4793.083,1619.679,2331.2786,1408.7836,5042.3643,6018.006,265.52142,3951.528,8210.196,9909.653,9587.603,7764.2197,1551.8132,97.12398,5.445271,0.0,0.09746423,0.1848099,0.5239119,8.153251,8.013881,4.499084,19.893202,18.856865,26.286167,6.031537,6.7059107,28.207026,20.950043,25.95155,7.7865276,12.519585,17.441097,38.98618,40.45961,5.2869067
0.023688847,0.49164882,0.036224388,0.06756887,0.06267751,0.017653035,1.2389654,1.0368084,1.0313861,0.8843152,0.23541938,0.23502865,0.23502865,0.22168532,0.13191701,0.9648472,19.414566,236.74147,416.1414,156.4968,268.27682,1413.8043,859.3487,229.15181,522.10516,99.59167,12.325043,55.634815,621.2935,6701.0093,4894.0054,8416.523,2141.9302,4378.1577,5613.2734,4428.551,5426.7593,1184.4761,1432.2246,6284.4336,5357.393,43.20893,835.45667,11859.772,9656.194,7678.1895,5886.359,1260.8024,1208.9224,12.196453,57.37306,26.214872,4.943379,10.032337,12.554339,19.088465,19.437305,17.290077,19.057371,7.109492,20.600092,12.643569,6.8675003,26.124657,20.820066,18.306421,6.4682264,5.732812,13.21782,25.882568,34.364532,18.262793
0.0,0.29207087,0.6380498,0.7917484,0.058387317,0.023485526,1.3220272,1.0849319,1.0313861,1.791925,2.851521,0.23502865,0.2305875,0.21030644,1.8683997,16.649208,26.449118,215.03233,373.03595,188.094,1183.2399,1313.8167,1054.1659,156.05292,43.053257,21.96606,16.394875,477.51572,125.70449,6.7878423,4084.1306,7206.6577,5917.9487,6421.9893,7628.149,4150.143,8840.219,3357.9985,4448.271,7863.1006,9209.407,5805.906,1886.2854,6848.853,10874.23,10426.727,7312.7266,1214.7733,0.0,68.64891,92.96085,2.9287925,16.07697,31.985008,33.358883,37.87317,37.87317,37.87317,34.621803,12.610291,52.109024,28.327135,8.113985,15.80983,15.926713,4.764328,4.350411,5.4286404,5.5969157,23.402714,32.805016,17.453445
0.0,0.38035282,1.0549607,1.1988522,0.29194182,0.031727884,1.2637494,1.1398616,1.0298389,15.774919,20.8951,9.099006,5.4310775,0.9011394,6.859298,15.692058,58.738186,218.74861,172.7296,180.92598,1725.2153,823.7889,269.75238,232.64761,227.04367,289.29324,10.809758,110.02473,4002.955,4232.069,4017.438,5513.3086,4928.2256,9128.225,10235.099,2335.2424,8030.4326,10458.408,6703.77,11373.611,8607.774,7686.406,11213.302,7999.0693,9940.431,10496.626,2513.5913,4.2700267,1.223738,35.431923,3.47492,3.1886816,17.479864,31.985008,32.42533,37.389767,37.87317,47.730515,55.268246,39.92798,59.932755,39.696014,7.947798,15.513775,13.58421,1.9343504,4.3283787,5.2380342,5.6500845,25.67704,34.9104,20.4413
0.0,9.111945,4.555525,1.0819784,151.13869,2.5125227,0.670801,1.61569,3.0423064,22.590683,21.346449,27.12849,19.344704,13.71376,20.716595,23.65881,11.249516,190.06519,329.0459,333.93475,1289.6115,302.2678,313.3249,873.2391,694.3321,56.368156,15.334599,49.31449,830.2696,6147.819,6589.192,7557.2397,8253.762,10801.07,14088.931,5528.3726,8102.5356,9123.065,11560.729,9540.531,12658.583,10262.645,8374.619,12239.708,10529.599,8837.595,148.6994,981.8839,2199.83,15.185001,2.289296,7.95071,15.907602,32.41133,46.004295,76.98256,131.26599,45.170868,48.103764,32.67315,74.42824,32.267467,9.276578,16.776953,118.339096,14.6359625,4.8252797,5.627039,35.565372,68.54632,40.713886,33.71639
0.0,0.0,0.010350037,2.175389E-4,19.899048,559.01685,88.022285,1.1760783,1.1423488,11.389254,25.198494,27.65354,21.05399,16.03295,56.207165,15.629488,11.718296,167.25186,278.89633,257.87756,199.29483,176.01239,107.12614,804.876,1134.8392,272.31326,111.00273,520.61115,1739.576,7552.4985,4581.114,5225.9146,9548.511,12677.42,13621.134,5538.248,11026.357,7266.406,9551.833,8550.595,9969.767,11434.888,8686.676,9835.018,7697.471,2391.2698,2.8326616,140.34865,175.0729,16.24628,0.73014706,3.730912,18.007526,34.698547,54.731236,30.089207,37.376595,37.87317,37.75341,33.47795,187.6664,110.29025,28.465946,25.718407,36.323177,32.857784,9.101618,5.6451707,704.41974,173.20486,17.616215,12.753698
0.30543754,0.32042503,0.37695953,0.36305076,0.3807934,81.733864,312.87473,1.5020217,1.2907891,11.053319,19.15773,73.50069,64.00627,22.066431,5.5377903,8.105348,203.582,341.19397,80.33109,29.220112,52.010513,94.172554,152.80469,258.98242,296.30707,416.7718,4044.8486,3282.2769,3399.332,7858.2676,1737.0098,5228.383,5608.522,12617.697,8252.019,6373.039,20262.482,7973.536,9414.627,7923.1646,4871.5825,11170.79,9039.351,9242.49,2350.1736,172.0,122.41878,476.46725,1226.5997,140.97395,0.80879825,6.689559,25.334194,107.66996,24.808855,16.05204,23.093153,18.479134,20.472158,22.584108,21.194176,12.615505,67.00613,328.9367,171.10214,35.122734,57.999924,28.545137,151.88686,7.8340025,6.098822,6.4720945
0.41956472,0.43189707,0.43189707,0.43189707,0.36547434,2.855055,18.662199,20.9073,1.6606009,3.646699,17.01423,24.137766,157.35411,1241.8173,356.43115,19.905888,87.67953,32.228416,13.242045,14.575161,13.958208,15.507963,63.653664,61.270428,75.305046,1124.6565,3480.178,3100.843,1498.9133,4144.508,4999.9043,6374.36,9329.427,8991.604,8054.3584,9025.676,21090.988,14413.923,9914.279,8672.327,16553.67,14875.661,6469.002,9169.142,4506.731,3553.457,878.01697,0.0,0.0,838.159,1.1302555,13.0748825,75.03309,122.94882,17.03637,19.634037,18.040956,15.114725,5.7344174,71.69992,63.407288,23.523808,154.98376,119.776726,1340.8641,46.13085,21.563087,28.666822,13.274355,26.559696,11.495087,8.509159
0.4799788,0.43189707,0.43189707,16.77988,27.772415,79.69865,303.67505,38.874435,247.71391,217.21964,127.22128,37.16272,6.9997416,6.5268154,0.3824744,0.0,0.7087387,0.9782572,20.428465,17.795446,15.504562,9.527634,9.133689,9.851053,9.588603,3958.855,1657.7505,51.9385,1543.2231,3662.4543,5655.0464,2877.6497,8057.4385,10526.27,12542.123,9336.95,12426.757,10450.329,9614.34,8403.408,6187.943,6549.47,3784.5862,2408.185,42.946564,121.47654,207.73262,34.053547,5.0970383,1.8784107,0.36232203,0.5912509,25.341578,93.68314,0.08143539,3.950106,6.8338327,8.656102,11.169463,1509.3202,358.56717,104.56775,44.145054,405.89435,429.87216,32.79964,4.1502447,4.255894,20.130348,20.566355,10.81522,9.469887
1.4829998,14.404766,4.485513,2.3496366,0.0,0.92323905,5.0306644,13.352509,16.569736,52.03262,29.876957,69.803474,41.458275,19.169193,6.1551104,2.7122076,3.4823575,2.9050527,30.351292,53.109154,134.30429,10.682211,12.490156,18.063253,21.184828,1188.7366,292.49164,339.4128,916.9189,373.2485,4221.373,5651.176,5227.0874,6709.7065,9574.694,6421.995,2957.7527,6256.513,785.5646,304.87042,19.178492,0.0,7835.776,10375.2,2247.34,7603.44,9226.931,0.6016959,2.2347903,2.2347903,0.26912627,5.4912305,6.7774844,14.980426,0.0,0.0,3.1433673,6.115856,39.802563,9.21996,46.037678,52.45572,59.564846,65.432396,190.10197,66.43871,3.655506,3.8845115,8.611039,40.601177,13.379642,8.386739
0.0,0.0,0.0,0.0,0.0,0.0,2.277439,11.766423,19.164223,28.845543,40.861515,59.728577,79.228546,510.61752,165.17499,5.4430084,4.6476526,9.083963,24.63494,46.828632,29.769703,20.395334,20.51767,21.981846,22.06658,87.63736,2157.1152,1561.8691,1958.5304,3130.025,5087.476,8079.183,4527.14,4139.7607,5128.73,2146.6433,736.78375,760.4625,579.7086,2215.9407,0.0,0.0,7645.0264,7568.6484,1648.2473,3582.145,3594.5664,0.35170007,1.3263973,1.2889194,0.15908454,2.0625374,0.9501744,1.3563601,0.6533544,1.028706,2.859514,6.0839257,9.223917,10.828462,31.2597,31.74448,26.46575,3.6283467,24.486588,18.527884,3.655506,3.86502,5.169047,17.570705,10.869593,3.9299595
0.0,0.0,0.0,0.0,0.0,0.0,0.0,144.40744,80.92563,7.909959,11.933582,14.489022,39.134766,67.436905,49.058365,7.394303,7.42625,13.224317,128.01588,24.298721,20.395334,20.415823,21.27951,22.124454,19.935537,16.78047,631.07837,4392.3413,2826.7058,8034.836,8846.986,7470.1187,8677.403,7579.391,3966.6238,1704.2992,124.289314,130.02145,4242.3955,8923.855,0.0,0.0,0.0,0.0,0.0,401.3971,341.95032,0.0,0.0,0.0,0.0,0.0,0.0,0.65848583,1.398063,2.7433841,5.5225334,5.699679,8.320042,12.434431,17.116238,12.162622,30.464413,1.1088017,6.378265,5.864205,7.2460012,7.325516,7.058951,6.427623,8.688798,1.0383242
0.07563843,3.7072513,0.99508935,0.0,0.0,0.0,0.0,1.2514373,58.997097,0.3482738,3.9569402,16.466473,57.582657,215.12163,348.0064,267.89993,67.994774,22.043518,30.029032,22.199953,20.395334,21.26971,22.432722,22.091225,23.53558,47.190086,259.6877,2026.617,2468.2795,3540.5842,4554.1963,4864.276,7623.2583,9753.176,8900.249,12141.703,4773.3228,1044.7201,2262.528,7967.474,0.0,0.0,0.0,0.0,0.0,0.0,0.0,0.0,0.0,0.0,0.0,0.0,1.4687544,17.805065,4.5896735,6.8435245,26.325872,26.803528,26.782595,12.474724,9.968431,11.03133,11.845857,2.216533,2.9726703,6.031691,8.793969,7.256595,1.361488,4.744587,12.989545,11.324814
0.5562158,9.22972,7.982388,3.145821,0.0,0.0,0.0,0.029900838,0.08053606,0.0,0.80490017,1.4456968,11.979548,39.237385,59.882366,461.41965,71.70375,0.0,3.467591,10.810381,14.903275,18.093788,17.917585,71.56364,27.986261,17.07657,48.671635,66.19246,1175.5148,3438.7195,3175.3684,8410.357,7036.9434,9378.668,6535.5244,9981.349,10036.515,7590.2886,1229.361,2173.9265,437.81442,0.0,0.0,0.0,0.0,0.0,1.0,0.0,0.0,0.0,0.0,2.9999943,2.9537082,17.588472,6.095046,9.775593,34.733215,36.22664,18.794073,13.15113,9.999116,13.575961,10.615618,9.57062,23.13458,6.973403,9.720839,5.22202,0.43383464,0.8999356,2.4635954,3.5959313
0.53817755,9.22972,9.22972,26.661257,0.0,0.0,0.0,0.0,0.0,0.0,1.0604186,0.5342784,3.9148753,31.20019,35.476826,555.19995,41.387287,19.700697,46.065018,13.540041,11.899582,12.002021,17.522615,182.19057,16.276358,0.0,0.16288894,0.08880576,26.41004,43.987427,361.6465,6731.996,7313.4077,4244.5894,12515.1,10716.622,6394.357,9895.312,5376.7812,50.840904,2.7847311,1075.4861,0.19659442,1630.2589,1680.9088,1.9123236,0.0,0.0,0.0,0.0,0.0,0.0,2.8633256,7.404621,8.764414,14.416176,49.678543,52.351715,10.147132,2.6170049,15.883509,12.762325,1.4031076,1.4778986,4.8021927,10.558429,11.527754,0.3519687,0.51643914,0.51643914,2.5449724,1.8556304
1.9209881,8.907442,51.974518,86.979416,0.0,0.0,0.0,0.0,0.0,0.0,0.0,11.916031,26.466717,103.40949,117.82583,305.3878,49.90518,38.64853,122.96879,133.25926,81.6458,21.453026,34.137756,22.649357,3.7702825,0.41154927,0.0,0.0,71.514336,293.67194,6933.435,4312.2183,1903.5112,4044.962,8209.699,7146.817,7205.1455,8846.2295,5906.8315,70.94657,1943.9102,309.6738,1653.088,3202.9424,3901.3657,498.83884,25.686255,0.0,0.0,0.0,0.0,0.0,0.1944213,5.927887,8.626495,7.9727454,25.014153,20.609158,9.128939,27.67385,16.517405,17.631325,3.5258694,0.1708558,2.9410791,7.480088,4.722261,1.1424092,0.51643914,0.51643914,2.002082,2.570036
0.7071943,99.09209,19.517887,1.9956131,0.0,0.0,0.0,0.0,0.0,0.0,5.0212035,13.324232,30.302076,42.05206,140.37134,153.68402,90.19602,57.284515,129.9282,495.63843,504.16238,129.62398,35.468884,19.432747,2.1379778,3.5872731,1.9835763E-5,0.0,294.44162,207.33794,1.1093731,710.2883,5009.272,6469.384,5275.267,5769.839,11023.927,8607.6,8902.989,1408.7737,435.29553,5055.023,1187.329,1858.0635,601.7829,114.351845,140.32434,0.0,0.0,0.0,0.015373534,0.3962187,1.7775855,6.8541527,9.315054,4.8557167,8.37803,14.880015,22.718285,6.560056,7.1104136,9.028368,1.802275,0.9485107,15.96147,5.3355293,8.950125,7.5493155,1.3228322,1.5761387,1.8591086,4.498129
4.2592754,452.57373,289.94412,12.757198,0.0,0.0,0.0,0.0130025055,0.05998993,0.04510036,0.1750496,0.2774796,1.6109698,33.080677,185.38559,60.588528,59.27457,85.53803,466.6227,330.91473,156.88995,22.019053,1.8685205,38.42852,5.6937423,0.80499935,2.333175,2.4202533,2702.4077,3874.083,243.63623,3755.8928,4861.4233,7876.374,5696.498,3620.8225,2435.2236,7191.2607,10291.491,6154.2607,253.34227,226.31941,347.15814,316.78165,533.16376,112.52023,32.770737,5.808465,5.42449,5.754292,12.727701,58.685364,39.12342,21.334787,21.261484,10.007412,3.8804593,20.790098,21.305418,5.265118,6.7843714,6.1585608,1.0676935,0.023087282,16.82518,8.650478,10.041427,8.783879,2.884861,1.7188394,1.8516301,4.454836
792.7236,700.9395,83.580635,3.929275,0.0064466917,0.0048611118,0.93326974,1.1012006,1.3531599,1.3428012,19.083387,47.055626,5.5119214,8.693561,25.046988,46.550545,93.570526,73.49862,33.118465,12.139581,27.200409,4.021324,6.617941,163.98691,142.49902,93.150764,2.409364,8.179647,2401.5295,4147.841,453.10016,1665.6595,4947.3447,5221.0977,7474.784,4675.479,4242.8804,7943.9873,8163.79,3593.1118,454.76965,42.77922,92.3054,210.4599,71.96967,43.827324,15.609072,27.78283,27.106007,45.68878,35.426052,64.89496,74.35976,29.951296,22.012306,28.914494,12.283693,15.608449,11.850694,9.701149,9.835789,6.075976,0.8636403,0.0,8.444512,8.975697,10.041427,8.219743,1.4546595,1.6559784,1.0896006,1.7853401
247.25197,321.69904,28.06154,2.7354836,1.8021157,0.36811718,1.1152097,1.367849,1.367849,12.892941,32.624092,28.036102,31.644241,933.8408,406.42484,32.55121,50.181816,149.79341,46.815952,54.98008,65.745766,70.86673,10.821445,6.548299,911.6314,320.91315,76.49015,132.83134,2390.293,2217.796,23.904915,553.654,339.67422,3203.3352,3406.619,1153.5111,196.39314,3654.673,254.1686,135.12198,828.0004,485.96414,709.88763,473.42624,231.87048,158.53151,31.79364,29.737843,28.66235,29.422962,33.4243,160.3579,131.6541,53.59073,32.49143,52.567406,23.648262,9.104557,6.997589,5.5201216,11.412415,6.0143595,4.455984,3.2824695,0.16424581,9.958815,10.041427,8.057108,0.54990494,0.5948975,0.0,0.0
74.10539,72.15327,11.998247,2.8886404,2.471705,0.755065,1.0223916,1.367849,1.367849,6.0150585,7.1719933,17.257545,55.593678,187.32887,180.33435,195.40689,72.673584,79.16139,44.974754,46.932625,53.11886,66.44378,11.297564,205.47375,6582.541,3824.6606,97.90137,417.77377,3537.9028,7012.2886,1534.6228,2247.1372,1066.1788,639.878,352.87766,493.31363,53.354347,536.5012,103.56467,80.55992,754.95593,837.46423,3355.1265,5463.6987,6416.7124,2160.831,2467.6135,157.33083,272.1758,113.122086,284.57382,170.9902,52.728195,57.153236,32.493874,45.164425,23.856424,3.8278046,6.423591,51.581738,9.140623,12.833428,7.861277,0.61439013,0.0,9.212153,10.020185,7.6160965,0.0,0.0,0.0,0.0
62.84284,23.142227,13.16192,3.7350972,0.0010667979,0.043121476,1.0462132,1.367849,1.367849,1.367849,1.3565955,0.5123746,1.0581721,6.849485,48.076176,98.70636,171.82724,26.816875,29.145363,55.05641,48.599884,9.744765,5.919935,2295.3728,10079.1045,9919.438,710.7143,323.76074,1046.648,3903.351,4389.5674,6975.1953,3055.1846,976.146,2477.2073,34.750473,361.08572,854.62665,91.03278,747.36395,366.91437,103.40352,177.22531,5051.388,3150.273,2634.5903,1800.9203,1318.6053,60.481037,145.31354,429.06448,374.527,380.09402,23.592295,35.375614,53.838257,15.407087,4.561177,27.38234,15.487994,3.845277,5.598536,0.9831672,0.6739936,0.0,5.463242,8.510189,3.8223944,0.5743846,0.5747172,0.5774389,0.19401576
1.246917,4.1977177,3.6544228,0.0,0.0,0.0,0.71623695,1.1316134,1.3612363,1.367849,1.367849,1.0623507,3.7680397,10.132844,31.653498,33.263515,51.984882,131.21997,107.0992,148.33269,234.97072,57.996376,141.97702,10990.554,13543.562,3973.86,1181.6383,400.03677,273.58682,1326.1003,2277.8232,3740.5156,400.1103,775.3239,2572.2578,1133.1543,26.966072,35.134514,17.556993,49.51421,26.802471,14.236704,27.216154,441.87524,104.48834,160.94919,346.93597,2435.1108,98.69455,62.076263,31.479862,40.83947,26.085049,17.267012,16.272867,7.8699975,9.049536,23.128567,7.042412,5.858521,6.12041,1.5416858,1.2592938,2.9106388,0.58238244,1.7562554,2.6130795,2.9868655,4.5565033,3.6520724,2.9844425,1.1996032
1.6239929,3.4959044,0.5605618,0.0,0.0,0.0,0.0,0.031739917,0.2651213,0.5709629,0.47507882,0.25005147,0.46349338,3.7804735,4.9190154,13.038313,34.57586,79.05744,105.27969,206.88347,99.721176,198.13126,274.96262,7966.4307,9580.355,3166.7517,416.33868,51.01122,141.10306,168.8296,165.31511,239.03975,3266.1992,2367.5527,94.47621,76.78903,90.64059,44.91972,35.13285,44.514454,34.522545,53.572815,286.25598,275.5144,54.1278,29.218666,144.15648,275.8529,59.822212,38.2626,25.740416,21.017355,29.63478,20.8364,11.773244,14.57659,19.890944,16.766737,9.973364,11.2363,9.425665,1.5450467,2.7589574,1.5518969,1.544225,1.5423483,1.722923,2.6531281,6.521976,4.3284264,2.7022953,1.3305063
0.19234851,3.720959,0.7037467,0.026715808,0.0,0.0,0.0,0.0022819901,0.0581318,0.07012125,0.07012125,0.07012125,0.07012125,4.578208,9.974184,9.181762,31.20955,88.93728,86.43605,102.73652,153.51723,258.99298,556.26855,5979.913,4774.0225,648.23956,1377.4049,1217.8644,311.94467,73.27396,75.30285,537.7522,1140.0542,1856.1394,36.54729,84.074905,213.58604,232.69125,11.013473,71.47227,70.68784,45.400433,14.849195,50.9077,53.079254,49.899094,58.50406,221.56302,149.69644,80.601814,32.68349,20.998005,33.88178,10.061776,11.94952,18.91371,25.152302,31.383865,28.315025,15.652408,22.490902,7.229318,14.673508,2.0902648,1.9476032,1.7146308,1.721807,2.6417143,6.521976,3.813839,1.7878041,1.3026572
0.192309,0.24426141,0.2242969,0.37415895,0.005986561,0.0,0.0,0.0026277206,0.0574691,0.06703699,0.0669777,0.06330421,0.07012125,129.09297,42.65389,11.836555,15.526905,70.25248,95.31481,122.53939,146.13168,186.56235,322.03073,2600.082,101.13547,331.92743,1757.4447,4922.8506,1299.7379,133.09268,180.8298,109.86028,1143.2142,1090.6544,296.05774,153.978,12.5769,74.52487,50.775776,4.1505103,9.100149,30.763424,25.66555,1056.3591,67.28248,75.32982,84.9989,227.8302,46.213284,34.256226,1279.1602,174.13138,31.676498,17.89021,23.772993,5.617834,36.436264,39.552475,42.811756,31.333763,42.469875,27.718973,6.319678,2.5565143,4.44771,10.476172,9.144091,8.571257,10.403639,4.432793,1.6114205,1.1478735
1.5316654,0.6594305,0.64978015,0.65943056,0.11840389,0.0,0.0,0.0,0.033542745,0.06773678,0.06669364,0.5347391,1.1970102,5.1647043,21.96849,8.236264,1.5581045,4.171724,8.086047,57.972878,248.60222,259.58966,244.97482,151.98946,255.16441,152.73112,33.78475,507.48227,266.81177,360.44824,18.780064,31.52478,44.790714,204.12688,261.06808,220.31071,8.255708,482.10837,3892.5542,367.57596,28.284054,40.832016,35.475296,4206.8584,2264.7515,18.021498,42.04237,61.468018,28.622007,19.833992,65.3171,22.720243,12.977166,27.742226,28.521503,20.982021,35.642178,34.58259,13.109986,22.281328,27.553215,15.227036,7.4627147,4.8723493,15.076846,5.7278023,1.9730572,10.087648,19.109447,5.742216,1.9373175,0.3963188
0.65943056,0.65943056,0.65943056,0.5489263,0.113981515,0.0,0.0,0.0,0.034897238,0.06773678,0.06773678,0.06773678,0.06773678,0.06773678,13.632824,29.618374,49.689686,15.00995,9.679693,32.123154,9.193246,98.93592,128.86024,155.74059,270.83795,133.34857,352.00104,247.00165,2267.625,1059.257,155.58658,65.16695,89.10901,120.505356,35.973007,174.33517,24.186394,922.265,3388.4773,179.70801,43.378002,47.102142,45.89409,91.38258,38.794205,793.05774,189.9242,9.351061,17.455538,10.453102,129.2289,456.8045,30.331888,33.99475,27.61903,269.9286,851.03326,20.531729,25.521694,21.742283,21.272598,21.942482,11.500542,11.094358,16.089691,3.4886887,0.752713,0.840246,1.4402671,1.3096522,5.425971,0.59145164
0.50868696,0.3841567,0.35916123,1.0664445,0.0,0.0,0.0,0.0,0.014344127,0.058573205,0.05828825,0.05784693,0.05740186,2.1686397,9.487073,10.354566,158.22931,28.600536,124.56785,137.89687,5.1403294,3.3762836,133.67741,214.59673,125.547,105.29371,149.55496,62.51556,114.179565,121.69522,195.75789,147.69855,40.254116,27.015911,15.7973795,41.39726,532.47876,2183.1653,1006.5959,18.929808,36.590656,61.187435,57.709885,46.901386,57.695568,387.67383,53.392258,3.8723035,30.13039,23.509384,72.85978,249.70221,15.15387,17.431456,35.26369,45.14936,45.93749,7.7101135,14.472107,14.428566,20.220457,13.964766,17.333132,11.221411,4.9656363,1.3938687,0.840246,0.840246,0.840246,0.69173735,6.170182,2.2080865
0.0,0.0,0.0,0.0,0.0,0.0,0.0,0.0,0.0,0.0015175042,0.07458949,0.08836722,0.11941909,0.15111801,23.03005,11.46879,26.620018,35.817978,18.341074,4.885342,2.6986592,1.2999684,45.941746,259.6127,58.461258,41.548557,72.76732,73.168755,3992.2456,3149.903,4403.7017,3790.8665,34.646347,21.50835,42.891247,496.83313,366.85184,1727.6434,1136.2562,165.0358,23.054815,58.262264,51.372566,35.836025,43.04293,14.942223,7.7155166,19.302078,20.49048,14.653911,13.392139,13.389944,8.928621,4.2300124,5.3061266,5.253429,5.1171002,6.022941,10.632519,9.042912,8.865159,8.933992,17.744232,8.817572,0.840246,0.840246,0.840246,0.840246,0.840246,0.7584347,2.4881275,2.5001218
1.0004344,0.0,0.0,0.0,0.0,0.0,0.0,0.0,1.3463277E-5,0.03419109,0.067114785,0.06650641,0.06589803,0.065289654,0.123594984,14.84017,22.744171,7.3351893,3.104505,1.6812351,1.6941767,3.6429293,40.62523,24.609625,42.070732,44.916973,249.40211,72.41658,1867.6803,1711.1626,2414.6982,2195.889,1603.4587,326.22467,857.6037,311.7444,1008.52844,1793.4785,4441.577,105.31631,62.411472,51.431637,33.84413,23.456825,21.346127,12.469493,4.886971,41.47034,43.0531,10.843227,12.423089,13.099,7.925322,3.9699228,3.9699228,3.9699228,3.9699228,3.9699228,5.662544,8.033604,8.799486,8.933992,8.856217,5.1961017,0.840246,0.840246,0.840246,0.840246,0.840246,1.735715,6.0361624,2.6664896
7.870835,0.0,0.0,0.0,0.0,0.0,0.0,0.0,0.0,0.0,0.0,0.0,9.726962,21.564587,9.310187,46.298977,17.178474,38.09018,6.97728,4.472821,3.1078353,4.1648393,30.112194,20.1211,18.504215,71.323265,132.28522,69.52207,64.76268,4247.3135,7188.283,9508.243,8228.778,983.1839,641.8361,455.488,41.262012,108.47041,257.47998,42.748493,66.90172,52.668587,16.636648,16.268782,8.090471,7.6034822,1.168463,17.481743,19.544016,5.7059517,8.594268,10.440169,8.835409,3.9699228,3.9699228,3.9699228,3.9699228,3.9699228,3.9699228,3.9673455,4.0209336,4.282087,94.94757,14.355439,0.20335987,0.18331075,0.2204332,0.25895035,0.3006959,1.3906896,5.439657,3.922917
3.7816143,0.0,0.0,0.0,0.0,0.0,0.0,0.0,0.0,0.0,0.0,0.0,55.458767,103.894775,45.83299,41.601368,4.6732254,2.8717155,5.25297,5.25297,5.25297,3.5558379,13.155497,48.808556,32.37203,17.668215,42.562035,182.52391,208.46436,5800.759,8706.114,9610.413,5369.8203,311.62817,82.05797,232.33699,22.363712,12.695221,42.969902,32.25504,59.317192,41.677704,27.257118,64.94384,9.908378,12.523281,14.147866,6.516716,5.15961,3.9320335,6.2910414,8.33489,8.849674,3.9699228,3.9699228,3.9699228,3.9699228,3.9699228,3.9699228,3.9699228,3.9699228,3.9699228,3.9699228,2.635868,0.18761562,0.1582985,0.07621009,0.03212305,0.0,0.0,0.2511701,6.219747
0.0,0.0,0.0,0.0,0.0,0.0,0.0,0.0,0.0,0.0,0.0,0.0,24.49744,39.839756,1.2464845,0.63222283,0.8349999,1.0671202,3.278265,3.990662,5.6709366,7.1051064,17.322544,120.028984,596.4116,121.256226,69.273544,92.29232,73.218666,788.0538,886.0032,449.82083,209.60286,131.22841,45.45571,299.79395,44.770214,40.15388,194.32928,26.55611,37.7509,26.008505,1168.3287,835.34216,26.654867,19.551613,23.646008,8.782339,9.31072,9.738636,10.822798,13.832983,15.180184,5.2255125,1.5527887,1.557581,1.5487808,3.3689804,3.9699228,3.9699228,3.9699228,3.9699228,3.9699228,3.9699228,1.187291,0.18461536,0.18461536,0.78314185,0.42909774,0.06271967,0.0,1.18203
1.0251853,0.080342695,0.0,0.0,0.0,0.0,0.0,0.0,0.0,0.0,0.0,0.0,17.169569,29.834503,1.9493699,1.8830032,1.6763998,1.112739,2.4225557,2.3152385,18.453365,51.332115,28.688147,523.48676,1117.7328,5.1875987,7.9186573,9.07471,41.7606,64.72367,33.92091,76.58526,62.205124,40.368122,77.81892,745.0882,171.55104,61.648846,29.987911,22.74091,22.52486,11.158246,430.90634,108.85806,22.694359,27.506287,28.525515,5.302387,27.074644,47.203373,9.251383,16.588413,58.175083,20.114754,1.4777987,1.3386132,1.3386132,3.3226585,3.9699228,3.9699228,3.9699228,3.9699228,3.9699228,3.9699228,1.7889546,0.18425566,0.18461536,0.85044897,0.8511841,0.58835995,0.37447307,1.3304209
402.7097,20.347963,0.0,0.0,0.0,0.0,0.0,0.0,0.0,0.0,0.0,0.0,33.730667,30.669325,1.763608,1.8580139,1.8920754,2.004679,4.0570946,3.8890285,3.7583573,17.10912,18.193325,107.87801,52.972153,20.545647,12.531887,24.951859,36.663834,95.945244,75.95042,79.97045,33.693558,42.2611,57.269276,832.61597,550.6562,55.352142,27.03619,25.386288,10.066422,4.9888844,43.583218,29.444712,27.460793,23.25457,15.544392,2.6958,21.150196,36.880905,15.199496,17.020947,21.273567,22.08478,12.716025,1.3386132,1.3386132,3.3240833,3.9699228,3.9699228,3.9699228,3.9699228,3.9699228,3.9699228,3.6449494,4.3438587,0.18461536,0.8502597,0.8511841,0.97597724,1.0736301,1.485904
11.747889,0.0,0.0,0.0,0.0,0.0,0.0,0.0,0.0,0.0,0.0,7.8725214,50.445118,17.921288,18.628736,13.830288,24.238241,66.275116,26.794167,50.02003,219.20456,99.71769,87.614525,66.38949,35.354355,50.12977,29.977545,86.69323,182.99669,139.07858,158.1755,297.64093,83.94963,68.14983,56.454956,171.2907,487.60468,38.5871,40.780743,26.2711,26.569815,4.57563,31.012135,31.099926,33.52344,31.2476,41.7286,12.243628,21.849754,31.764275,18.315847,14.016502,19.805538,37.84842,23.133549,1.3386132,1.3386132,1.9401648,2.1347003,2.1338263,2.1329522,2.1320784,2.1312044,2.1303306,2.1294565,3.8181353,0.6579169,0.85087025,0.8511841,0.8883536,0.3911036,0.06295565
0.0,0.0,0.0,0.0,0.0,0.0,0.0,0.0,0.0,0.0,0.0,16.764902,27.773272,20.953932,20.926754,14.282857,13.028087,7.1845627,5.8940015,41.4348,292.9043,70.20132,53.473293,65.05475,54.022747,17.662443,56.347446,125.89295,468.5087,376.0067,408.8852,205.86597,156.05368,58.392845,114.13132,45.85035,10.751057,21.424915,23.075117,79.75563,11.9797735,4.8550053,39.553726,43.716232,421.08392,721.22754,39.76255,18.57381,14.837852,17.88745,21.689302,22.975159,8.252897,9.010589,31.522354,9.396074,1.9898467,1.3386132,1.3386132,1.3386132,1.3386132,1.3386132,1.3386132,1.3386132,1.3386132,0.99658155,3.9266348,15.993433,13.391622,8.778479,11.160202,7.497981
0.0,0.0,0.0,0.0,0.0,0.0,0.0,0.0,0.0,0.0,0.0,0.87550956,15.375559,21.087677,15.4611025,11.480572,6.9937367,5.1023526,6.2654805,20.96104,23.295431,5.185543,22.92725,61.73409,30.023058,26.098484,103.33507,136.33063,130.38918,293.43683,98.818085,1607.9666,2415.0854,115.80127,21.842209,45.269997,6.2416368,280.4107,27.803913,1496.4515,40.04559,110.049194,15.037733,23.251732,31.97165,85.64526,87.22067,24.123512,28.78311,28.092726,25.63102,18.484407,23.332447,34.02929,36.992867,37.112923,20.443691,1.3386132,1.4714745,4.2691283,2.9889617,1.3386132,1.7340641,2.662517,3.3729267,1.0782877,3.0718126,10.333381,9.04171,1.8504345,5.260204,6.782475
0.0,0.0,0.0,0.0,0.0,0.0,0.0,0.0,0.0,0.0,0.8446858,11.51236,35.431305,23.615936,28.691174,11.318135,5.007341,5.273528,6.341971,12.443654,13.300431,3.1131644,17.944668,31.020252,8.649675,39.321175,41.243824,111.957436,146.52373,203.01843,52.783657,321.67422,863.5801,110.167404,30.642563,48.75372,15.598311,35.664173,63.614414,360.0131,163.50233,2478.853,983.58844,15.641795,21.419304,29.346237,61.10975,43.37321,33.804462,28.780046,43.85489,31.119991,46.75923,60.08734,46.354282,36.365345,20.777782,10.912348,6.247305,10.549076,7.383501,3.1497028,1.046814,0.20285815,0.06288297,0.015326139,1.2919844,4.038237,0.70545393,0.74223715,0.74223715,2.491278
0.0,0.0,0.0,0.0,0.0,0.0,0.0,0.0,0.0,0.0,10.544745,137.1765,53.715237,842.6247,244.03798,9.06368,12.573154,12.798075,12.667858,0.39209026,0.39209026,0.39204955,0.066562966,2.797688,3.2988405,9.546028,41.611885,76.41944,139.93864,216.88391,13.050667,581.24915,382.97287,121.42338,36.33429,32.02094,568.8454,1945.4736,2138.9226,2693.8242,29.467169,1241.3031,148.33853,37.194828,11.966585,14.108857,64.15867,186.48508,509.5823,35.601295,17.530943,23.661837,64.715454,54.832146,46.88533,41.148487,21.764482,18.86555,12.043745,21.594538,18.415335,0.97558266,0.03662821,0.03662821,0.036378432,0.014235503,0.0,0.0,0.28217098,0.74223715,0.53712785,1.5164813
0.0,0.0,0.0,0.0,0.0,0.0,0.0,0.0,0.0,0.0,8.199383,243.50172,383.4467,911.76416,768.17664,54.532913,231.02142,12.43082,3.9478333,0.07236145,0.04990821,0.051141486,2.4896262,42.713905,10.984339,15.876709,171.8727,89.58981,310.54297,190.16907,148.6422,596.7649,904.70734,94.29205,83.585594,73.18804,150.4427,109.88124,40.31256,55.22796,120.5974,428.5759,16.742096,11.044786,43.173664,173.93227,402.18726,599.3948,938.551,89.87571,29.683558,62.343452,34.67219,79.63733,56.695602,26.938774,20.307343,32.595745,25.738766,19.600693,3.6232238,0.03662821,0.03662821,0.03662821,0.03662821,0.015582776,0.0,0.05281876,0.494662,0.73886603,0.6819782,0.8391218
0.0,0.0,0.0,0.0,0.0,0.0,0.0,0.0,0.0,0.069172055,5.3328743,93.83344,548.38763,1874.6938,836.9573,42.663956,11.226491,9.083383,0.9915408,0.7181259,3.7590075,12.719257,36.552353,45.489002,70.193695,39.338387,82.30156,122.964096,292.0861,926.5464,2600.2148,3654.0593,1493.234,60.36315,94.09798,147.52646,81.9718,80.79616,51.608303,49.413193,21.019182,11.636484,6.138809,12.609737,362.19208,890.36334,3602.7805,6405.865,4516.4854,673.56915,39.548336,60.51516,28.977974,119.178764,463.07144,27.01592,11.246017,10.061733,11.204142,4.0038953,3.698795,1.0515792,0.03662821,0.03662821,0.03662821,0.015809845,0.0,0.62006766,0.8667979,0.0,2.1580893E-4,0.03750148
0.0,0.0,0.0,0.0,0.0,0.0,0.0,0.0,0.0,1.7205837,33.20756,150.28412,49.414963,384.0878,831.18005,105.70979,64.64242,16.226269,5.9555717,4.5663867,9.562407,14.046291,16.416042,15.20152,18.23993,12.354951,55.725807,234.60191,479.93613,1969.3358,3701.9644,3730.7476,3934.5024,4294.8267,248.52133,127.20364,412.86252,31.892715,75.392494,9.153762,0.02507812,0.68433607,3.7527168,31.822,1628.0121,4520.059,4924.3003,5906.8564,8664.158,3727.7747,316.5086,55.731335,47.211506,104.29996,1124.3523,10.658713,30.945406,19.244276,5.4379287,3.8154948,3.8154948,3.5276637,1.2804807,0.053466618,0.03662821,0.016036917,0.0011724192,0.66456527,0.542495,0.0,0.0,0.029150471
0.0,0.0,0.0,0.0,0.0,0.0,0.0021257128,0.01904575,0.039947093,0.11656403,9.206192,0.0755915,0.07543082,0.07715981,60.147877,92.92052,5.455557,7.656807,4.5196247,4.57009,35.064297,16.612423,12.087074,12.100178,83.77813,13.78773,64.82492,183.67072,356.9295,1023.853,3217.9275,4204.42,4341.5166,4141.0713,1012.57007,436.57126,20.92813,73.71665,206.74846,59.538574,0.41069698,31.25356,258.5138,1476.9183,2642.2808,2583.911,4984.241,6636.6494,10814.268,4738.5156,516.02655,81.811264,72.824165,25.223103,42.57304,28.421535,24.246737,3.8154948,3.8154948,3.8154948,3.8154948,3.8154948,3.8154948,0.21941353,0.03662821,0.016263986,0.0,0.0,0.0,0.0,0.0,0.014157815
0.0,0.0098284995,3.750881E-5,0.0,0.023097767,0.052917,0.071637794,0.07715981,0.07715981,0.07715981,0.07715981,0.07715981,0.07715981,0.06961474,16.299599,26.370995,8.359238,3.7880657,3.5334015,3.2063608,12.233143,34.937878,17.928291,16.333519,19.30636,19.576952,83.25249,365.0415,225.2825,448.35104,3536.3206,6480.8516,4623.8755,1637.7782,603.29535,369.8594,9.222968,86.819016,40.62251,59.585247,15.235364,19.243683,81.40506,117.34693,986.9068,6657.2085,6179.0474,8721.089,7796.227,891.57947,54.040813,22.88326,37.020866,23.305677,51.771797,60.702713,36.26746,4.301049,3.8154948,3.8154948,3.8154948,3.8154948,3.8154948,0.29522055,0.04164656,0.016520489,0.0,0.0,0.0,0.0,0.0,9.3531935E-4
0.0,0.0029964163,0.037768304,0.05474855,0.07493472,0.07715981,0.07715981,0.07715981,0.07715981,0.07715981,0.07715981,0.07715981,0.07715981,0.8712691,8.129976,20.57646,52.574383,4.990984,6.4872417,5.2622633,15.774789,86.34976,45.897583,23.847805,1.7514105,7.8938303,123.06343,141.24962,82.378784,80.20546,1563.4937,2928.1187,5025.119,280.20667,297.72455,0.0,167.4206,692.2228,192.8967,585.10004,269.7469,7.4740205,16.039783,160.83185,479.89865,228.73717,838.3189,1389.1952,761.546,68.65097,45.40529,16.459133,38.713215,29.34354,68.34979,223.48955,39.12593,11.925483,3.8154948,3.8154948,3.8154948,3.8154948,3.8154948,0.17823456,2.060994,5.9408116,5.869897,5.805625,4.1122985,0.18017276,0.17875473,0.0334659
0.0,0.0,3.0125157E-6,0.042143755,0.072490826,0.07715981,0.07715981,0.075125426,0.07715981,0.07715981,0.07715981,0.07715981,0.07715981,6.4507537,20.722454,21.188702,36.763996,81.273384,12.143272,6.547275,13.793898,79.91336,92.554886,10.6898775,2.7498622,9.254904,162.88248,114.969315,96.42477,43.83735,14.488529,5.1807165,652.3958,259.2329,455.3916,756.2219,2053.5908,998.3541,292.57388,4002.5256,2015.63,12.219163,65.42142,64.39591,41.22803,34.406513,67.32021,59.320065,19.755655,49.355904,38.76479,27.621098,41.881798,63.966476,51.757008,126.25458,34.97284,18.10148,3.5397213,3.8154948,3.8154948,3.8154948,3.8154948,0.59226036,3.6616437,5.979364,5.979364,5.979364,4.25401,0.15446682,0.18973327,0.037336808
0.0,0.0,0.0,0.0,0.06142337,0.07715981,0.07715981,0.07715981,0.07715981,0.07715981,0.07715981,0.07715981,0.07715981,7.8568354,20.94225,20.91019,24.457035,6.3946233,7.819834,3.712849,17.771687,19.033405,9.58824,4.938275,7.0752635,8.078575,138.79527,68.369644,46.182606,31.92453,15.766928,2241.0188,2289.1572,1208.4149,55.826202,360.1182,1538.8087,543.1914,1854.8522,3653.1477,792.0069,64.51776,82.278496,64.06248,42.955605,72.639854,158.26949,33.31152,83.02488,39.976364,23.218582,27.234966,52.620026,66.33977,63.509,55.958378,32.78466,47.020145,10.211697,9.509588,5.2811866,2.3568962,2.3653474,1.9677795,7.5308,7.4888024,7.1421814,3.1355686,2.2623277,0.42844462,0.21774857,0.013989744
0.0,0.0,0.0,0.0,0.0669517,0.07715981,0.07715981,0.07715981,0.07715981,0.07715981,0.07715981,0.07378437,0.07546595,0.67867583,2.012031,3.0644155,2.9065874,2.727295,0.6067021,0.0,0.092056274,0.8493097,3.9712687,8.358836,8.615274,7.7269373,35.669773,44.041393,45.29758,90.282524,58.664352,1308.4724,3784.6062,2940.7234,2555.2573,978.79254,14.658734,347.15146,23.03231,257.03094,154.41661,52.77597,102.37004,37.956623,38.77435,41.311104,57.596035,36.43446,31.061283,18.667957,67.35463,49.801327,43.912846,43.94873,25.71438,54.63146,20.369068,18.776508,8.597265,11.153096,6.137114,1.5345775,1.5345775,2.4729712,8.538476,8.538476,7.996037,1.3708674,0.70563495,0.70563495,0.2359289,0.0
0.0,0.0,0.0,0.01137859,0.07506945,0.07715981,0.07715981,0.07715981,0.07715981,0.075258695,0.033103533,5.774672E-4,0.005752691,0.38501713,1.3289647,2.8045106,2.56673,0.5701863,0.0,0.0,0.7315812,1.5401387,2.748649,10.812082,29.416006,19.203445,17.995096,213.9144,598.3482,133.15608,1342.9491,3274.603,3623.4204,6242.6455,4075.604,1293.9496,103.28122,35.338184,41.19383,151.82835,115.68063,2006.995,401.99902,39.681744,67.806725,44.425438,138.81255,1237.9596,111.8803,83.95636,67.09331,63.881542,68.602005,127.25526,29.291378,48.18363,45.313812,15.577536,15.950805,11.403215,8.362304,6.94604,9.475981,5.278283,7.292417,7.358618,6.994764,1.3921658,1.1111015,1.0961819,0.6401117,0.4031744
0.0,0.0,0.0,0.01826064,0.03762745,0.0364516,0.035290726,0.019319845,0.025979731,0.024556227,0.0,0.0,0.17164803,0.39758128,1.2538754,1.2810915,1.1993926,0.9945182,0.06453858,0.12863111,0.28173482,1.4980724,7.285657,18.651463,24.891844,33.75803,26.339794,36.310734,197.32115,96.78983,5839.872,8366.754,4389.2827,4349.392,5810.421,101.71354,198.8417,104.69776,275.2321,238.8423,24.282042,128.9975,54.69675,47.065716,63.82401,42.194588,22.396236,1702.6368,1322.1075,121.88436,42.302185,19.782581,52.214935,73.89607,37.396793,32.613632,25.472,17.562796,33.041676,13.016268,10.994532,12.503959,12.75042,6.990706,2.5257018,2.3885643,2.3721282,1.5620704,3.2537744,3.2537744,2.9653804,2.8290312
0.026529262,0.01777659,0.0,0.0,0.0,0.0,0.0,0.0,0.0,0.0,0.0,2.0508933,0.5959329,0.42154044,0.42559344,1.1338923,1.8418136,1.6113077,0.86907214,0.19911467,10.549035,13.47138,35.041527,19.106016,15.7463255,23.039309,23.529076,12.975804,24.182865,1128.2056,5967.1855,6397.406,6217.586,5684.402,2764.8896,56.78776,106.78722,23.35968,71.281944,76.433945,39.840565,89.667786,244.36629,38.96428,44.595314,32.87641,40.707943,26.461351,209.45735,35.94893,55.07934,22.258131,45.557373,70.50659,37.3461,5.94501,21.707142,17.085674,22.939438,13.0385,11.280226,8.165586,4.4881496,2.584361,2.5270305,2.3885643,2.3885643,3.1225646,3.2537744,3.2537744,2.975142,2.8290312
0.17787112,0.09889887,0.0,0.0,0.0,0.0,0.0,0.0,0.0014216981,0.018196786,0.012067866,3.5197155,5.5092106,0.3346064,0.57566077,5.0113297,7.345304,1.7507281,1.9976959,1.8188416,4.5009727,27.933144,20.276985,11.597394,14.47962,13.908494,29.945427,36.34682,5.109981,2644.1226,9266.145,14506.557,6369.96,2876.5889,1670.5161,604.04816,549.23224,56.49975,64.42939,32.74733,42.032692,45.64276,159.4644,25.810234,54.979294,40.09686,186.3994,223.41165,54.266624,33.6434,43.311306,7.468181,40.97759,198.0321,7.4154005,2.2156005,5.4123735,14.381887,14.503088,3.870229,5.0002933,4.789788,4.9162006,2.6820333,3.9558392,7.729849,5.4041257,1.9518012,1.5305247,1.5490153,1.5415283,1.5434401
0.16915108,0.055178303,0.0,0.0,0.0,0.0,0.0,0.0,1.1108177,0.33907852,0.3231403,0.27708152,0.08164523,1.2038155,1.477336,5.283899,3.3110936,2.487138,2.4776046,4.004019,12.1255245,17.478113,8.595777,12.699708,27.198534,26.143549,46.689392,163.1165,13.001252,361.26233,3156.992,6650.51,2671.2957,1104.2124,1033.042,1564.4618,718.4843,159.00632,98.30912,61.222214,21.74108,25.818544,18.713428,17.08506,38.581505,31.79295,809.2915,482.06064,38.983425,47.780502,27.51685,8.578192,0.6893445,1.7889225,1.9718008,2.2094495,2.2113118,2.2535539,1.3570576,0.63024664,3.425311,3.9518776,4.357429,4.364607,5.59962,7.6359735,5.3067603,1.3563474,0.83838075,0.9396888,1.0171888,1.0721905
0.1479036,0.095593214,0.0,0.0,0.0,0.0,0.0,0.0,0.06467254,0.19438764,0.2022665,0.21012008,0.16686219,4.0259466,2.5154102,2.4967785,2.4967785,2.4967785,2.4967785,5.2158866,17.683765,17.036453,12.5862875,43.59057,65.52626,51.23817,54.31518,75.55712,45.03221,533.89374,966.72595,860.68884,3919.1082,1836.5776,371.33475,922.94696,137.73383,48.579937,53.58316,26.573845,13.202856,12.075889,12.081642,22.300594,27.024445,30.287136,26.24993,43.174248,39.288044,28.771982,47.088676,20.019773,2.4718218,2.9428935,1.2968011,2.189042,2.2113118,1.9847746,1.4514054,1.715192,3.425311,3.9183817,4.357429,5.0898757,12.290218,0.79297316,0.7370774,0.0786727,0.13255168,0.7667248,0.9366982,0.8231906
0.032482166,0.05407895,0.0,0.0,0.051559005,0.01868751,0.0,0.0,0.0,0.0,0.0,0.0,0.0,0.15780309,0.7429461,1.7841538,2.496696,2.2842565,2.1977303,10.8633795,15.207541,17.743248,54.196476,59.65001,53.371044,41.172207,44.466618,111.749695,422.73257,1241.6157,256.2989,578.37,1003.67993,1397.578,957.1561,21.214968,44.832756,58.851585,24.133667,6.486466,8.125201,9.41717,8.16658,16.68832,36.515453,337.99594,148.50587,47.901943,38.873047,35.873505,38.095516,17.976156,4.9115353,5.0888467,0.89472896,0.99896455,0.877781,2.0583065,2.853162,3.425311,3.425311,3.88759,4.357429,4.365803,56.53353,1.0104734,1.0104734,0.21909653,0.1231599,0.7667248,1.4908082,2.8686438
0.35271037,0.0,0.0,0.025894346,0.6354586,0.26789775,0.5122963,0.57989776,0.31595233,0.0,0.0,0.0,0.0,0.0,0.0,0.0,0.52918386,0.92649984,0.8859618,2.2935276,13.050201,16.007898,31.028498,39.08493,17.637115,18.423586,17.983374,88.77258,287.74063,339.75638,177.40775,312.81378,752.6587,298.30478,47.611404,19.267786,35.68385,44.668262,11.501654,6.7626634,7.7366314,8.307081,8.301804,8.320481,15.77894,246.91208,199.70103,20.236053,15.1573105,24.54233,10.690658,4.6824465,2.7244432,2.4357042,1.4209849,1.3434424,0.0,0.34060645,2.8185406,3.8500047,2.9990087,1.1382825,1.2253749,2.2827902,31.63367,2.4805758,1.237682,0.7130913,1.0744642,2.342477,2.6586459,3.2050962
1.17253,0.062588245,0.0,0.39634615,0.7923781,0.38990957,0.9236567,2.7592835,2.8569813,1.0161328,0.6081435,1.6568205,2.18853,1.270505,0.0,0.0,0.16646302,0.8366505,0.8859618,1.9791731,6.2483063,15.562269,15.562269,15.562269,15.562269,15.6269045,27.859608,59.555252,121.57418,51.75881,35.689404,91.80718,200.62636,102.8023,67.60368,28.946455,21.158503,58.300575,11.323748,6.870309,7.474476,7.904614,7.9038515,7.904614,8.292706,12.862031,35.68371,12.625423,29.589664,20.271341,1.7023125,1.4348428,2.2812667,1.9674721,1.5186234,1.5451695,0.0,0.0,2.3533661,3.3953478,2.5106373,0.2533729,0.2533729,0.30994055,2.9441345,2.7180395,1.015039,0.7598875,1.2646885,2.911509,2.911509,2.38549
0.98565185,1.2021521,0.5821282,0.7470154,0.84966624,0.84966624,0.84966624,2.6169307,2.9671893,2.9671893,2.9671874,2.9671893,2.9671893,1.5575663,0.032558624,0.46451747,0.14002946,27.059977,14.39398,7.4589324,6.5047107,15.503181,69.13467,15.5520935,15.562269,12.487904,12.717283,20.373497,18.969137,58.276096,64.74649,46.878048,217.13306,100.49094,134.5431,1029.2738,68.35478,64.908264,19.636942,16.301079,11.599362,13.077224,6.873261,6.3479185,8.482916,23.225271,7.155431,7.65979,6.2165413,5.4669595,1.783399,1.4348428,2.264137,2.0210943,1.1847792,1.2466589,0.4687196,0.22990361,0.0,0.0,0.045283295,0.16922376,0.16872326,0.2522694,2.936231,2.779822,1.0819958,0.0,0.37122092,2.911509,2.911509,1.9638674
0.44851667,1.2217191,1.216195,0.7958411,1.0991784,5.276942,1.2816974,1.188815,4.289019,26.489714,11.117918,5.5052557,2.6043208,1.3375783,0.94652724,0.9409765,3.3518724,52.13531,71.47119,11.291814,5.9053655,6.5116224,10.853926,12.385773,14.391523,14.509095,10.874238,13.1588335,14.172653,58.499702,98.43611,66.12601,54.666275,26.958014,552.38245,2484.5552,49.743244,23.258,31.81564,41.027252,19.34824,10.146075,2.061055,1.3487046,260.11472,112.01405,16.486088,17.633223,12.09703,8.885013,1.4560616,1.4346218,2.2594204,1.9803886,0.68819255,0.75412756,1.2254385,0.61482364,0.0,0.0,0.0,0.0,0.0,0.076702915,2.2545018,1.876201,1.0687954,0.0,0.3997562,2.911509,2.8291242,1.203022
0.27146447,1.1972222,0.5350764,0.13663232,6.793393,1.048799,1.048799,1.048799,1.0634859,1.108649,1.3211813,2.787061,3.720498,1.7287213,2.772842,2.307845,8.225019,112.33628,76.253975,10.647564,11.0668335,10.960528,4.328598,6.5357137,1.4534564,5.9089184,14.7456,16.296818,15.3496475,20.315086,75.72803,75.536705,115.96797,34.38419,1374.4874,1078.9119,69.20974,18.961945,24.023045,30.21551,22.29443,10.65872,3.50006,3.7864141,59.386726,46.02752,13.439416,9.253971,3.6412008,2.9106982,0.6242985,1.4343252,2.0871274,2.0045886,1.705755,1.8344579,1.2254385,1.0777361,0.33511525,0.0,0.14621107,0.7030625,0.710499,1.2577093,0.5622315,0.98631835,0.84043896,0.44381446,0.5963832,1.517958,1.0953041,0.52176344
0.0,0.34899688,0.09618148,0.8107912,1.048799,1.048799,1.048799,0.9881346,0.9737067,1.3024566,12.106344,11.826313,10.362473,3.9398053,6.851908,12.347038,46.80625,174.27066,53.63187,16.1893,21.413843,10.106099,3.9892802,2.4284306,0.0017707642,7.284709,21.389954,19.135307,8.625532,11.917804,39.155216,154.0538,153.04936,32.398388,21.201988,131.33809,63.21767,40.444855,39.555725,23.653965,18.215967,9.995683,6.571516,6.1602616,2.5782833,14.22339,9.112281,7.1350536,5.639255,2.573321,0.76405305,1.4205931,1.5572946,1.073037,1.9614538,2.1943176,1.37541,1.1860808,0.3702342,0.020541046,0.2718886,1.195266,1.5493323,1.7612197,0.8482847,0.8626279,0.7136463,0.22452994,0.084429994,0.25175792,0.18233177,0.16909748
