0.063994765,6.1027117,8.696654,11.638983,14.201128,8.618771,2.6981854,3.3817236,3.2374916,1.2579451,1.2579451,1.2579451,1.2579451,3.2572503,1.2781692,2.802916,1.990405,1.1429183,0.480975,0.033870153,0.49315244,0.9767807,0.51234,0.003640113,0.75892514,1.0622509,1.0833251,0.92942953,8.316307,17.522837,4.4242864,0.0,0.0,0.0,0.09480398,0.2621414,0.26255676,3.758632,42.95681,28.658583,21.02186,1.361591,21.691652,15.209936,16.698109,7.976152,3.2601867,6.3373384,10.817793,10.757801,1.3857841,1.7111889,3.955311,4.2473965,3.8779802,4.353879,3.129232,6.9505153,7.0166597,1.6865076,1.6886132,1.6663547,1.5665253,2.4224184,3.0926585,3.1919014,1.023513,1.2068424,2.480745,2.8163822,2.3100567,1.3670851
2.8738697,16.222094,33.422626,19.323078,13.93889,5.984719,5.0348077,5.1908207,2.2126424,0.8541288,1.2579451,1.2579451,2.587604,1.2497733,0.50969857,0.50309056,0.50969857,0.50969857,0.3118609,0.0,0.052616578,0.97906303,0.97380596,0.17397188,0.26431656,2.205095,0.96571416,0.96571416,8.693676,9.994033,0.054544527,0.0,0.0,0.0,0.0,0.049733922,0.09035744,2.663204,24.017797,18.733227,13.638212,6.1608396,7.541187,13.647853,30.152546,12.031343,8.446235,15.0579405,12.019582,7.2797823,1.9162737,3.8227897,22.29035,43.743282,3.7296073,1.6502583,2.2123961,5.573588,8.141823,2.118278,1.9685407,1.6190443,1.6190443,2.475325,3.0926585,2.8953874,1.9738858,1.2958221,2.0723143,2.428998,2.2032363,1.5852206
3.370294,23.451603,47.495853,83.66392,106.20154,2.6145382,2.890909,5.1001105,1.205168,0.7631803,1.2579451,1.7320931,0.723312,0.50969857,0.50969857,0.50969857,0.50969857,0.50969857,0.2776751,0.0,0.26214662,1.3205131,1.0570586,0.44197577,0.31145743,0.982254,0.96571416,1.8372566,11.893136,5.417417,0.88569903,0.0,0.0,0.0,0.0,0.0,0.0,3.9838681,57.002785,10.862349,10.811462,3.454228,0.93021876,1.4924057,18.454912,9.605222,7.455485,8.286638,8.265617,7.045988,4.8505507,5.3875856,6.473445,50.520103,9.680742,3.418245,3.207191,4.302671,5.9834647,4.846243,3.432525,2.971383,3.223655,5.553548,5.8823843,2.1388578,1.5279047,1.0044515,1.1593738,1.6080223,1.8005041,2.0121737
10.722317,22.148981,75.91873,124.20788,45.897102,15.117714,2.9726048,4.674444,0.23918758,1.2587125,2.787774,0.6470942,0.50969857,0.50969857,0.50969857,0.50969857,0.50969857,0.48750928,0.07723406,0.0,0.69238514,1.0567836,1.2102184,1.2627101,1.0077884,1.8210034,1.9666786,3.2423544,8.113902,2.45718,2.3431444,0.29756382,1.643361E-7,0.0,0.0,0.0,0.9270979,4.24548,10.550839,10.581802,67.44799,1.3242794,1.2979629,2.0778358,5.696528,2.1582963,3.6318557,6.9796734,9.106752,11.158739,18.593107,8.58333,4.673648,4.6454105,5.564996,97.39806,2.9440243,4.0450425,4.100493,4.100493,4.100493,4.196683,4.875665,7.9075217,6.308825,1.5667332,1.5368618,1.0862705,0.97476935,1.1294242,1.5239637,2.0121737
12.137705,25.657578,24.389698,88.45849,34.50886,14.619289,7.8851366,5.762436,5.5474887,17.928802,3.6195846,0.50969857,0.50969857,0.50969857,0.50969857,0.50969857,0.46532825,0.17761208,0.04356374,0.0,0.15947728,0.016034175,0.05527185,0.74096286,2.6970794,4.2217617,11.088018,2.7344716,2.3971114,2.3971114,2.1524124,2.061768,0.35671946,0.0,0.0,43.908207,149.15974,77.87351,53.80467,122.241684,38.612015,8.388727,2.2474325,2.3415277,5.5926747,5.327686,3.3016872,4.55799,14.9207945,14.854264,10.764349,5.097695,4.753572,5.8186407,9.36448,4.331073,1.4169495,5.179845,18.0245,5.90235,4.776971,5.2752604,4.946892,3.3939009,4.1171174,1.571689,1.5488254,1.2676309,1.0312687,1.0312687,1.4198346,2.0121737
6.515955,14.4183235,76.88827,126.11611,105.4855,7.9686017,7.9019094,10.061927,28.266453,18.826752,2.6428537,0.50969857,0.50969857,0.50969857,0.50969857,0.50889534,0.1377202,0.071488254,0.055969376,0.30548802,0.81360126,0.5240502,0.15324497,0.17987266,2.4971642,2.7389185,21.598906,2.3971114,2.3971114,2.3971114,1.4498758,0.0,0.07252476,0.039247952,0.4344547,147.44255,126.300415,68.287224,54.143818,342.83987,23.584503,20.44496,5.4509764,3.530622,2.7963774,5.7061305,6.142795,2.221523,13.726139,11.598512,22.522396,8.233335,9.810114,11.7223015,9.239613,1.5636283,1.278163,4.4765863,22.586136,40.98856,6.811428,2.1837,2.428103,2.5295131,5.354941,1.4212817,2.0625148,1.4090569,1.0337551,1.3470988,2.4383,2.0121737
1.3264797,4.8152785,37.88319,51.363773,66.43458,7.8851366,6.6204934,2.5643327,21.810637,1.8823702,0.50969857,0.46294454,0.50523263,0.49737182,0.3228217,0.17839168,0.071488254,0.071488254,0.36808965,0.9041801,0.904333,0.84789145,0.18114549,0.19933355,2.377507,2.5582619,14.207762,2.3971114,2.3971114,2.3971114,3.2197967,0.16418466,1.6977425,0.526052,7.630286,87.00725,40.193344,25.578526,13.538141,18.483929,24.23033,11.7246895,5.446168,7.524911,12.806489,7.5804214,9.393988,2.7788744,4.8707776,9.470975,24.788673,8.876375,12.365701,12.792594,14.741028,1.7071506,5.028295,3.242592,10.536126,35.112316,9.307486,2.0282242,2.020919,1.2095097,3.239636,1.6235353,1.8491889,1.6327391,1.2829777,1.6093223,2.8194697,1.5688498
0.40399247,0.5638919,2.7939634,6.8141456,43.248028,5.2062416,0.89238936,0.574538,0.50969857,0.50969857,0.5096519,0.50969857,0.29619518,0.094271086,0.07153244,0.071488254,0.071488254,0.071488254,0.39322972,0.904333,0.904333,0.5988619,0.17987266,0.5778098,2.5582619,2.5582619,8.993328,2.4077792,2.7000704,3.1035216,5.203174,3.4076676,0.5411592,1.294757,2.4450438,7.6029553,8.640931,21.94454,14.906327,14.575953,45.245068,57.382866,9.004705,8.455361,10.832638,8.504873,4.849163,2.865936,6.2619276,11.332044,39.36229,19.118326,11.38603,14.952239,15.55043,3.0169268,5.3848567,10.469657,12.660395,16.645912,16.628014,5.7440753,2.020919,0.94749326,1.0131978,1.6524138,1.6962461,1.6966904,1.4001356,1.3079882,1.2536383,1.1634521
0.6674464,1.5697418,4.957762,5.744382,2.2460463,0.9412211,0.13059564,0.50967187,0.50969857,0.50969857,0.25639865,0.11548496,0.068742186,0.071488254,0.10517974,0.13868193,0.13962299,0.14026424,1.1199814,0.81348026,0.46028963,0.19561827,0.17987266,0.18306494,1.3166173,2.5582619,3.1104307,6.8888264,5.12193,5.3433337,6.2889,5.1565747,0.05481799,10.849205,7.025277,7.3211126,9.934152,23.235329,37.230473,40.152832,33.11665,114.535034,23.520708,6.8891306,0.8487343,4.2052193,1.7548659,3.276896,11.380861,31.039042,40.180855,25.896946,10.009489,16.127573,15.52447,7.6319447,3.740846,8.200349,12.2930355,28.858063,25.337318,11.537338,1.9893378,1.5972599,1.6966904,1.6966904,1.6966904,1.6966904,2.9552927,2.0307612,1.169039,1.1634521
1.2109691,3.9515107,7.1393657,1.956817,0.6388789,0.32605466,0.5039835,0.50969857,0.50969857,0.49650162,0.07710299,0.071488254,0.08300561,0.22669774,0.37557647,0.70020324,0.4947041,0.45578435,9.038217,4.833654,1.2294722,0.17987266,0.17987266,0.17987266,0.4316393,2.5582619,2.5582619,29.610144,5.1776953,11.307806,10.275971,5.0913677,0.009946403,20.550127,22.72671,6.844896,18.839607,80.804756,102.676765,25.800488,7.767569,155.26103,265.9077,10.551973,8.060504,8.090926,3.3920963,4.95942,20.627287,54.544933,30.716412,26.85025,10.069774,16.481934,36.64428,46.09728,7.2528543,6.504294,23.65665,12.917231,11.373673,5.661772,2.1995432,1.7001493,1.6966904,1.6966904,1.6966904,1.9083996,3.652655,1.4612526,1.1634521,1.1634521
4.681939,8.511509,6.1890187,3.7646995,1.2930725,0.012385063,0.31524116,0.47762826,0.33114928,0.19655323,0.071488254,0.15135801,0.4008566,2.0521245,2.729104,2.6883774,2.2609477,0.8081359,8.997421,1.7154322,0.6310671,2.3495936,2.0879157,5.3492117,4.823075,12.502124,2.5582619,2.6065502,11.191463,15.715395,13.92721,3.3263955,0.103780724,14.550499,24.034128,17.573492,30.92933,85.36972,44.920788,60.24269,32.941902,753.6854,220.75705,65.55284,67.89863,8.191516,11.982416,11.587282,87.03872,107.97902,31.51515,34.496418,87.86612,18.09163,28.839209,43.0983,27.373459,13.052517,309.2027,7.372776,3.0547795,2.5733404,3.3433843,2.1251926,1.9961655,1.9871988,1.8563014,2.8148,3.6009367,1.3946034,1.1463377,1.1634521
52.172024,9.053902,5.7274466,4.5285945,1.4574296,0.10198034,0.06333417,0.0797144,0.071488254,0.62721336,1.4751621,0.84491247,2.4998012,2.7460907,2.7460907,2.7460907,2.7460907,9.191307,26.944183,2.1759272,1.5102876,2.3945918,4.777489,7.7243257,7.832025,17.442812,2.5582619,2.5582619,3.5081863,7.9604263,22.139885,3.8018029,4.9322853,16.01577,17.266209,29.88393,18.356739,61.016304,62.10626,50.10602,147.17664,934.81085,1604.0171,1747.9199,1066.0496,15.880933,10.268858,41.175903,121.11528,69.87887,58.19404,110.867096,509.5541,187.70589,178.69444,60.538765,11.267317,4.3300385,3.3639855,2.5733404,5.1848516,2.9709032,2.406986,2.3061938,2.3061938,2.3061938,1.3905653,1.2249213,0.9440143,0.22369283,0.47956967,1.1634521
70.6015,13.170579,6.8669157,3.7614815,0.575684,0.071488254,0.071488254,0.25066954,1.3320196,1.72701,2.6792693,2.6633813,2.7460907,2.7460907,2.7460907,2.7460907,16.64933,5.6937346,4.0492725,1.7384993,2.3956213,2.3956213,2.3956213,23.184761,32.99008,3.7651258,2.5582619,2.5582619,4.081983,4.4316025,9.481775,3.7986093,6.3223534,37.347992,25.576366,42.461006,0.83513135,19.757914,38.694256,935.0746,822.30054,1142.276,778.02234,494.3564,183.8818,39.224747,41.64235,79.588455,109.73232,41.640537,61.189445,147.8186,53.40086,190.53705,49.345486,32.71457,11.011267,4.3300385,3.3107092,2.566344,2.5723999,2.5733404,2.4687622,2.3061938,2.3061938,2.3061938,0.95616686,0.6155821,0.6155821,1.4268754,0.98805416,0.4055857
3.2565396,1.7233613,1.672068,2.4112043,1.2605772,1.0312583,0.071488254,0.44388202,2.7754197,2.7754197,2.7754197,2.754286,2.7460907,5.7816224,39.262096,101.27703,67.90089,64.23021,44.396023,5.701122,2.5190282,32.574818,9.948893,22.22451,13.8613,6.046018,4.3067737,5.089854,4.5765514,2.2826562,2.0391095,2.805695,3.8881717,2.3255537,15.324284,39.84508,12.233766,21.767353,28.062649,1940.7737,246.18324,797.921,233.30179,70.2488,6.6153274,26.902956,126.95271,58.610825,56.59275,146.838,184.56224,160.75238,73.46826,42.291492,39.5387,18.707615,3.4628515,4.3300385,3.329136,2.5733404,2.5733404,2.5733404,2.560753,2.102983,2.0502636,2.0391111,1.0435634,1.199911,3.0273237,2.5817616,0.36493352,0.37029034
0.94090444,0.36717322,0.5511553,0.73344153,2.7740653,2.5463526,1.4822543,1.4568189,2.7754197,2.7754197,2.7754197,35.465527,36.921036,47.091663,20.993704,167.74542,340.13162,317.69995,136.41884,34.406456,30.292625,124.88402,30.48441,11.495022,11.0957985,8.127115,7.7280645,14.820511,13.926303,4.929928,0.008430184,12.980798,43.662556,4.577635,63.799953,78.91892,34.28866,17.516628,13.01276,888.1003,951.84827,707.06995,404.6411,28.170324,34.945683,104.78458,31.266184,40.116768,49.52259,72.94385,166.39606,148.28424,38.465714,51.478016,61.278008,12.716237,10.174631,4.745592,3.525982,2.5733404,3.149913,3.128893,2.5733404,2.0520697,1.6603954,0.59194016,1.8141785,3.346911,9.384355,7.979755,0.4842099,0.5545987
0.031649634,0.55190533,3.1712177,0.5601907,2.774201,2.7754197,2.7754197,2.7754197,2.7754197,9.431841,7.0855346,5.314743,2.6687493,7.27673,17.680092,81.49576,188.18712,178.88199,161.56476,40.983772,57.08723,69.29762,25.365421,13.343927,17.203318,18.793146,15.732332,15.464638,15.464638,15.160062,2.884871,32.310406,69.09028,2.238441,9.70535,28.448002,49.549084,64.81347,13.51081,397.96747,513.64276,270.36847,290.50183,77.63411,286.50204,672.74664,468.43506,390.73486,68.34042,52.530483,45.64928,34.874237,22.602455,28.696423,24.105522,17.542744,12.219553,5.392255,4.1350822,2.5867655,2.8720236,3.2660673,2.5733404,2.0722938,0.29668644,0.020375788,2.7567267,8.48976,9.651358,7.555334,0.81145346,0.74222374
2.4784975,2.5080059,17.070145,0.9460373,6.2968574,3.1592777,6.074594,17.711544,9.1510105,17.644855,4.5179873,0.9699991,1.205224,20.535915,47.864895,160.8937,37.55426,151.85143,148.64523,44.568306,46.74445,42.087303,40.986553,39.725746,30.890089,27.327978,15.464638,15.464638,15.464638,15.256086,3.424019,279.2445,269.73874,6.259026,7.436546,9.203589,8.655746,4.208347,3.8259456,412.41577,269.9267,18.309023,2.7544546,24.902773,74.28176,145.53143,924.3594,723.8971,285.15997,48.804054,26.82634,27.916199,35.839138,29.074821,23.978706,12.853523,1.9692594,2.5385113,3.8377008,2.8950894,2.5377002,2.5414662,2.525861,1.0724871,0.0,0.33925903,7.1122036,19.111773,48.64123,18.587847,1.3775163,1.1173757
2.593815,3.7844372,9.771568,1.4916594,0.5014619,0.5014859,3.3598495,4.5106378,4.4292216,4.4292216,2.9801223,1.4814124,13.331304,33.890583,30.260538,61.94014,11.259242,55.572937,251.95789,124.92466,79.88129,50.170574,51.535133,108.9061,29.560732,17.877144,15.687444,15.055518,12.564219,10.304944,1.2328594,291.35962,1838.4957,43.75536,16.315495,125.32761,9.804918,5.400679,2.1862316,1280.3939,1090.2487,2.345956,3.871811,8.334046,38.765194,376.17816,130.28839,58.57761,72.66012,50.484993,142.21735,189.09499,236.65865,76.506165,37.96608,5.6313133,0.18574919,0.18598853,1.2363503,2.5538337,1.4492021,1.4165381,1.2903699,0.741119,0.0,0.2799565,7.9821873,5.2780437,3.0266483,0.68945,1.2621455,1.4429982
1.6206337,2.0312266,0.5596405,0.5014859,0.5014859,3.3680813,4.5116005,4.4292216,4.676743,5.798259,5.6894236,5.9344707,51.49898,160.93277,149.65752,138.95012,21.535654,74.34534,167.50441,121.677216,206.31879,117.248985,93.32689,107.276596,19.950989,18.76567,43.46193,21.87931,21.573626,9.548072,8.959904,180.50781,271.78323,11.4194145,15.746941,15.415908,16.467022,1.6302949,98.13707,940.29346,341.99127,2.1640892,0.3948071,255.80025,470.36252,1669.0608,470.98264,630.43695,91.389496,53.969852,94.20933,119.432144,61.006218,28.496248,38.51945,42.355064,38.687542,7.5482373,6.2371335,2.0412595,1.4483625,1.4165381,1.3997524,1.5016962,0.002739534,0.29524863,0.4622987,0.34014148,0.542008,1.0652155,1.4429982,1.4429982
0.5336927,0.5014859,0.5014859,0.5014859,0.4728145,2.3323946,4.4292216,4.4292216,4.7495346,6.1980147,6.1980147,9.012085,72.69648,419.8984,279.10455,18.762812,21.710869,25.905952,115.7969,43.004387,333.8114,116.56092,117.69834,96.80076,72.40758,37.70349,34.64363,37.98376,27.86312,9.548072,9.548072,4.8503494,39.249702,39.898582,30.977129,63.411476,6.1804256,306.37537,524.0609,107.55905,81.04308,2.4798248,3.1739357,402.8332,1632.3878,760.47675,1925.7184,1496.246,109.6808,46.626755,50.171745,10.809114,15.535885,8.272464,5.148191,88.400734,172.6397,20.659073,12.913877,1.1918304,2.9914756,2.863966,1.407033,0.74068254,0.059636924,0.33771855,0.5369765,0.5867181,0.55348974,0.6699368,1.4105196,1.4429982
1.1378833,0.5014859,0.5014859,0.5013437,0.804871,1.313928,4.112306,4.4292216,5.20568,6.1980147,6.2470365,13.532132,14.305688,13.953507,13.953507,13.953507,10.599106,5.666984,1.5632803,59.10175,163.19016,143.72792,88.46084,46.32306,88.760895,231.44366,53.68354,31.55754,9.582231,12.663065,7.517852,3.347324,40.122,49.341206,1404.9774,1766.1338,838.4615,2675.0557,3502.336,1596.986,506.0805,570.2051,269.99982,964.9612,2827.4214,1552.5723,642.7482,293.4374,107.40343,64.637985,69.881775,42.42335,74.31648,18.279888,2.4393816,31.10992,41.422684,18.318436,12.973301,1.1287805,3.91531,4.1894226,1.6265178,0.73195356,0.13956888,0.41153392,0.6373012,0.6500595,0.23634735,0.5073527,0.33203915,1.0387359
4.0114627,0.5014859,0.5014859,0.32760903,0.91208225,0.7544439,1.969122,4.3793035,5.938035,6.1980147,7.833185,13.953507,13.953507,13.953507,13.953507,13.953507,4.9508038,0.0,22.248907,122.86842,134.26697,162.93588,272.13293,112.5748,101.619156,116.24324,62.424488,41.975525,26.823692,82.27612,278.92392,525.6345,0.92781115,9.628609,2125.6602,2992.5364,2982.9326,2126.0598,2955.121,2512.0615,2650.3042,1137.0729,784.79895,699.10254,2781.5127,628.7949,181.87263,217.5544,166.86789,137.9891,126.27888,48.31228,98.4204,31.204912,2.9092479,7.4895205,17.383333,17.383333,13.028697,1.1300025,3.9133883,4.4820957,2.0658724,0.7362008,0.7362008,0.6825395,0.65026903,0.62449145,0.5233316,1.7967147,0.022215065,0.046911202
1.6612837,0.5688676,0.5519526,0.29208854,0.21045206,0.5059548,0.52246237,1.9421034,4.414006,4.8749266,6.618417,11.038354,10.557076,10.177633,10.572765,10.395247,3.1615694,0.23171622,100.81275,123.67352,115.59295,155.96986,204.01755,56.168427,143.72644,224.24199,81.205696,36.8128,385.29193,22.805267,1017.0179,3357.7512,1529.6522,116.16884,1261.7494,738.7252,2022.4015,3247.3342,1684.5256,3155.4165,1285.2352,79.57849,0.10428151,486.40875,2107.6326,223.41423,181.69771,618.6915,119.611305,158.7119,50.9988,34.504997,34.509182,11.634206,3.0507407,6.7308855,14.617792,11.751089,13.690068,1.9433242,4.253712,3.2171955,2.3830683,5.362182,2.6431403,0.638529,0.5845456,0.88720423,2.4636183,5.2645297,1.6525975,0.08878505
0.31968486,0.6515054,0.75213015,0.75213015,0.587246,0.0,0.0,0.0014899237,1.9046769,0.23502865,0.23502865,0.23472713,0.08621288,0.00228483,1.6411642,2.3952634,2.3952634,0.89035356,228.66472,234.63559,101.57542,168.7581,157.13763,114.689705,105.21057,166.9711,68.77956,25.31036,1158.8966,846.28394,2599.0764,2661.3486,2589.4949,1411.493,1580.6871,1965.986,2180.0063,3256.631,2293.956,2629.9763,1873.3844,988.1477,0.0,1786.7842,1515.7437,383.3055,556.6251,1814.6292,855.4886,214.84167,4.716772,0.0,0.03818717,0.09240495,0.09240495,2.6164932,3.0783143,2.3064775,13.861105,3.4466498,4.758073,2.0301385,3.673458,12.284821,11.712665,3.39052,0.55841607,1.7453681,5.727433,4.8960533,11.00702,0.25467387
0.0,0.16292591,0.63226795,0.7476922,0.8980551,0.15564814,0.0,1.7129737,2.8311958,0.23502865,0.23502865,0.23502865,0.2203387,0.03872537,0.017425342,5.1858377,3.00786,2.0745072,27.512993,140.46678,346.07977,171.43184,271.49203,174.51859,151.84198,155.9201,83.69227,157.56686,438.17938,1156.0021,2448.4995,3162.7375,2066.6482,1562.4238,1103.1157,2655.8088,2566.217,2267.7922,3362.7798,3140.9258,2202.312,1816.2513,482.5267,848.5464,1131.9796,1039.6128,1261.4768,2429.5637,1094.3832,410.1732,0.757275,0.0,0.0416333,0.09240495,0.09240495,2.5022414,2.8794494,1.5648987,13.048431,4.169945,9.370525,2.1549063,2.7724628,10.590935,10.756414,7.821306,1.8681989,4.2587085,5.502607,9.900075,11.326161,0.2639142
0.0,0.0,0.11991876,0.751305,1.550956,0.05313822,1.8598177,3.274832,4.7898054,2.678943,0.2541823,0.23502865,0.23502865,0.20787346,0.16253155,8.912248,29.851933,53.498398,36.953964,83.3544,210.9039,365.73267,193.70456,180.61905,150.54196,177.85843,68.30646,279.58466,293.64896,2037.1255,2589.0193,2430.645,2111.94,1250.6189,3599.4204,4924.2935,2140.4927,610.2349,904.31305,727.9806,2732.6492,2003.4895,103.95146,1400.5912,2733.4753,3200.9922,3127.0808,2505.0964,474.4253,29.715862,1.6789585,0.0,0.048732117,0.09240495,0.22321263,3.1662092,3.0661993,1.5648987,7.645944,7.0799503,9.966454,2.0321453,2.3003027,10.447046,9.23853,8.635939,2.4750848,3.9272537,5.4361863,12.888785,13.827894,2.3549976
0.104055226,1.1506572,0.08452357,0.6304592,0.75213015,0.21183643,2.761937,4.8174663,4.839581,3.9920495,0.23765567,0.23502865,0.23502865,0.22168532,0.51932496,3.2206843,8.490033,130.50574,194.79443,85.65231,136.7357,672.40894,436.5,112.83604,252.70876,55.148666,5.5902653,28.811405,274.53864,2441.635,1973.5283,3550.2295,1167.9733,1655.2664,2204.0557,1892.2693,2491.1907,417.77234,529.6984,4266.6885,2806.1882,15.658534,407.88855,5288.331,3865.091,2698.4233,1854.6658,404.8056,433.44635,3.7605731,0.0,0.0,1.9128418,3.8690076,4.730077,6.97793,7.0692906,6.1227508,6.868457,2.6829023,7.846301,4.483063,2.3886662,8.875267,8.259816,6.20885,2.1999602,2.0039108,4.0760565,8.32683,13.332291,7.673061
0.21806666,0.8222157,1.5025972,1.9357177,0.70064783,0.28182632,2.7642388,4.6211863,4.839581,5.092841,2.5647614,0.23502865,0.2305875,0.42759418,3.6988516,8.707985,10.729359,93.918846,173.88638,94.754486,526.5156,564.61194,486.91644,64.91327,17.812653,10.753264,7.9002514,167.818,75.098434,2.8785732,1946.7885,3437.9482,2900.6309,2731.7676,3019.7905,2184.624,5147.8267,1477.4408,2021.354,4266.701,4942.552,3095.7976,1248.9005,2881.0752,4357.9385,3837.936,2426.4165,383.42847,0.0,0.0,0.0,0.0,6.1764627,12.288026,12.5608225,13.457183,13.457183,13.457183,12.289816,4.9859,20.346247,10.010809,3.043809,4.839219,5.3968954,1.764566,1.7913456,2.1375844,1.7850921,7.5016365,12.460709,7.863886
0.21806666,4.7867074,3.9751725,2.7973218,1.1088392,1.3807347,9.499294,9.391724,5.832321,8.036725,13.566796,5.7841296,4.0902677,0.9749943,7.8859468,9.007815,25.514112,105.124054,97.86381,96.90642,699.7511,301.72833,97.35659,102.86508,94.441826,160.65602,5.5691514,50.317295,1411.1024,1575.4718,1755.1658,2413.383,2039.922,3525.107,3811.4062,992.3757,4211.776,4713.6216,3479.0715,5531.302,4397.427,3870.6084,6285.6323,3622.447,3905.9595,3708.5168,911.66516,1.4927735,0.5267389,0.7344002,0.81302446,2.1257877,7.174659,12.288026,12.375457,13.864497,13.457183,14.977228,16.045006,13.547065,23.115355,13.7808485,3.0123518,4.8466954,4.5777626,0.7164261,1.7822735,2.069829,1.8060131,8.616804,13.112375,9.177749
0.29565537,15.762788,9.100154,2.5719874,136.6653,2.7988627,1.3712033,4.3942943,7.4607277,14.360403,13.432643,17.071098,14.463048,10.970888,22.57091,16.59357,6.617057,94.87282,149.84903,133.01062,559.06165,129.29262,135.62004,387.13617,293.48816,24.381252,7.790531,22.289215,423.73862,2595.9763,3149.9746,3252.1655,3321.715,3896.3772,4806.7393,1949.7418,4405.9023,4201.921,6366.986,4882.166,7008.5435,4618.253,3380.368,5023.0986,3970.3953,3582.6191,48.62615,332.48474,776.4543,5.3935404,1.0393717,2.586433,6.189907,12.436428,17.053736,27.969425,49.504196,14.58252,14.956783,11.326924,30.3195,13.570429,3.6953092,6.375737,49.282654,6.084599,1.9752544,2.7356572,15.386208,21.12439,12.073441,10.243769
0.7250054,0.7287202,0.78830737,0.72997266,11.303205,389.32574,58.195557,2.4590728,2.3885474,15.9782,18.364738,18.107594,15.768328,13.18096,43.561153,10.461323,7.679263,92.25851,129.11885,99.30798,90.085625,83.954605,51.28459,397.39056,491.27106,116.96657,49.06066,183.41344,745.8989,3829.7815,1901.442,2257.8164,4752.995,4481.101,4218.646,1989.2717,6801.5967,4240.0376,5911.354,4001.023,6880.031,5381.212,3260.1343,4531.464,3198.0713,1051.9963,1.1808479,53.49206,68.02472,5.8258705,0.43666816,2.0057824,7.1760063,13.232609,20.000128,11.041786,13.280739,13.457183,13.374028,11.550081,65.46834,38.81114,10.794538,9.468633,13.854577,12.794182,3.6346166,2.763816,307.5171,67.621,5.2269306,2.7459884
2.4871821,2.5734682,2.898948,2.8188727,2.5384564,74.775154,241.89532,1.0673242,1.8864052,14.129995,17.238253,39.38617,48.070618,20.025906,8.709471,3.939855,96.5497,164.06711,36.43423,13.749118,23.397722,44.139786,71.02719,110.06397,142.22711,177.8112,1620.3331,1141.88,1506.7521,4187.793,900.2177,2246.9255,2367.2927,4315.301,2612.6057,2906.1611,14918.744,4581.2153,5167.7065,3834.9846,2184.9631,4004.704,3376.1753,3854.2524,797.77435,0.0,47.38681,225.29378,450.63538,47.046066,0.7382381,3.234215,10.696434,39.001007,9.3164215,6.4869337,8.255352,6.842431,7.2932577,7.755815,7.9270034,4.143937,27.700813,117.2118,71.49136,13.772068,18.82294,9.4788475,69.888054,4.2854013,1.7928579,1.8121865
3.1234262,3.2152338,3.2152338,3.2152338,2.7207534,3.6998806,16.07267,21.061075,1.6606009,4.9449954,24.585659,20.525671,84.462234,664.94574,206.93002,11.100592,37.660736,13.936359,6.5560694,7.1495023,6.4853783,7.139685,30.140753,28.483599,36.999634,417.23383,1093.7773,1487.2333,767.5094,1882.2106,2614.815,2913.0422,4524.6543,4099.7944,3389.4202,6465.5083,15663.835,9362.102,5074.692,3925.5103,6619.6763,5439.87,2631.4207,3319.9172,1637.3408,1288.2109,326.10217,0.4767972,1.6360929,342.61163,1.1158544,4.276489,30.806532,75.72742,9.060745,9.5549965,7.1651006,5.43903,2.138091,30.113708,25.89436,7.970633,58.14334,51.54619,539.83795,19.493221,7.7681923,13.727057,5.345437,13.273981,5.2077885,3.3676672
2.846274,3.2152338,3.2152338,10.395553,14.969292,46.975746,208.68433,24.030993,107.57965,98.5434,62.244118,26.24074,5.2896976,5.7860494,0.20811272,0.3954751,0.2834955,0.8266015,10.767485,10.376891,7.9678526,4.5869904,3.3612905,3.6033778,3.4814634,1864.1143,941.32336,26.864525,651.59436,1668.8081,2610.6262,1362.3623,4146.34,5445.1064,6814.517,6176.4463,5861.6934,4415.131,4070.8584,3748.1018,2278.997,1160.952,1120.9865,760.7331,11.521333,35.706524,63.52002,7.8887086,1.5942379,0.46960267,0.19542676,0.19285135,10.587627,46.47428,0.27078378,2.2694802,3.515381,3.2729414,4.226917,596.158,139.86488,36.955067,16.372883,168.66081,146.25838,10.108054,1.5785463,1.764597,7.6164565,8.224568,4.8408213,4.403773
1.724255,19.181488,7.2673216,1.2092736,0.0,0.46161953,2.9708364,9.731709,15.539231,35.247498,18.937721,44.363632,42.473534,28.754345,7.034412,3.0957024,1.5458438,1.7162747,20.406513,25.131403,52.439625,4.447726,5.1494074,7.562515,8.868197,506.4219,97.0079,123.44692,409.86258,181.41452,2162.747,2611.4102,2534.5762,3682.521,4356.6274,2322.9568,1020.34454,1841.0502,233.53253,13.062901,0.062082097,0.0,2634.8076,2981.8367,1095.3696,2592.1238,2932.728,0.15042397,0.5586976,0.5586976,0.06728157,1.4082105,4.001293,5.9700747,0.0,0.0,1.5716836,3.057928,15.468547,3.8387375,17.176651,18.32109,23.288616,22.876932,61.474533,20.039993,1.5666454,1.747787,3.4999878,14.877056,5.001945,3.3262658
0.0,0.0,0.0,0.0,0.0,0.0,2.0487328,10.905506,16.959558,24.986746,25.382088,39.05037,74.89443,360.5606,109.92758,3.73196,3.4958258,7.093105,14.568312,21.674446,13.901584,9.63113,9.608034,9.331602,9.265489,36.76399,871.38666,574.6847,764.8346,1252.8733,2214.501,4156.966,2355.5598,1593.1853,1861.9117,744.7868,249.07443,211.00563,217.7588,762.10913,0.0,0.0,1974.0109,1936.7081,583.8035,1338.427,1171.9667,0.08792502,0.33159932,0.32222986,0.039771136,0.60655874,0.82111955,0.6236607,0.3266772,0.28055614,0.8596469,3.0419629,4.596408,4.786406,12.811576,11.414129,10.424786,1.6227474,9.119845,6.1907406,1.5666454,1.7323694,2.2648904,6.4675236,4.0347342,1.5641822
0.0,0.0,0.0,0.0,0.0,0.0,0.70144695,151.04616,67.60704,7.343586,10.473832,9.2887125,28.50081,37.181454,31.153833,5.08865,5.1252656,9.125161,59.49954,11.409558,9.63113,9.66444,9.522417,9.304677,8.122421,6.0596137,244.3455,1555.4622,1162.4081,3290.6604,3729.7122,3234.408,3531.0017,2945.223,1529.5974,627.4085,63.36908,65.22403,1422.4036,2902.0027,0.0,0.0,0.0,0.0,0.0,168.55673,181.88847,0.0,0.0,0.0,0.0,0.07331014,0.27300185,0.42275244,0.6990315,0.9188854,1.656486,2.1232107,3.014124,4.8287683,8.549118,5.304826,9.914868,1.1088017,3.8071659,2.572198,2.6038148,2.4184422,1.9749547,2.4560442,4.0673604,0.5933281
0.39154008,19.190477,5.1510506,0.0,0.0,0.0,0.0,2.0723057,98.32745,2.0101888,6.817972,22.970568,27.554592,116.68922,187.35876,118.182434,39.65399,15.656891,16.254993,12.538867,9.63113,10.268885,10.056436,9.29428,10.074712,17.315844,82.88662,674.59326,875.01526,1291.4102,1875.7762,2037.6234,2879.005,4243.1294,3405.498,4207.669,1656.1455,431.6187,734.468,2546.445,0.0,0.0,0.0,0.0,0.0,0.0,0.0,0.0,0.0,0.0,0.0,0.0,0.58750176,5.187168,1.3388592,2.628737,9.70257,8.607928,7.8127317,4.075981,4.563498,5.1449757,4.5354123,1.9066732,1.6664369,2.6678143,3.0509691,2.4756374,0.41285306,2.842463,7.05844,5.9459906
2.8792348,47.777374,41.3206,16.3093,0.0,0.0,0.0,0.30369985,1.2412148,2.4487755,3.8602598,9.44437,7.3415747,26.574928,36.11631,225.97774,39.441463,0.2614036,4.088189,7.9198027,8.070192,8.514734,8.435471,33.214775,12.557198,7.611825,20.83182,27.884146,488.98587,1170.1016,1299.0005,3749.7485,3138.4175,3691.216,2742.9622,3862.8584,3670.5718,2789.3284,492.9498,702.1381,148.90105,0.0,0.0,0.0,0.0,0.0,1.0,0.0,0.0,0.0,0.0,0.9999981,1.2280843,5.1020365,1.5854831,3.6607482,12.528158,12.019504,6.0528803,4.2454333,4.0747633,6.0395484,4.8704453,5.1009326,7.951061,2.7780797,2.733359,1.7994883,0.19398281,0.42767537,1.0168161,1.8103046
2.78586,47.777374,47.777374,139.79507,0.0,0.0,0.0,0.0,0.0,0.1830095,9.216086,6.644779,3.0509553,20.97268,23.651217,294.35275,22.189102,14.228308,31.907562,8.011495,7.1920547,7.2480783,10.231716,76.93764,6.731117,0.04700233,0.51711977,0.7486128,12.625274,17.828938,128.32578,2804.8389,3257.0334,1822.1812,4566.4453,4124.0396,2220.7488,3444.108,1791.7983,31.868052,3.6073008,336.11316,0.09829721,562.8676,589.39764,0.9561618,0.0,0.0,0.0,0.0,0.0,0.0,1.2271396,1.979205,1.9204297,4.9734917,17.329723,18.600985,4.2651153,1.3085024,7.052421,5.714919,0.7483241,0.7389493,1.9656714,3.1812265,2.5698156,0.08656751,0.17214638,0.17214638,1.2006325,1.0095317
3.465469,42.91589,156.86166,376.93994,0.0,0.0,0.0,0.0,0.0,11.680335,9.086287,11.47357,21.368752,59.28386,65.14516,188.6201,38.11875,32.148552,74.164536,69.721756,43.703293,10.987259,16.781597,10.701893,1.8851413,0.30866194,0.0,0.0,37.429745,118.14971,2550.0454,1746.8391,740.19763,1551.9198,3556.5994,2985.8035,2915.5151,3680.5737,2095.6367,28.396513,721.29425,132.15846,560.6244,1060.2021,1338.8298,208.04701,9.005884,0.0,0.0,0.0,0.0,0.0,0.3888426,2.27691,2.8538141,2.558683,7.8639317,8.669032,5.5956345,9.601567,7.267868,5.5967054,1.1202266,0.0854279,1.4705396,3.9348469,1.4549439,0.37722662,0.17214638,0.17214638,0.6282445,0.8242954
0.43705618,201.26515,30.142107,2.586453,0.0,0.0,0.0,0.0,0.2757267,5.9397707,24.084354,14.2507925,24.521658,36.39465,95.94898,109.54499,74.43058,59.42816,75.68942,253.05952,263.05365,62.542374,16.561197,10.931069,1.1481534,2.664992,5.6673607E-6,0.0,165.33191,120.53882,0.27734327,415.45837,1835.4313,2471.327,2414.929,2544.2866,4674.1353,3077.1318,3096.5137,467.4896,137.21074,1568.3066,407.3206,674.03784,234.49887,47.01852,60.97539,0.0,0.0,0.0,0.0051966873,0.13393308,1.6972035,3.1783042,3.593715,1.4071704,2.217816,4.4532228,6.8421803,3.839947,3.2784643,3.729487,0.742696,0.29880416,4.9241605,2.6148586,2.7834592,2.3524601,0.53385437,0.6252221,0.5813945,1.6621463
3.2791643,763.1356,809.9296,14.541289,0.0,0.0,0.0,0.0130025055,0.05998993,2.712628,5.1577897,0.2774796,1.4110397,31.436779,114.28567,40.191513,70.439865,92.214,295.5537,175.3405,81.39563,15.471261,2.4720778,22.74749,0.76694274,0.434004,0.64144146,0.69150096,792.377,2057.451,126.95853,1814.7148,1927.3566,3073.3755,2144.8894,1784.0778,1226.8502,3106.8176,3734.4685,2186.0967,93.89755,83.07682,134.85382,122.69882,206.10632,41.929783,11.433535,2.5441263,2.5829654,2.1854787,5.1419997,23.350065,13.714271,6.8853674,7.368147,4.0769596,1.5521837,5.941568,6.080305,2.9349205,3.0140913,2.8068528,0.48046207,0.007054447,4.9015865,2.3767986,3.1163049,2.796336,1.236713,0.60652435,0.5786344,1.6159351
527.2986,1367.8822,117.61168,9.706419,1.0442542,0.002777778,0.533297,0.6301946,0.7748363,0.7700468,34.152916,80.33688,12.49563,7.938114,14.249512,26.010786,59.795464,80.08622,29.784718,6.9190626,12.614313,1.8297111,4.2655096,93.49051,66.24452,38.321754,0.48905778,2.315938,760.07806,1821.5607,401.65567,639.8313,1861.0859,1816.505,2800.211,1691.9219,1486.4602,2516.273,2638.9233,1171.188,180.91528,15.504141,41.297436,83.72062,34.02663,17.542988,7.1668315,9.090178,9.658266,12.023212,12.957851,24.477497,27.16269,10.272129,7.7269907,12.32987,4.503336,4.2605042,3.354811,2.9876335,3.8601868,2.424202,0.29053423,0.5961841,2.7940545,2.9656818,3.1163049,2.5509546,0.29093188,0.33119568,0.34050018,0.52354187
240.95724,341.46722,27.895699,3.9078336,2.574451,0.52369136,0.6372627,0.78162795,0.78162795,19.64198,56.082203,42.997967,20.53905,502.29297,206.26657,19.040972,25.829021,70.20526,24.794231,29.003466,32.889935,35.097115,6.297026,4.237135,470.3401,170.97806,37.909218,50.025723,1164.6516,891.757,21.428873,186.5693,116.74388,1102.6084,1267.2644,402.64844,66.25288,1125.225,80.204605,37.273544,327.88806,155.22504,224.17001,203.0266,85.30003,57.011116,12.30204,11.069582,9.711232,10.275558,11.910528,52.556152,43.058197,18.975857,13.362508,20.279598,8.268133,4.0252333,2.660652,1.7200708,4.1794167,2.618251,1.2624965,1.2173188,0.08212291,3.8253393,3.1163049,2.5004818,0.109980986,0.1189795,0.0,0.0
67.165,61.889294,8.801906,3.777649,3.5310073,1.0786643,0.58422375,0.78162795,0.78162795,8.440867,7.8331766,11.399544,32.27587,86.22278,95.80203,113.010345,38.300716,39.400192,23.31695,23.78755,27.014109,33.34586,5.781784,84.08914,2746.3896,1758.4934,48.515205,169.7185,1297.1233,2873.4883,726.8422,1009.14954,360.27512,289.89603,126.42193,175.82333,21.259962,164.29004,37.589745,28.398148,316.0607,277.8766,1143.8933,2120.5596,2358.3042,675.8205,819.6146,63.771446,112.01024,38.92318,104.00853,58.058693,20.097982,21.457071,11.966168,15.529078,8.222298,2.3239264,3.053103,17.553534,4.2121644,4.145879,1.8773884,0.15359753,0.0,3.5053704,3.2164936,2.3636162,0.0,0.0,0.0,0.0
48.315266,22.125664,18.087963,2.7354257,0.0015239969,0.06160211,0.5978361,0.78162795,0.78162795,0.78162795,0.77519745,0.29278547,0.45350233,2.8167138,28.06084,51.308277,80.98514,21.241701,17.310106,30.211891,25.026459,6.099586,4.4764137,973.0367,3930.3958,4550.2046,322.03073,139.24988,427.16556,1640.0703,1964.1858,3097.1965,1128.8408,610.56146,1003.03467,13.572979,104.47605,271.3889,39.62802,255.71469,127.67101,40.216434,81.02868,1798.5048,634.23236,937.29034,600.9923,488.9962,28.746721,51.94529,143.58713,127.80864,126.775345,7.918611,11.796516,17.614166,5.476293,1.4964159,9.643473,7.632843,1.4271526,1.9417937,0.34318104,0.44932905,0.0,3.125709,4.861927,2.12459,0.2871923,0.37025,0.43307918,0.08730455
2.5548673,13.683799,7.6381993,0.0,0.0,0.0,0.40927827,0.6466362,0.7787171,0.78162795,0.78162795,0.61790425,1.7021275,4.535162,17.440294,19.448488,24.120926,70.012245,62.703094,67.67296,112.504486,30.516933,79.40043,4898.7886,6151.2837,1896.6006,471.67987,175.80159,106.2925,485.19232,879.1122,1418.7406,150.32211,272.81403,891.45374,396.14722,11.518328,20.355309,9.980108,20.362432,12.43795,7.2485576,12.902519,131.63823,48.72949,55.311104,137.9695,907.79974,27.679482,22.683163,10.061367,10.810095,9.725688,5.765514,6.8341823,3.9349988,4.361845,8.474421,2.8113272,3.9378047,2.5796065,0.92501146,0.41904935,1.7428043,0.19412747,0.82011557,1.1676538,1.3296584,2.1219285,1.889051,1.747839,0.67611146
0.9606871,10.762308,2.319686,0.0,0.0,0.0,0.0,0.02823154,0.2766446,0.42357975,0.36346292,0.28270128,0.36968374,2.5708923,3.620771,7.725557,20.403458,45.65367,56.46072,101.59948,53.43476,89.16318,121.37202,3655.3887,5006.251,1295.4607,139.49701,26.409407,57.064995,69.53663,59.06191,88.0332,1149.6451,834.2307,30.820389,33.380238,34.307247,13.573852,12.939299,18.430428,16.201437,18.10649,104.02243,78.46597,22.156176,12.300102,56.11968,103.23526,23.775837,15.36202,8.831029,8.964312,11.724583,7.082081,4.23356,5.1986837,7.0374737,7.3587956,3.835369,5.362225,5.3008623,1.4154191,0.79448223,0.5160049,0.51474166,1.1167715,1.3278604,1.5654246,2.8773425,1.6683439,0.77208436,0.95653945
0.096174255,3.4903407,1.353536,0.013357904,0.0,0.0,0.0,0.0068459706,0.1743954,0.21036375,0.21036375,0.21036375,0.21036375,5.7367716,9.455952,5.618335,20.126163,48.22391,51.978638,61.451286,70.857285,117.50605,242.81796,2551.7288,2007.7046,231.16032,579.6547,498.93304,132.5408,29.633984,31.505856,221.7008,424.68365,769.79974,11.546374,27.90763,64.25945,83.418465,3.5729933,20.733538,24.72989,17.786913,6.195622,25.49164,27.880577,19.487555,22.149588,81.479904,57.2252,32.84105,12.886835,9.282061,12.27869,3.3852568,4.274836,5.972402,9.230446,14.3691025,11.092844,8.465282,11.049826,5.1422014,4.467283,1.1460414,1.1111387,1.3650184,1.3291683,1.561554,2.8773425,1.49804,0.4672553,0.9481182
0.0969614,0.18058392,0.1581718,0.43458864,0.007483201,0.0,0.0,0.026438778,1.386608,1.1390618,0.47062558,0.18991262,0.21036375,90.55659,31.771036,9.673709,10.109498,44.517975,69.687126,61.85192,66.91464,91.052765,148.25238,1081.5035,42.95044,133.43921,1145.6703,2320.1577,491.51935,51.98882,61.789482,48.493557,376.6434,397.56693,122.64808,61.070107,6.5515985,30.344862,20.466713,1.9422803,4.808118,13.059583,12.667796,392.256,32.938705,28.040005,31.154522,82.63642,16.632877,12.951404,474.77643,74.5274,12.93484,8.234347,6.9781823,2.5161133,12.6023245,15.068767,13.05818,16.244932,20.634602,10.068108,2.4367623,1.5846813,1.9162465,2.8809867,2.9174716,3.0909224,4.270109,1.7432696,0.4334301,0.8216664
0.80148554,0.82428813,0.81215745,0.8242882,0.14800486,0.0,0.0,0.0,1.2746243,2.5739977,2.4700506,2.7476566,3.75976,6.9397764,26.864487,10.491846,3.653022,3.9224243,7.22017,42.44291,127.20556,125.911446,112.76347,71.74472,95.92793,54.67999,13.785737,200.26643,94.71571,119.73123,7.8227606,15.210307,22.938793,105.1843,102.96028,98.51929,3.8478575,167.07365,1508.8094,127.91204,11.049356,17.76475,13.991829,1506.053,703.46405,8.310443,16.494062,26.935251,11.610525,7.1142883,20.630741,10.884584,6.8604617,10.378157,9.417025,7.5892415,12.47468,12.525173,5.727229,10.692136,13.724273,7.057798,3.8916373,2.9714787,5.2896147,1.6912761,1.8839936,4.264369,7.4389257,2.6031394,0.66216636,0.17998588
0.8242882,0.8242882,0.8242882,0.6861579,0.14247689,0.0,0.0,0.0,1.3260951,2.5739977,2.5739977,2.5739977,2.5739977,2.5739977,21.18114,39.290108,31.51056,10.9216175,6.2888365,17.917875,8.128643,44.992237,60.51202,67.2424,112.043396,57.795998,145.47986,105.81333,1067.1942,362.59036,59.793655,29.287056,37.291626,43.834557,14.619298,70.99982,10.479707,309.7351,1279.0524,62.083107,17.40417,20.757334,20.359076,31.792461,17.015274,279.44293,69.877174,5.3947725,7.234121,4.1842413,4.094394,3.5647938,12.542821,12.628645,7.555661,106.6821,349.5773,7.849536,9.174069,10.2836895,9.707542,10.028125,5.5632935,5.579556,8.487297,2.1489706,0.4659652,0.5201523,0.92752373,1.0434511,1.7775235,0.24430989
0.6358587,0.48019588,1.3417649,20.190243,0.0,0.0,0.0,0.0,0.54507685,2.2257817,2.2149534,2.1981833,2.1812706,9.419212,16.302202,20.059246,98.92942,24.79701,73.17639,71.29793,4.7980833,2.7169037,61.721283,98.23337,54.579956,46.11702,57.903324,29.730755,51.20318,50.52525,75.80206,59.579666,18.973698,12.883551,7.2790365,19.679546,179.46283,731.87445,373.8308,6.526768,12.893859,24.78097,23.413492,18.368792,21.927807,127.387505,17.99931,2.5835423,8.998236,8.178573,6.1820617,4.71588,7.849204,5.7172866,12.938414,17.496288,21.460754,3.3858082,5.696749,6.6134796,8.955749,5.1900454,5.031952,3.8666914,2.934783,0.94672537,0.5201523,0.5201523,0.5201523,0.830631,2.979536,1.1734762
0.0,0.0,0.0,0.0,0.0,0.0,0.0,0.0,0.0,0.009105025,0.44753695,0.5302033,0.7165145,0.8195448,36.35586,32.900345,30.59542,30.488323,15.215595,4.721884,2.4625869,0.94806564,25.872482,123.36227,27.912685,16.9043,32.88618,28.32044,1360.4991,1295.019,1595.1067,1390.0833,16.26931,9.356731,15.723238,171.2965,132.64194,611.0915,380.89355,65.32172,8.044119,19.361902,20.22254,14.18648,15.978643,5.8891983,3.2179022,8.31945,9.493978,6.8884263,6.084837,6.071475,3.865973,1.4780279,1.9370912,1.8939052,1.9993827,2.3259287,4.2405396,3.058089,2.896485,2.8904092,4.8782806,2.539896,0.5201523,0.5201523,0.5201523,0.5201523,0.5201523,0.91249174,1.8366134,1.3844963
1.2932445,0.0,0.0,0.0,0.0,0.0,0.0065598246,0.123821914,0.17435974,0.40036651,0.5974722,0.71966285,0.7201456,0.7192379,0.80066526,45.3144,56.570866,20.691675,6.151662,1.375556,1.3213437,2.1009107,23.070597,12.133749,16.505516,20.83712,99.54584,30.704893,902.0999,886.50684,929.6647,1015.2897,559.16833,138.4047,353.7461,116.95347,447.2071,623.4563,1401.2699,41.459755,24.113865,21.705051,14.39318,7.668244,8.221515,6.29161,2.356908,15.068451,14.34951,4.5258846,3.9928074,4.301164,2.6600032,1.4264225,1.4264225,1.4264225,1.4264225,1.4264225,2.1166687,2.6365926,2.855722,2.8904092,3.8473866,4.0125103,0.5201523,0.5201523,0.5201523,0.5201523,0.5201523,0.7976656,2.1304102,1.4154271
10.174494,0.0,0.0,0.0,0.0,0.0,0.0017952095,0.10345481,0.038700078,0.036697835,0.036697835,0.42553386,16.139605,30.523697,11.060512,44.535774,37.99879,65.567795,7.18822,3.4916925,2.4046848,2.086328,13.484614,8.957763,9.592162,28.41164,55.003593,31.011826,31.160343,2030.0532,3294.697,3940.44,2838.2642,478.81732,231.21353,149.49551,39.860943,42.383278,84.9971,14.575397,28.998453,24.306408,11.476081,8.193124,5.3936477,4.663527,0.6457459,6.3101797,7.947837,4.2057896,3.2457027,3.8219934,2.9585614,1.4264225,1.4264225,1.4264225,1.4264225,1.4264225,1.4264225,1.4254965,1.4517962,1.5522392,41.502182,6.189002,0.14847027,0.1141566,0.13645865,0.16030261,0.18614508,0.57584006,1.9198791,2.161569
4.888428,0.0,0.0,0.0,0.0,0.0,0.01057513,0.036697835,0.036697835,0.036697835,0.036697835,0.042893093,83.839035,151.37102,43.02847,33.04188,4.3600163,2.8466496,4.0856433,4.0856433,4.0856433,2.6380465,7.019747,21.776049,14.774646,7.255738,21.688673,81.36373,91.20091,2469.4934,3467.5708,3823.6204,2095.2168,114.20736,33.734818,76.459625,8.710273,5.8928456,16.283827,14.042569,19.999357,16.169117,11.845083,25.479366,4.237528,6.0050764,5.9653497,3.3886924,3.2963989,2.3447962,2.9836957,3.4425826,2.963054,1.4264225,1.4264225,1.4264225,1.4264225,1.4264225,1.4264225,1.4264225,1.4264225,1.4264225,1.4264225,0.98877275,0.18559963,0.1582985,0.07621009,0.012855661,0.0,0.0,0.08864827,2.9002697
0.0,0.0,0.0,0.0,0.0,0.0,0.002515092,0.03653647,0.036697835,0.036697835,0.036697835,0.035468113,28.830393,63.506992,1.9176685,0.9726505,1.4800403,1.916731,2.7815442,3.1159894,4.030825,3.6557534,9.867805,57.07566,237.62312,52.481777,33.602184,43.940865,34.250046,396.54254,382.71472,171.75539,84.94523,52.518055,20.76472,105.96111,16.754704,41.593647,76.10784,9.149063,16.18583,12.349039,441.75085,333.6285,13.645544,9.086315,9.935644,4.748044,3.9617128,3.5581944,4.3279934,5.587752,5.1346464,1.5323317,0.71838456,0.7197883,0.71721053,1.2503917,1.4264225,1.4264225,1.4264225,1.4264225,1.4264225,1.4264225,0.5135529,0.18461536,0.18461536,0.31334335,0.1716391,0.025087869,0.0,0.5653187
13.710615,2.6461024,0.0,0.0,0.0,0.0,0.0,0.031389493,0.036697835,0.036697835,0.036697835,0.036697835,84.33799,65.52787,3.028162,2.7771497,2.673425,2.0113595,2.2044508,2.1047623,11.385206,30.322836,15.112506,241.90315,520.6306,1.7786053,4.9877424,5.685433,16.91389,31.771921,12.640845,29.177341,26.279133,15.358119,30.640821,281.50525,56.761555,25.44992,11.977563,12.771542,9.8946085,5.1840386,149.87387,38.55992,9.916063,11.00804,14.429402,3.7564068,9.1442585,16.709795,3.3964684,6.4648466,19.486416,4.8802958,0.69341666,0.6556473,0.6556473,1.2368228,1.4264225,1.4264225,1.4264225,1.4264225,1.4264225,1.4264225,0.70744604,0.18425566,0.18461536,0.34030175,0.34047365,0.1934994,0.074894615,0.5762331
763.3744,56.756207,0.0,0.0,0.0,0.0,0.0,0.016062576,0.036218908,0.036697835,0.036697835,0.036697835,56.50477,138.81068,3.721061,2.4087708,2.9108853,3.1411905,2.5933747,2.6157093,2.5794344,10.49384,10.163734,50.334206,29.494698,7.3849993,6.4452486,10.588413,14.119095,37.98174,30.260727,16.023565,15.787983,15.587665,25.834814,290.6656,193.3168,22.856094,11.806972,10.453146,4.8400106,2.6879754,17.42427,10.301281,11.0336,13.68877,8.618758,1.5404571,8.657585,14.225955,6.13313,6.2655873,7.067698,8.188252,5.8627815,0.6556473,0.6556473,1.2372402,1.4264225,1.4264225,1.4264225,1.4264225,1.4264225,1.4264225,1.3199046,2.1111312,0.18461536,0.3402575,0.34047365,0.2699287,0.21472602,0.53680843
30.081821,0.0,0.0,0.0,0.0,0.0,0.0,0.0019118473,0.008303861,0.14781578,0.252483,14.5974245,63.138725,22.060331,11.586501,9.613721,23.983807,73.97654,18.072643,27.894718,106.128075,45.996544,45.784145,29.070625,15.228447,15.997693,13.4256,36.829056,80.12217,52.72278,63.021446,117.6098,38.769493,28.49972,24.303488,65.19623,164.31624,16.073112,17.22575,11.133348,11.849562,3.3915234,16.166847,13.809999,14.565018,13.57622,18.962887,6.13497,9.404804,12.742427,7.37917,5.362637,6.8303213,14.193157,8.763059,0.6556473,0.6556473,0.83185655,0.8888407,0.88858473,0.88832873,0.8880727,0.88781667,0.8875607,0.8873048,1.8023198,0.29618213,0.34040028,0.34047365,0.25019714,0.07822072,0.013492879
0.0,0.0,0.0,0.0,0.0,0.0,0.0,0.0,0.0,0.15985385,0.32822078,23.02034,31.705492,13.737849,13.078909,10.167664,11.53072,7.617816,6.1957893,23.888948,138.00403,34.35037,26.785284,29.997105,20.896133,7.2826047,26.373701,45.566566,174.64417,150.47758,157.86519,79.54963,64.149956,22.043667,43.147846,14.148125,3.2022386,9.115907,10.038579,29.662327,6.7381897,2.2338665,14.156873,16.798168,138.62619,245.4598,16.963495,9.00033,7.654782,8.007757,12.101602,9.582568,5.0358443,5.680446,9.629007,5.712774,0.8802282,0.6556473,0.6556473,0.6556473,0.6556473,0.6556473,0.6556473,0.6556473,0.6556473,0.70765483,4.2670665,9.131937,5.6122108,4.724785,5.4033527,2.6897573
0.0,0.0,0.0,0.0,0.0,0.0062091765,0.023111807,0.0,0.0,0.25541407,0.32822078,2.1605124,23.6189,13.744436,9.77699,8.964282,6.4205217,5.7678766,6.8328815,14.5491295,13.71842,3.1811655,11.063774,27.467318,11.225507,13.86584,50.29458,48.3938,46.932083,114.17026,37.21721,587.4081,1028.4875,47.122345,10.790442,18.157803,2.9103944,116.87284,13.057055,489.2711,16.423737,37.331524,7.1182876,10.417879,14.424246,25.641682,27.135899,9.845819,12.888803,13.979229,13.488884,7.18451,8.579025,13.954429,13.08701,15.004827,6.9701724,0.6556473,0.691517,1.4468246,1.1012065,0.6556473,0.81452054,1.187456,1.4688752,0.5378146,2.7052956,7.4136934,4.685338,1.5047507,2.0841808,2.9746385
0.0,0.0,0.0,0.0,3.8897993E-5,0.4010729,0.84797275,0.6993472,0.3071571,0.45859864,2.461885,19.379297,67.12514,17.212702,19.051653,8.873676,5.531686,5.7127457,4.9908695,7.4012856,7.9028206,1.9753498,8.461244,14.458422,5.3585,23.94905,19.413052,40.879555,51.512085,73.73305,18.288462,135.25711,392.7715,45.86072,12.260356,20.13945,8.334335,16.760025,22.783148,122.96643,59.63683,846.4029,348.05963,8.820958,9.096221,9.2283535,24.761755,19.247858,13.134076,14.841636,21.398623,13.447389,16.550722,24.57898,18.937553,12.037924,6.886351,3.2507718,1.9808905,3.142278,2.42128,1.3814118,0.53881073,0.19931975,0.15207578,0.061304554,0.86132294,2.6794841,0.40311652,0.4241355,0.4241355,1.2101274
0.0,0.0,0.0,0.0,0.48862696,0.9466285,0.9466285,0.9466285,0.9466285,1.0175513,16.169079,125.774506,94.31151,502.20108,141.16022,7.720264,4.801733,5.8744655,6.604334,0.39209026,0.39209026,0.39204955,0.066562966,1.4811289,1.7464451,5.994226,18.440374,29.36834,51.677345,78.52428,3.9252133,208.33856,151.46736,46.631493,14.857004,12.910323,184.82527,624.82153,799.8806,1016.8973,17.762348,438.43033,55.412647,10.947132,6.532731,6.1928244,29.425056,66.89259,185.46083,16.185984,8.221093,12.04508,25.80694,19.587542,18.865284,16.27517,10.2152815,7.8828106,3.8402019,7.788568,7.0866876,0.49440187,0.14651284,0.14651284,0.14551373,0.056942012,0.0,0.0,0.16124056,0.4241355,0.30693018,0.8449582
0.0,0.0,0.059184887,0.72450215,0.9441616,0.9466285,0.9466285,0.9466285,0.9466285,0.9377746,16.757105,310.4873,394.13712,579.2567,555.7647,45.32005,117.38195,7.067376,2.0303903,0.07236145,0.04990821,0.051781155,1.6597508,20.756062,5.3303742,8.601365,81.572914,33.7879,105.170746,79.70875,60.409473,247.88786,328.53568,37.248543,34.178104,29.259237,65.41381,38.774654,14.351934,25.479525,47.94309,174.52798,6.728484,4.07745,15.571819,64.91007,158.9332,220.43698,376.88742,33.185192,12.739829,26.221992,14.504483,29.040413,22.14491,11.655078,9.748301,10.678462,14.468406,10.781644,1.5243459,0.14651284,0.14651284,0.14651284,0.14651284,0.062331103,0.0,0.05281876,0.3906995,0.42220917,0.38970184,0.5043551
0.0,0.0015111956,0.6735598,0.942344,0.9466285,0.9466285,0.9466285,0.9466285,0.9466285,1.1079216,7.5589495,125.85091,546.12024,1200.8323,557.74835,50.87148,20.963186,18.545238,2.0243957,1.196322,2.2347794,7.414417,22.6209,23.784267,34.317303,19.682444,35.796703,43.587215,105.11289,344.98236,1006.1715,1493.7189,679.7533,26.478575,40.39996,59.29737,37.773674,35.6178,20.69672,20.09966,7.669533,5.0070753,2.4912562,5.5051165,169.7148,336.77332,1352.0021,2314.951,1670.3389,233.36992,20.490969,27.50796,12.755998,44.165436,161.13228,13.948297,6.0500526,3.5543673,5.74823,1.7298245,1.4425051,0.5056905,0.14651284,0.14651284,0.14651284,0.06323938,0.0,0.62006766,0.8667979,0.0,1.2331939E-4,0.04120115
0.0,0.14750895,0.9466285,0.91806376,0.9466285,0.6829182,0.6054162,0.29391584,0.6266489,4.690438,36.98973,178.75226,33.129543,342.65408,610.3372,67.117836,99.8352,27.921293,11.229889,7.4750905,9.967831,8.110281,9.978055,9.218222,10.600962,7.922785,24.008493,100.75897,198.66364,769.9564,1434.762,1586.9979,2130.7576,1644.8828,100.569916,56.97454,205.48454,17.13162,35.61856,4.014406,0.008359374,0.27771634,1.9851563,14.214806,608.7074,2014.8901,1943.4845,2582.0789,3381.0488,1133.1118,106.24226,26.936571,18.58736,47.616596,415.35648,7.4423313,14.879397,7.283486,1.9792409,1.4838035,1.4838035,1.381944,0.58669573,0.15247172,0.14651284,0.064147666,0.0011724192,0.66456527,0.542495,0.0,0.0,0.034008883
2.1570664E-5,0.6058176,0.9466285,0.8742571,0.5678942,0.06562759,0.0030776805,0.036587905,0.039947093,0.20115994,17.996426,0.40326244,0.07543082,0.07715981,59.933964,45.917187,3.66129,6.128789,6.475418,6.57256,45.59603,14.016876,7.8008776,7.8165693,60.75992,9.160745,28.589499,75.8231,144.1862,435.23547,1415.0734,1933.1245,2010.1998,1810.8634,462.88684,282.798,12.533842,31.16559,93.07235,22.281837,0.1466775,10.572967,83.22125,506.84744,950.1319,1059.6283,2240.7874,2951.8584,3965.719,1549.0782,221.61494,35.329674,27.091354,9.358883,16.479008,13.517084,9.874877,1.4838035,1.4838035,1.4838035,1.4838035,1.4838035,1.4838035,0.21119814,0.14651284,0.065055944,0.0,0.0,0.0,0.0,0.0,0.016517451
0.0044757435,0.5634684,0.91665757,0.25629416,0.023097767,0.052917,0.071637794,0.07715981,0.07715981,0.07715981,0.07715981,0.07715981,0.07715981,0.06961474,17.990547,28.663671,7.2600775,2.7057612,2.8929343,3.133302,12.186271,33.015854,25.326723,14.886105,13.73436,12.150501,46.09681,152.92242,93.54116,159.13495,1386.7815,2655.5867,1918.2106,632.76355,306.6078,230.17847,2.8378363,30.390423,15.869139,29.839323,6.2382207,8.833315,28.301083,45.597145,442.11682,2513.5571,2431.9038,3461.5164,3241.7554,334.20715,25.688652,10.308311,12.604057,13.293258,20.508232,21.068565,13.457467,1.7190777,1.4838035,1.4838035,1.4838035,1.4838035,1.4838035,0.23802523,0.1481808,0.06597453,0.0,0.0,0.0,0.0,0.0,0.0010611626
0.0,0.0029964163,0.1413685,0.12947622,0.07493472,0.07715981,0.07715981,0.07715981,0.07715981,0.07715981,0.07715981,0.07715981,0.07715981,2.863271,25.97031,42.614582,67.395775,3.618369,5.2615876,5.188008,12.020044,64.38719,37.226616,20.604887,1.4816391,3.5268455,21.932053,56.93953,30.76691,31.699566,655.581,1194.095,2140.5034,105.94497,106.51974,0.0,61.91859,245.38586,60.605732,310.00754,126.9704,5.67592,7.8108187,67.94362,205.5389,76.92529,281.60236,293.08902,112.199425,33.010643,17.498323,8.079917,14.900313,14.1101675,29.044344,84.7333,16.132774,5.3472624,1.4838035,1.4838035,1.4838035,1.4838035,1.4838035,0.19662544,0.8193546,2.108196,2.0828667,2.0600605,1.493684,0.18017276,0.17875473,0.033367753
0.0,0.0,3.0125157E-6,0.042143755,0.072490826,0.07715981,0.07715981,0.075125426,0.07715981,0.07715981,0.07715981,0.07715981,0.07715981,8.948693,27.232792,30.739792,52.412277,86.30262,11.625994,12.628605,22.894768,65.46772,61.189064,8.482455,1.3704991,4.2767863,44.102364,45.584797,36.73504,15.314229,4.799581,3.1012442,245.53934,98.04939,159.33559,278.72186,740.2985,373.3537,99.65218,1538.5635,774.8285,6.2677603,25.344255,26.356297,18.776474,17.283144,27.98608,27.248623,10.230392,22.12081,17.565252,10.90432,20.188198,28.26983,20.493858,45.848442,17.224693,6.97699,1.4047279,1.4838035,1.4838035,1.4838035,1.4838035,0.3359538,1.3513652,2.1217098,2.1217098,2.1217098,1.691538,0.4364075,0.18973327,0.036871787
0.0,0.0,0.0,0.0,0.06142337,0.07715981,0.07715981,0.07715981,0.07715981,0.07715981,0.07715981,0.07715981,0.07715981,10.108436,26.971079,26.92979,27.110216,6.6861634,8.3607645,8.49562,20.21852,18.909264,10.547064,2.2849967,3.271356,3.7013981,67.90433,28.085718,19.30582,12.034565,4.992133,750.57544,819.1853,423.9644,21.40843,130.2745,594.6215,201.21735,626.1607,1520.7518,332.61835,23.077494,34.58029,26.06874,15.611017,19.75473,63.078533,15.452319,37.621975,15.5004,11.333375,12.00168,22.56178,30.132936,25.64201,21.239563,13.452957,22.276262,5.3799734,4.594718,1.9086982,0.8293414,0.83313334,0.77218485,3.2165728,3.1869347,3.2457685,1.928609,1.2558807,0.78722954,0.30848828,0.16024171
0.0,0.0,0.0,0.0,0.0669517,0.07715981,0.07715981,0.07715981,0.07715981,0.07715981,0.07715981,0.07378437,0.07546595,0.8656901,2.5912523,3.4862924,2.4951262,2.3376813,1.1364124,1.222564,1.1988242,0.7721969,1.6005454,3.492331,3.8693078,4.743475,20.049751,19.559439,18.774923,36.834713,21.666763,514.38477,1453.012,1196.9753,841.28186,286.5123,7.88606,111.56503,10.76242,93.77584,54.933163,16.509245,46.51372,15.286528,19.766973,16.720715,26.622974,13.24116,11.587614,8.388841,24.828218,22.06484,18.81171,19.942373,11.242691,21.452421,6.87086,7.896943,4.311592,5.47856,2.1587462,0.46037322,0.46037322,0.92493117,3.927699,3.927699,4.072003,1.2584041,0.70563495,0.70563495,0.40580434,0.25289473
0.0,0.3418995,0.5235945,0.01137859,0.07506945,0.07715981,0.07715981,0.07715981,0.07715981,0.075258695,0.033103533,5.774672E-4,0.005752691,0.33226442,1.1391126,2.4038663,2.2000544,0.48873115,0.7596083,1.2495695,0.54472935,0.92408323,1.2577511,3.6676903,13.007692,11.046361,8.753809,97.22601,323.92545,53.143677,479.16357,1259.444,1868.1224,2938.6353,1548.9246,535.1199,46.140484,16.29095,18.53975,58.441727,40.803276,723.86084,160.27084,16.34142,31.134233,18.190577,50.580997,517.248,41.37767,33.15416,23.827272,24.343004,23.476748,51.33592,12.216483,14.452663,12.7782,5.574529,5.7752132,4.152021,2.8375032,2.1323586,2.726693,1.869252,3.38734,3.3050985,3.46669,0.96633124,0.81846076,0.8143092,0.5240578,0.5244696
0.0,1.134506,0.0,0.028210951,0.0377529,0.0364516,0.042171642,0.05163248,0.046603486,0.88060606,0.9453696,0.0,0.114432015,0.28725815,1.0443845,2.956049,5.026859,5.0189524,13.262172,2.2416997,0.99629116,0.9152484,3.0328991,10.298944,9.895367,17.80634,12.765148,18.310589,92.95249,38.867176,2121.3884,3447.4583,2354.822,1849.5156,1992.6652,42.65345,94.99471,46.02398,103.541115,84.92142,9.305788,42.750782,23.158937,20.35458,23.830254,15.049536,9.699192,694.9647,463.89975,47.596848,18.84744,10.998045,18.634748,26.48749,14.840332,10.294055,7.939379,5.915305,12.703652,5.64842,4.7580533,4.1468234,4.103201,2.681744,1.3183669,0.68244696,0.67775095,0.6309336,1.4146845,1.4146845,1.2087625,1.1114051
0.10611705,1.0713739,0.02797361,0.05720382,0.052870058,0.047322325,0.046476617,0.05790611,0.036476705,1.5888464,5.0816503,11.858606,2.9344401,0.28102696,0.2837717,4.2869973,8.288161,9.32313,5.88382,1.2258096,5.20919,6.43052,15.2063265,9.640809,8.286976,11.304029,10.929509,5.6081033,10.202147,510.34845,2366.915,3024.4988,2978.806,2720.62,1032.1699,25.546263,46.604847,8.354036,29.012695,30.02941,16.124912,34.44349,87.86075,16.273842,16.981884,13.332692,17.745667,14.323266,78.79964,14.757433,22.473818,10.99778,16.78144,25.200737,14.796354,2.667015,4.194352,5.7768736,8.376604,5.6556234,4.7379956,3.1157277,2.1106825,1.590376,1.3245279,0.68244696,0.68244696,1.3036402,1.4146845,1.4146845,1.2157326,1.1114051
0.7114845,0.42134446,0.05790611,0.05790611,0.05790611,0.05790611,0.05790611,0.05790611,0.05521085,1.1593585,3.226189,16.937788,8.953475,1.3735912,3.2804422,10.770236,11.868063,7.637396,8.683206,7.0725317,4.8062506,17.912523,10.36627,6.729352,8.401754,7.813679,13.531626,15.333815,2.1557732,1213.1901,3891.2092,4680.9053,3196.2983,1336.9014,651.1716,323.66647,230.05826,25.519396,28.784899,9.862989,16.096455,15.89056,63.73867,12.3517475,21.646732,15.473949,70.62551,74.39271,19.40329,14.807697,16.274343,4.9577227,15.133859,67.2954,2.9934587,1.2915685,2.2528899,4.95114,4.9702888,1.6182988,1.8058004,1.8054199,2.0184839,1.913088,1.7680637,1.3494498,1.3483908,0.875855,0.786286,0.7930287,0.76340306,0.74645674
0.67660433,0.26054525,0.05790611,0.05790611,0.05790611,0.05790611,0.05790611,0.05256804,3.516899,1.5258533,1.4541314,1.935778,16.646572,16.361322,10.017778,6.9042234,5.1989946,4.7193456,4.6191573,6.5754147,12.345738,9.609963,5.8125186,8.033193,18.190578,12.88432,22.879818,70.381805,6.5548,165.15279,1483.1283,3154.967,1613.8365,358.0321,388.61215,597.2019,275.934,62.67861,43.056396,20.712885,7.124324,13.240707,6.850708,7.4012623,16.095497,15.74879,361.93887,180.32234,12.870416,17.523857,11.150665,3.8125298,0.3445149,0.7921957,0.84531665,1.286475,1.2899319,1.3026392,0.7568983,0.19695207,1.0704098,1.4863725,1.8067389,1.8604302,2.2155805,1.3734455,1.4231879,0.7144451,0.5629007,0.53374237,0.5802383,0.6126803
0.5916144,0.40918553,0.05790611,0.05790611,0.04140259,0.05435672,0.05790611,0.05790611,0.33788806,0.899454,0.9335633,0.9675632,6.8173175,15.824532,4.91345,4.5774274,4.5774274,4.5774274,4.5774274,4.9707203,9.548238,8.491217,8.257216,25.482037,40.851044,27.648232,28.364643,36.39183,20.642673,245.43419,401.23907,301.19476,1569.495,830.79425,139.29825,351.8664,47.523403,17.876547,21.754128,11.043416,5.1732817,4.312808,5.5362997,7.623437,10.724371,12.988508,14.054264,16.303806,15.048876,12.522747,17.316868,9.213951,0.7530892,0.91637045,0.53037864,1.2714359,1.2899319,1.0865704,0.4836985,0.5359975,1.0704098,1.4599124,1.8067389,2.0029402,3.8200283,0.6988563,0.84099936,0.382527,0.31437033,0.25557494,0.45428273,0.47039464
0.12992866,0.25558174,0.05790611,0.051351875,0.13163918,0.092680894,0.05790611,0.05790611,0.05790611,0.11205518,0.7558592,1.0108237,0.97576344,0.931268,1.3925894,3.2709486,4.577276,4.1293592,3.932608,5.1842475,10.196091,11.649443,30.303204,34.340794,30.417538,20.356379,21.988178,53.034992,202.06662,588.99884,118.47868,254.33548,428.89462,559.2974,353.43063,9.483809,19.331417,25.843262,9.52439,2.9951499,3.0511663,3.2166874,2.7909532,5.8547573,13.49791,137.12059,63.551407,17.137287,18.88068,17.32648,14.141813,7.4384093,1.3097427,1.3960711,0.298243,0.62970454,1.0539265,1.0954865,0.98650455,1.0704098,1.0704098,1.4355882,1.8067389,1.808982,29.337297,0.75785506,0.75785506,0.16432239,0.0410533,0.25557494,0.70548713,0.87277746
1.19622,0.05241023,0.05790611,0.1014698,1.5886465,0.7004001,1.1715147,1.0879277,0.59887713,0.24050567,0.64336604,0.36887413,0.105347,1.2212899,0.9493744,0.06406448,0.8591048,1.27441,1.1812824,2.914978,10.1219225,12.205268,19.421303,24.670883,9.919297,8.170315,7.9187045,38.879044,126.549515,147.33968,69.989655,129.27565,326.4038,125.48727,16.150131,8.45933,17.835102,23.964994,6.0083275,3.5116327,3.3119757,3.1895826,3.189488,3.1898224,6.3389053,97.375824,80.40743,7.1779,6.7973385,9.626963,3.759032,2.0374413,1.3762943,1.3188156,0.7924066,0.76695013,0.1859727,0.4889455,1.1401347,1.8350031,1.5146387,0.7320025,0.81463534,1.3313243,16.673141,1.2361481,0.68310905,0.47999257,0.65161204,1.1373353,1.3128967,1.3188672
4.112006,1.6709185,0.05790611,1.0213534,1.9809452,0.9747739,2.189145,4.8423653,4.949606,1.7977206,1.0991507,2.8935304,3.8040872,2.9801526,1.8215184,0.6371993,0.35155427,1.115534,1.1812824,1.9332212,5.0608974,11.990602,11.990602,11.990602,11.990602,11.689124,13.315763,22.735859,51.091328,21.278236,17.61174,38.02556,81.38389,44.079334,31.397171,12.223492,10.798945,23.878403,6.5371976,3.699397,3.3973908,3.182377,3.1820703,3.182377,3.596294,5.7775874,14.248639,5.1980357,10.956703,8.268657,1.0439854,0.7174214,1.3752152,1.3437965,0.89715457,0.882954,0.0,0.32469875,1.4356109,1.8259366,1.455073,0.5067458,0.5067458,0.523945,1.3248606,2.2195842,1.5974118,0.5065917,0.776462,1.4557545,1.4557545,1.237087
3.3760471,4.2293415,4.243125,1.8745342,2.1241655,2.1241655,2.1241655,4.6397367,5.1383033,5.1383033,5.1383,5.1383033,5.1383033,3.11152,2.1101506,1.4484127,0.7646342,21.519697,11.701642,6.1219096,5.214144,11.944565,57.37992,11.982202,11.990602,7.985823,5.689054,8.705988,7.374661,22.359678,27.901068,19.328104,87.79395,39.76569,46.875854,381.6148,25.768318,23.660223,8.345691,6.4909606,5.7095137,5.0046573,2.8504944,2.667366,2.9186163,9.064884,3.5608366,2.2114007,2.147295,2.1012588,0.7875143,0.7174214,1.361903,1.3784885,0.7439834,0.7645579,0.3515397,0.17242771,0.0,0.0,0.09056659,0.3384475,0.3374465,0.36720213,1.3213038,1.9661378,1.2921703,0.0,0.18561046,1.4557545,1.4557545,1.0126432
1.7073711,4.109419,4.331679,8.652485,2.7880366,5.680539,10.1456,6.4736314,10.08533,49.963425,32.460056,12.338742,4.5237045,1.6843666,1.2753711,1.5055624,3.167679,40.137325,51.85647,7.996497,3.1725943,3.9613414,5.5884247,7.4577923,9.028951,8.349132,5.090069,5.8325567,5.983546,23.30662,42.05478,25.795725,21.501808,9.639826,208.14827,939.1953,18.337425,9.942809,10.675048,14.165184,7.3268743,3.9507637,0.92774504,0.6743523,127.61405,46.70386,7.901262,6.842127,3.92319,3.2853377,0.61871326,0.7173109,1.3582375,1.3521532,0.5161444,0.5655957,0.9190788,0.46111774,0.0,0.0,0.0,0.0,0.0,0.034516312,1.0145259,0.8442905,0.48095796,0.0,0.1998781,1.4557545,1.6009065,0.7199374
1.1573368,4.033316,1.9581491,2.5368624,18.164759,2.855064,2.855064,2.855064,2.6332116,1.951002,1.1550082,2.5034742,3.3704948,1.5216217,1.9836588,2.0749707,7.1399894,79.20458,40.44282,5.4854846,5.559532,5.480264,2.1016037,3.3337128,0.74875027,2.755039,6.348253,6.852395,6.4778376,8.228123,28.389954,30.178604,47.797966,16.415419,458.65067,384.57043,25.245522,7.2733364,11.937882,12.241239,8.151466,4.815342,1.3686334,2.143188,26.847984,20.253605,6.295739,4.553691,1.3436087,1.1864041,0.3136354,0.7119887,1.136182,0.975211,0.5642297,0.6504714,0.9190788,0.8083021,0.25133646,0.0,0.097474046,0.4687083,0.47366598,0.45663854,0.2248926,0.41180903,0.37863296,0.22190723,0.34785056,1.095386,0.72482586,0.32778808
0.31399935,1.3673209,0.52297246,2.2709923,2.855064,2.855064,2.855064,2.689922,1.1960962,1.8324382,5.869643,7.835578,8.046114,3.3133066,3.5922222,7.615617,40.061874,108.50328,34.59333,13.566334,16.764547,5.4929314,1.9308956,1.1543094,8.41113E-4,3.7113633,10.95791,8.54137,3.6178708,5.893096,19.197214,63.223633,64.83966,13.266485,11.654479,28.89263,25.920849,21.229834,14.313389,9.810018,5.8252373,3.4427545,2.1666982,2.3180184,0.97173566,5.3467994,3.9249287,3.0201688,1.7943084,0.9854201,0.50707054,0.47549582,3.1283095,0.357679,0.57639486,0.8137994,0.9376285,0.8410541,0.28126758,0.020541046,0.1430475,0.6302194,0.6093726,0.5908513,0.3393139,0.34505117,0.32221502,0.11226497,0.04894142,0.17618191,0.0992196,0.08454874
