0.0,0.0,0.0,0.0,0.0,0.0,0.0,0.0,0.0,0.0,0.0,0.0,0.0,0.0,0.0,0.0,0.0,0.0,0.0,0.0,0.0,0.0,0.0,0.0,0.0,0.0,0.0,0.0,0.0,0.0,0.0,0.0,0.0,0.0,0.0,0.0,6.3585916,926.99854,9906.259,5842.787,248.33385,4883.036,16995.879,158.19682,0.0,0.0,0.0,2.4439542,1002.11816,896.79236,793.6011,50.40824,11.821104,12.205098,37.39675,53.933235,61.755573,34.327385,19.517313,19.910528,8.062114,4.820266,5.3941774,1.4588468,0.0,0.0,0.0,1.2010871,1.427885,5.731435,1.3029809,0.24070953
0.0,0.0,0.0,0.0,0.0,0.0,0.0,0.0,0.0,0.0,0.0,0.0,0.0,0.0,0.0,0.0,0.0,0.0,0.0,0.0,0.0,0.0,0.0,0.0,0.0,0.0,0.0,0.0,0.0,0.0,0.0,0.0,0.0,0.0,0.0,0.0,0.0,236.99878,4815.652,122.592674,0.0,0.0,3474.744,2491.5317,0.0,0.0,0.0,16.207134,169.51994,442.3701,690.4622,2.3006032,8.976919,77.545074,129.17969,31.918352,44.850163,15.466294,18.145002,9.980202,7.699518,3.912877,1.9359713,0.28536132,0.0,0.0,0.27384186,2.7174346,8.736936,1.3703811,1.2219913,1.1942434
0.0,0.0,0.0,0.0,0.0,0.0,0.0,0.0,0.0,0.0,0.0,0.0,0.0,0.0,0.0,0.0,0.0,0.0,0.0,0.0,0.0,0.0,0.0,0.0,0.0,0.0,0.0,0.0,0.0,0.0,0.0,0.0,0.0,0.0,0.0,0.0,0.0,0.0,0.0,0.0,0.0,0.0,349.45004,2045.2941,630.4802,172.95381,23.340725,56.145847,63.488174,262.47443,1566.8956,110.95516,8.867526,51.230743,36.94708,84.5777,70.940704,0.0053687077,1.776942,4.8055897,1.7605951,0.10302094,0.11245654,0.0,0.0,0.0,2.2808404,6.0948577,8.701221,2.44984,1.1003213,1.2219913
0.0,0.0,0.0,0.0,0.0,0.0,0.0,0.0,0.0,0.0,0.0,0.0,0.0,0.0,0.0,0.0,0.0,0.0,0.0,0.0,0.0,0.0,0.0,0.0,0.0,0.0,0.0,0.0,0.0,0.0,0.0,0.0,0.0,0.0,0.0,0.0,0.0,0.0,0.0,0.0,0.0,0.0,0.0,553.97943,2974.4143,2629.7935,178.61188,13.578772,72.73941,7252.211,9645.57,6627.9766,1583.9642,25.021305,68.1515,144.12225,38.589153,0.588982,1.5965332,1.5545521,1.5544972,0.2103611,0.68169516,0.70084906,1.2987458,3.1660702,4.106848,14.802616,6.0623617,0.34397104,1.1515238,1.3286883
0.0,0.0,0.0,0.0,0.0,0.0,0.0,0.0,0.0,0.0,0.0,0.0,0.0,0.0,0.0,0.0,0.0,0.0,0.0,0.0,0.0,0.0,0.0,0.0,0.0,0.0,0.0,0.0,0.0,0.0,0.0,0.0,0.0,0.0,0.0,0.0,0.0,0.0,0.0,0.0,0.0,0.0,0.0,4722.852,7841.8853,49.747658,29.40226,25.696768,21.026493,6084.0454,9118.432,16774.809,27890.451,876.6834,76.11501,65.223694,0.0,0.63422024,0.9950453,1.0920956,2.0427287,1.764821,1.5406017,1.4522717,1.9319376,5.475881,3.7296534,16.357077,0.58978087,3.4937868,5.1998134,0.7685916
0.0,0.0,0.0,0.0,0.0,0.0,0.0,0.0,0.0,0.0,0.0,0.0,0.0,0.0,0.0,0.0,0.0,0.0,0.0,0.0,0.0,0.0,0.0,0.0,0.0,0.0,0.0,0.0,0.0,0.0,0.0,0.0,0.0,0.0,0.0,0.0,0.0,0.0,0.0,0.0,0.0,0.0,0.0,926.1017,2161.841,3.277244,16.862387,19.531452,17.105484,3759.8584,14809.606,12022.898,12451.135,45.793583,20.793943,0.8390925,0.0,0.0,0.0,1.1936189,2.2770314,2.2770314,2.150592,4.0515084,24.352402,2.3078554,2.7719865,1.4841852,7.8477287,15.133946,3.8210473,2.4564729
0.0,0.0,0.0,0.0,0.0,0.0,0.0,0.0,0.0,0.0,0.0,0.0,0.0,0.0,0.0,0.0,0.0,0.0,0.0,0.0,0.0,0.0,0.0,0.0,0.0,0.0,0.0,0.0,0.0,0.0,0.0,0.0,0.0,0.0,0.0,0.0,0.0,0.0,0.0,0.0,0.0,0.0,0.0,1.616117,1.771379,10.04626,9.868809,5.6217127,18.499155,56.035122,12004.137,4931.6714,643.5433,4.9424505,0.746297,0.488957,0.0,0.0,0.0,0.5843382,1.2294221,1.9060378,2.2770314,18.553728,7.4774475,0.0,3.2436702,25.863186,1.2790778,3.6268854,2.2978861,2.849578
0.0,0.0,0.0,0.0,0.0,0.0,0.0,0.0,0.0,0.0,0.0,0.0,0.0,0.0,0.0,0.0,0.0,0.0,0.0,0.0,0.0,0.0,0.0,0.0,0.0,0.0,0.0,0.0,0.0,0.0,0.0,0.0,0.0,0.0,0.0,0.0,0.0,0.0,0.0,0.0,0.0,0.0,0.0,0.0,8.062798,24.152912,33.18214,51.040176,45.042458,83.81667,4658.6636,1621.9033,249.06998,4.7927256,1.3167669,0.0,0.070416115,0.16527447,0.014057518,0.14333901,0.8438134,10.059192,20.894466,6.5875225,2.3653138,7.113739,10.045231,6.100391,1.2115434,1.2252786,0.3388749,0.032213323
0.0,0.0,0.0,0.0,0.0,0.0,0.0,0.0,0.0,0.0,0.0,0.0,0.0,0.0,0.0,0.0,0.0,0.0,0.0,0.0,0.0,0.0,0.0,0.0,0.0,0.0,0.0,0.0,0.0,0.0,0.0,0.0,0.0,0.0,0.0,0.0,0.0,0.0,0.0,0.0,0.0,0.0,0.0,11.016739,15.855894,54.718822,1458.6251,34.45848,55.88149,310.71973,329.66098,516.481,404.36337,0.0,0.19681734,0.2732611,1.2737861,1.5249575,0.16477732,0.19358754,0.19358754,17.508371,2.5219953,4.095353,15.91221,22.240726,8.472677,1.587188,0.7420731,0.29760885,0.41197944,0.24107398
0.0,0.0,0.0,0.0,0.0,0.0,0.0,0.0,0.0,0.0,0.0,0.0,0.0,0.0,0.0,0.0,0.0,0.0,0.0,0.0,0.0,0.0,0.0,0.0,0.0,0.0,0.0,0.0,0.0,0.0,0.0,0.0,0.0,0.0,0.0,0.0,0.0,0.0,0.0,0.0,0.0,0.0,0.0,2.3428488,20.685228,3416.6182,2529.7605,1126.4426,218.67072,845.2914,701.05334,111.39404,19.348953,17.063545,1.8677561,1.3269421,3.2095542,3.6466253,10.105243,0.080484316,1.1252216,3.489605,2.034785,17.849724,23.235487,32.03626,3.528413,4.1000853,1.6243253,0.14726572,0.11131111,0.26224974
0.0,0.0,0.0,0.0,0.0,0.0,0.0,0.0,0.0,0.0,0.0,0.0,0.0,0.0,0.0,0.0,0.0,0.0,0.0,0.0,0.0,0.0,0.0,0.0,0.0,0.0,0.0,0.0,0.0,0.0,0.0,0.0,0.0,0.0,0.0,0.0,0.0,0.0,0.0,0.0,0.0,0.0,0.0,0.0,181.24005,6.859341,372.2346,1984.6362,618.5018,778.25024,1173.0592,451.77356,53.80185,23.152628,31.075747,1.9991796,2.322497,5.5617867,38.91101,6.9909315,1.8041168,29.430986,49.814663,107.7482,118.03102,294.08698,3.1025438,9.698787,3.50583,0.0,0.0,0.0
0.0,0.0,0.0,0.0,0.0,0.0,0.0,0.0,0.0,0.0,0.0,0.0,0.0,0.0,0.0,0.0,0.0,0.0,0.0,0.0,0.0,0.0,0.0,0.0,0.0,0.0,0.0,0.0,0.0,0.0,0.0,0.0,0.0,0.0,0.0,0.0,0.0,0.0,0.0,0.0,0.0,0.0,0.0,0.0,33.139366,17.167974,177.09834,567.6079,579.6406,930.70026,1498.6022,800.35474,22.892324,4.667593,14.1722355,29.737148,52.7873,61.13072,4.4354353,11.531514,100.73082,219.78023,1182.129,1706.7574,145.7113,35.382347,8.552455,0.0,0.0,0.0,0.0,0.0
0.0,0.0,0.0,0.0,0.0,0.0,0.0,0.0,0.0,0.0,0.0,0.0,0.0,0.0,0.0,0.0,0.0,0.0,0.0,0.0,0.0,0.0,0.0,0.0,0.0,0.0,0.0,0.0,0.0,0.0,0.0,0.0,0.0,0.0,0.0,0.0,0.0,0.0,0.0,0.0,0.0,0.0,0.0,1.8163058,271.61426,294.25253,103.9424,449.79877,553.33795,982.78375,1002.73987,469.56427,56.832497,1.8985565,50.85421,75.95758,82.68657,9.307984,7.675374,35.209625,208.76324,1472.8661,7075.354,570.6856,66.06816,22.403305,26.429165,9.282856,0.0,0.0,12.0,0.0
0.0,0.0,0.0,0.0,0.0,0.0,0.0,0.0,0.0,0.0,0.0,0.0,0.0,0.0,0.0,0.0,0.0,0.0,0.0,0.0,0.0,0.0,0.0,0.0,0.0,0.0,0.0,0.0,0.0,0.0,0.0,0.0,0.0,0.0,0.0,0.0,0.0,0.0,0.0,0.0,0.0,0.0,0.0,58.87431,182.60675,93.596275,77.93337,347.1374,730.97723,558.8116,185.76819,155.88445,2.6443799,347.19196,91.812164,1886.5793,129.30667,127.827805,130.45038,269.94525,4263.1807,9640.11,8899.134,1595.4845,21.530716,25.073408,26.268927,17.869104,6.2478375E-6,0.0,0.0,0.0
0.0,0.0,0.0,0.0,0.0,0.0,0.0,0.0,0.0,0.0,0.0,0.0,0.0,0.0,0.0,0.0,0.0,0.0,0.0,0.0,0.0,0.0,0.0,0.0,0.0,0.0,0.0,0.0,0.0,0.0,0.0,0.0,0.0,0.0,0.0,0.0,0.0,0.0,0.0,0.0,0.0,0.0,2.0382893,94.64258,99.2762,389.26642,2252.4258,775.61194,576.6002,300.38324,439.72275,344.54022,174.42944,169.27203,10.932996,46.90415,38.49382,37.9671,34.06668,176.30798,2058.0347,2998.292,916.76337,477.79013,13.779043,7.432048,2.8321397,0.0,0.0,0.0,0.0,0.0
0.0,0.0,0.0,0.0,0.0,0.0,0.0,0.0,0.0,0.0,0.0,0.0,0.0,0.0,0.0,0.0,0.0,0.0,0.0,0.0,0.0,0.0,0.0,0.0,0.0,0.0,0.0,0.0,0.0,0.0,0.0,0.0,0.0,0.0,0.0,0.0,0.0,0.0,0.0,0.0,0.0,0.0,70.86313,220.09094,14.179428,242.8431,1038.9589,668.541,532.6582,200.91296,1207.3362,724.0142,93.413925,141.41335,132.35104,3.2915208,0.23839201,6.6331897,7.698274,4.619731,72.95827,115.23458,118.92216,236.39536,122.65364,42.665623,2.5702891,0.0,0.0,0.0,0.0,0.0
0.0,0.0,0.0,0.0,0.0,0.0,0.0,0.0,0.0,0.0,0.0,0.0,0.0,0.0,0.0,0.0,0.0,0.0,0.0,0.0,0.0,0.0,0.0,0.0,0.0,0.0,0.0,0.0,0.0,0.0,0.0,0.0,0.0,0.0,0.0,0.0,0.0,0.0,0.0,0.0,0.0,9.995002,210.50677,118.50978,876.95044,2237.146,4099.962,216.3281,273.66113,183.00702,276.12137,225.16072,131.22633,142.54282,103.87866,0.24474911,0.44656503,1.9500949,8.667668,12.217893,35.731583,76.32108,106.75878,193.25519,68.34728,11.865064,2.5229905,0.0,0.011377169,0.0,0.0,0.0
0.0,0.0,0.0,0.0,0.0,0.0,0.0,0.0,0.0,0.0,0.0,0.0,0.0,0.0,0.0,0.0,0.0,0.0,0.0,0.0,0.0,0.0,0.0,0.0,0.0,0.0,0.0,0.0,0.0,0.0,0.0,0.0,0.0,0.0,0.0,0.0,0.0,0.0,0.0,0.0,0.0,268.24716,635.69867,299.07303,5126.499,17052.186,11178.48,144.60419,110.28114,49.68259,38.88359,19.068192,4.949939,0.064252675,3.5123196,16.388186,0.4016596,0.47397566,5.4063606,25.32548,38.19778,40.309372,240.81386,299.57117,118.8313,57.84291,37.49958,1.7966506,1.8225186,0.46347207,0.0,0.0
0.0,0.0,0.0,0.0,0.0,0.0,0.0,0.0,0.0,0.0,0.0,0.0,0.0,0.0,0.0,0.0,0.0,0.0,0.0,0.0,0.0,0.0,0.0,0.0,0.0,0.0,0.0,0.0,0.0,0.0,0.0,0.0,0.0,0.0,0.0,0.0,0.0,0.0,0.0,0.0,32.01117,1485.5155,183.71088,827.96545,8147.463,8161.1123,2736.1907,275.5216,47.71525,27.333961,18.477541,0.99371564,1.8720335,0.81073296,1.0305482,10.810379,4.2570157,4.522377,18.608988,44.07012,76.43034,108.66762,224.26161,226.83723,35.55922,33.37473,36.536064,2.034899,1.9445453,0.08830501,0.0,0.0
0.0,0.0,0.0,0.0,0.0,0.0,0.0,0.0,0.0,0.0,0.0,0.0,0.0,0.0,0.0,0.0,0.0,0.0,0.0,0.0,0.0,0.0,0.0,0.0,0.0,0.0,0.0,0.0,0.0,0.036335737,19.58985,22.850842,2708.4214,6683.564,7.791175,761.8331,2973.6877,0.0,0.0,192.11412,3143.6711,671.14594,355.3197,382.2729,1025.0314,2670.671,671.3882,307.40027,63.73026,22.730268,3.779015,1.5990856,3.0508828,2.7181773,10.201991,40.367165,72.075264,11.348805,17.49017,94.23263,213.19302,120.08661,143.76602,59.823975,3.5565758,1.0934489,0.05969794,0.17437035,0.29468915,0.06084099,0.0,0.0
0.0,0.0,0.0,0.0,0.0,0.0,0.0,0.0,0.0,0.0,0.0,0.0,0.0,0.0,0.0,0.0,0.0,0.0,0.0,0.0,0.0,0.0,0.0,0.0,0.0,0.0,0.0,0.0,5.127245,58.679634,59.3836,43.802914,5276.194,12679.334,13022.428,10741.342,11947.735,3454.39,2263.642,4746.724,3855.3503,252.42683,388.26532,470.02182,1045.728,2248.4365,500.3968,260.33167,15.439562,7.3098483,1.6614944,9.490916,21.503109,216.55371,317.59097,135.21718,59.01625,3.8509154,7.706513,20.30289,94.65535,33.781666,13.390644,8.563635,0.8112492,4.1368048E-4,0.15960671,1.2926426,1.2722749,0.2027295,0.0,0.0
0.0,0.0,0.0,0.0,0.0,0.0,0.0,0.0,0.0,0.0,0.0,0.0,0.0,0.0,0.0,0.0,0.0,0.0,0.0,0.0,0.0,0.0,0.0,0.0,0.0,0.0,0.0067662527,2.3472133,70.814705,13.361105,11.968374,13.743679,4207.3267,2392.7761,7186.745,4688.733,5408.942,6153.6924,3297.3723,1295.2043,654.2711,1202.5072,670.0853,839.1232,429.52225,290.2749,277.74887,81.02357,22.838526,7.770505,11.16147,37.038395,406.57858,2604.2917,2390.738,141.85716,170.81216,94.81674,41.670597,31.951519,7.9760904,9.775481,65.57851,9.141408,2.7198815,0.0,0.6859131,1.4969271,0.7457998,0.0,0.0,0.0
0.0,0.0,0.0,0.0,0.0,0.0,0.0,0.0,0.0,0.0,0.0,0.0,0.0,0.0,0.0,0.0,0.0,0.0,0.0,0.0,0.0,0.0,0.0,0.0,0.0,0.8513826,238.33133,10.351136,4.5596848,86.84435,28.490818,154.9953,2982.6914,1541.8141,925.96545,364.45627,1710.1262,1195.9764,426.0857,395.22034,205.0323,530.585,275.15433,530.753,237.87523,136.47751,78.91601,22.000547,1.5255885,71.025955,237.6499,582.14197,3389.9604,11714.288,7796.352,188.95076,169.32578,77.47763,21.883606,7.8740425,2.0528274,0.23476817,2.1108758,1.5941801,0.12698792,0.55273974,1.0022069,1.4969271,1.3254213,4.784161E-5,0.0,0.0
0.0,0.0,0.0,0.0,0.0,0.0,0.0,0.0,0.0,0.0,0.0,0.0,0.0,0.0,0.0,0.0,0.0,0.0,0.0,0.0,0.0,0.0,0.0,0.0,0.0,27.345774,132.33755,17.31376,33.255894,121.22241,238.86217,638.7165,158.79688,1148.8583,570.3339,363.9374,388.9941,384.87653,58.6192,30.381754,106.94043,73.732765,50.324722,131.54199,106.41087,81.085464,52.449486,27.148695,22.992722,22.21713,376.30533,704.0592,8255.934,8901.652,1998.6025,222.7033,258.65894,44.01683,42.872555,14.666033,8.711375,5.172541,3.8764412,1.9143538,1.2109983,3.029237,1.4231246,1.4943607,0.7799212,0.0,0.0,0.0
0.0,0.0,0.0,0.0,0.0,0.0,0.0,0.0,0.0,0.0,0.0,0.0,0.0,0.0,0.0,0.0,0.0,0.0,0.0,0.0,0.0,0.0,0.0,0.0,5.1874704,7.3754735,16.005733,109.64146,273.84412,138.24489,282.30743,1873.5981,1324.3344,4226.303,2632.816,393.9848,282.49673,303.00787,164.59294,11.03575,49.892666,54.93586,41.06318,104.03459,42.986603,57.137997,31.413288,32.58762,22.840727,38.277767,164.87671,221.89561,247.95226,549.86896,397.5261,507.07974,257.45367,43.356197,39.414295,11.356169,4.178126,4.103257,4.653506,0.7334594,1.2803593,5.8317995,3.3818974,1.4257872,1.6382718,0.414361,0.0,0.0
0.0,0.0,0.0,0.0,0.0,0.0,0.0,0.0,0.0,0.0,0.0,0.0,0.0,0.0,0.0,0.0,0.0,0.0,0.0,0.0,0.0,0.0,0.0,4.895217,15.665366,22.092823,11.028474,94.47315,479.35104,427.11798,74.75139,1400.4987,842.4526,858.60626,2644.5823,1836.5004,307.47897,303.88867,156.98102,0.0,22.952389,50.449936,65.056076,39.28257,18.942835,13.895308,21.525566,20.584015,52.923622,150.44884,210.88454,171.50743,235.73895,657.9255,837.5344,304.06927,70.08371,43.356197,22.033575,2.8700778,0.2985193,0.64950144,0.7334594,0.7334594,0.55789644,0.77376056,0.8416811,1.3678787,2.7977638,3.7375002,0.24988474,0.0
0.0,0.0,0.0,0.0,0.0,0.0,0.0,0.0,0.0,0.0,0.0,0.0,0.0,0.0,0.0,0.0,0.0,0.0,0.0,0.0,0.0,0.0,0.0,27.304922,16.151867,22.719248,2.0600183,0.0,221.95004,236.4508,476.2074,2779.296,534.43054,266.7353,449.64526,884.5104,211.1414,195.29465,109.814995,16.372297,2.8938134,23.66863,19.358362,14.710004,17.123337,47.588184,19.707672,22.099594,117.96727,166.95801,224.38354,303.95047,1393.9713,1119.365,702.5683,55.163467,12.495159,8.421269,1.3944516,0.097952135,0.026291229,0.68219095,0.7334594,0.7277881,0.13433033,0.010699511,0.7629113,1.3678787,1.2559456,0.35057467,0.0,0.0
0.0,0.0,0.0,0.0,0.0,0.0,0.0,0.0,0.0,0.0,0.0,0.0,0.0,0.0,0.0,0.0,0.0,0.0,0.0,0.0,0.0,0.0,31.49775,40.087555,7.726183,19.021057,3.2510886,0.016804831,285.50076,296.24725,1068.0784,1055.1746,839.55164,436.47205,175.10681,329.7066,164.63107,240.95361,230.13086,189.26526,117.70418,44.82847,31.039572,33.86661,22.383469,31.834417,69.78782,111.69235,150.72845,253.33772,4235.0366,2090.6858,936.2026,808.5618,136.92923,8.258465,0.0,0.0,0.0,0.0,0.08227812,0.7334594,0.70243,0.44952935,0.0,0.0,0.11561713,0.95617366,0.76605153,0.044043742,0.0,0.0
0.0,0.0,0.0,0.0,0.0,0.0,0.0,0.0,0.0,0.0,0.0,0.0,0.0,0.0,0.0,0.0,0.0,0.0,0.0,0.0,19.55165,21.256859,7.086611,24.329136,2.0877168,0.26408523,0.0,1.0748444,236.65901,1000.8705,781.8954,81.31878,145.18527,234.57628,207.54872,370.98218,310.6413,578.41614,316.45795,138.05934,29.368015,4.23754,10.33433,9.127598,12.212459,20.09005,64.00553,129.50652,248.33427,812.95013,5626.121,1641.8325,959.1996,132.54137,46.731625,1.8360281,0.32986468,0.33007583,0.33043584,0.33082196,0.38433874,0.48137286,0.37781772,0.0,0.0,0.0,0.0,0.0,0.0,0.0,0.0,0.0
0.0,0.0,0.0,0.0,0.0,0.0,0.0,0.0,0.0,0.0,0.0,0.0,0.0,0.0,0.0,0.0,0.0,0.0,0.0,0.0,6.5894914,39.43129,6.5237236,25.35492,17.944181,3.0410612,1.2629627,107.47253,591.46857,1103.7592,546.30896,77.11845,42.92801,45.42497,233.86696,383.07812,542.61145,235.57735,13.59493,2.0797822,4.8727207,8.791929,9.4466915,7.520689,8.489102,10.95189,21.61064,42.145763,219.33743,3445.7388,7618.6777,3924.712,2888.222,693.5324,23.424234,0.8970708,0.8970708,0.8970708,0.8970708,0.8970708,0.7849033,0.041860607,0.2740047,0.0,0.0,0.0,0.0,0.0,0.0,0.0,0.0,0.0
0.0,0.0,0.0,0.0,0.0,0.0,0.0,0.0,0.0,0.0,0.0,0.0,0.0,0.0,0.0,0.0,0.0,0.0,0.0,2.259056,8.129121,7.876196,6.5173655,6.3241215,20.594666,7.851197,131.96062,180.6225,502.50888,1389.7936,233.87244,134.59377,51.709442,61.87708,214.5189,1108.7645,580.9204,31.191492,3.5644882,2.2142036,7.2516727,9.105725,6.8000326,0.023811523,3.4438636,42.115227,78.60073,43.730125,145.6246,2125.5225,1774.1509,892.4659,1594.7307,816.4421,1.8919716,0.8970708,0.8970708,0.8970708,0.8970708,0.8970708,0.76395774,0.33761036,0.5029533,0.0,0.0,0.0,0.0,0.0,0.0,0.0,0.0,0.6620645
0.0,0.0,0.0,0.0,0.0,0.0,0.0,0.0,0.0,0.0,0.0,0.0,0.0,0.0,0.0,0.0,0.0,0.0,9.000264,16.284887,6.98309,10.156967,14.495108,5.08748,1.069622,13.281448,97.93973,321.0591,458.14084,168.73618,71.6998,109.33738,86.24609,80.59943,140.4352,564.9696,297.51776,39.297756,20.567577,0.6469347,1.1990575,30.18953,118.56727,133.71323,4.676643,4.2238836,3.6669612,222.0324,569.18823,133.10262,986.3232,196.6863,13.605871,0.8165391,0.8970708,0.8970708,0.8970708,0.8970708,0.8970708,0.8970708,0.8970708,0.21754125,0.23583336,1.6202936E-5,0.015303749,0.022516092,0.010558977,0.004382923,0.0,0.0,0.013566141,0.83311886
0.0,0.0,0.0,0.0,0.0,0.0,0.0,0.0,0.0,0.0,0.0,0.0,0.0,0.0,0.0,0.0,0.0,13.054005,25.47571,16.470802,1.495709,0.9045485,8.245552,4.2079434,0.7223314,2.2052083,53.22562,230.03178,327.2598,94.67742,44.58406,97.21074,139.43323,240.11794,236.8927,93.297745,26.614569,23.541716,11.956009,4.560112,15.103423,246.45193,523.7746,258.74564,145.9056,14.42136,12.735988,240.52342,79.37975,0.0,0.1613483,1.2211857,0.8135247,0.8070203,0.8970708,0.8970708,0.8970708,0.8970708,0.8970708,0.8970708,0.8970708,0.1704658,0.036768258,0.030219883,0.036760963,0.036768258,0.034168225,0.03618579,0.029742623,0.022975858,0.03644259,0.035132702
0.0,0.0,0.0,0.0,0.0,0.0,0.0,0.0,0.0,0.0,0.0,0.0,0.0,0.0,0.0,0.0,0.0,23.464762,13.616564,12.239357,1.6232628,0.01665775,1.5113909,0.017873969,0.80225587,1.1537077,15.555704,22.327583,68.09224,89.39793,30.708841,72.913124,153.21643,83.501595,234.62735,263.774,361.33682,122.18152,102.82847,232.53154,1271.4016,6239.219,6379.595,126.14095,78.81717,2.2619848,47.807133,81.906975,2.4144948,9.434244,1.1727523,1.3468807,1.0488756,0.8970708,0.8970708,0.8970708,0.8970708,0.8970708,0.8970708,0.8970708,0.8028037,0.037878785,0.036768258,0.036768258,0.036768258,0.036768258,0.036768258,0.036768258,0.036768258,0.036768258,0.036768258,0.036768258
0.0,0.0,0.0,0.0,0.0,0.0,0.0,0.0,0.0,0.0,0.0,0.0,0.0,0.0,0.0,0.0,3.744927,20.344809,14.740796,33.957066,38.730938,5.1394806,7.068898,8.490796,2.912847,0.025324281,1.3580577,7.013332,8.991909,31.491495,36.93412,31.51933,33.20791,84.772896,324.1145,3613.7996,6235.3525,1611.1083,1119.961,5658.7607,8522.311,5845.667,3361.2358,4580.685,5766.9287,6707.304,110.05435,2.9221053,14.627249,6.4496136,0.21801454,0.91894174,0.8970708,0.8602015,0.8970708,0.8970708,0.6877727,0.8970708,0.8970708,0.86598545,0.37434798,0.036768258,0.036768258,0.036768258,0.036768258,0.036768258,0.036768258,0.036768258,0.036768258,0.036768258,0.036768258,0.036768258
0.0,0.0,0.0,0.0,0.0,0.0,0.0,0.0,0.0,0.0,0.0,0.0,0.0,0.0,0.0,0.0,42.39468,80.03833,117.56216,121.94867,52.66607,14.688985,9.0314455,12.144027,4.106093,2.1383064,4.076703,5.1598673,29.766718,33.992233,35.331673,41.551456,50.40022,595.79474,1679.2839,3127.705,5512.701,8393.208,9517.606,12017.837,9486.9,11613.363,11495.408,13672.346,4517.532,5053.344,584.4453,33.788284,16.691788,24.965712,0.39212218,0.8970708,0.8970708,0.8844957,0.8970708,0.859716,0.7692241,0.8970708,0.8970708,0.38376263,0.036768258,0.036768258,0.036768258,0.036768258,0.036768258,0.036768258,0.036768258,0.036768258,0.036768258,0.036768258,0.036768258,0.036768258
0.0,0.0,0.0,0.0,0.0,0.0,0.0,0.0,0.0,0.0,0.0,0.0,0.0,0.0,0.0,0.0,16.500713,142.87337,234.4576,49.563225,108.0844,38.316616,6.3628755,2.4984171,6.2663374,33.83623,22.042238,1.2736628,4.4068537,34.513935,56.870136,42.815617,734.2135,4325.1343,2697.9023,4746.2153,6946.913,8296.177,10538.478,12935.115,11952.044,10544.058,14214.296,18457.059,2997.6274,257.97183,180.82808,12.279264,1.0658541,0.55758023,0.4840392,0.42240405,0.8180341,0.8970708,0.8935752,0.7215339,0.7319357,0.35693383,0.8166724,0.18227679,0.036768258,0.036768258,0.036768258,0.036768258,0.036768258,0.036768258,0.036768258,0.036768258,0.036768258,0.036768258,0.036768258,0.036768258
0.0,0.0,0.0,0.0,0.0,0.0,0.0,0.0,0.0,0.0,0.0,0.0,0.0,0.0,0.0,0.0,0.0071254796,3.2015688,21.738045,20.88735,21.574272,104.39051,72.30107,19.329594,8.324648,42.9861,27.33699,13.09674,58.902355,42.18051,55.0684,46.045338,456.5652,4190.3286,6361.35,10309.056,12666.364,11478.084,11237.699,10668.693,11959.244,12210.961,20491.277,9917.097,1475.1758,3706.3418,3242.289,298.8123,0.09645417,0.3697226,0.37235028,0.42255962,0.44113848,0.27273226,0.19985545,0.5809132,1.08974,0.7815404,0.8134515,0.18073615,0.036768258,0.036768258,0.036768258,0.036768258,0.036768258,0.036768258,0.036768258,0.036768258,0.036768258,0.036768258,0.036768258,0.036768258
0.0,0.0,0.0,0.0,0.0,0.0,0.0,0.0,0.0,0.0,0.0,0.0,0.0,0.0,0.0,0.0,0.0,3.4765828,17.700352,23.318304,11.975931,8.759407,33.70387,140.95314,42.070404,28.345524,26.089586,32.15372,54.19805,52.521015,139.86879,39.070923,2014.2286,10026.523,9654.002,10249.423,16471.234,16382.004,12292.579,9479.136,10398.376,7616.0923,16967.217,11443.646,5533.842,5540.848,1414.9163,182.66768,0.2735505,0.37235028,0.35285366,0.36320657,1.3249736,0.47323978,7.6435335E-6,0.800045,0.8664022,1.2478569,1.0007666,0.011044892,0.02171474,0.036768258,0.036768258,0.036768258,0.036768258,0.036768258,0.036768258,0.036768258,0.036768258,0.036768258,0.036768258,0.036768258
0.0,0.0,0.0,0.0,0.0,0.0,0.0,0.0,0.0,0.0,0.0,0.0,0.0,0.0,0.0,0.0,0.0,13.631646,8.527855,12.834917,43.552254,35.122746,192.44502,540.60345,44.940975,10.646615,23.644615,11.69253,5.9398537,14.4248,15.982673,2219.0789,7652.6343,11346.476,12973.841,15440.4375,17628.578,11970.593,17967.465,12388.765,14240.352,6516.6924,22059.654,15988.972,13840.728,10723.098,35.432957,6.451427,0.42084202,0.86664623,1.7596687,1.2417674,1.1378684,0.010431478,0.0,0.43775052,0.0,0.90569293,1.6485319,2.4604065,0.8878357,0.028724095,0.036768258,0.036768258,0.036768258,0.036768258,0.036768258,0.036768258,0.036768258,0.036768258,0.036768258,0.036768258
0.0,0.0,0.0,0.0,0.0,0.0,0.0,0.0,0.0,0.0,0.0,0.0,0.0,0.0,0.0,0.0,0.0,25.52781,19.679272,27.13113,21.014963,2.9799578,52.22517,83.82174,37.031605,23.561598,174.82016,65.55438,4.9476833,7.2534475,282.9127,2997.1558,9087.44,15626.594,7536.6724,12880.443,12941.014,11032.048,11655.012,8061.8374,24984.195,15187.392,21869.986,7270.1763,12928.049,3418.861,97.30661,3.4675174,1.0551212,1.6006635,15.377349,6.3829484,2.9576066,0.0,0.0,0.0,0.6423957,3.2423608,4.556881,4.8432236,4.569035,0.48352715,0.036768258,0.036768258,0.036768258,0.036768258,0.036768258,0.035909586,0.036545254,0.036768258,0.036768258,0.036768258
0.0,0.0,0.0,0.0,0.0,0.0,0.0,0.0,0.0,0.0,0.0,0.0,0.0,0.0,0.0,0.0,0.0,13.220239,12.122872,3.6366668,10.738267,2.3230739,17.573818,48.64291,84.293564,263.133,507.36655,115.69378,356.89618,1048.7373,2495.695,6905.18,8934.914,13610.218,14521.934,18497.256,12941.348,12551.234,4421.234,13029.436,18036.252,21612.482,23583.105,18527.828,4466.0034,255.89445,116.600525,2.119572,1.0030527,3.3242435,23.285105,14.736803,4.93468,1.4125586,0.48499003,1.1684542,7.628016,4.629799,4.005515,4.8432236,3.459688,0.030221874,0.030098623,0.029974163,0.029851694,0.029731074,0.028773101,0.006323292,0.005317401,0.06406168,0.10068284,0.101713404
0.0,0.0,0.0,0.0,0.0,0.0,0.0,0.0,0.0,0.0,0.0,0.0,0.0,0.0,0.0,0.0,0.014160295,50.68413,26.35898,14.230146,4.6144896,12.521504,22.273785,172.98338,211.31511,1215.1389,303.91208,574.3339,1205.6318,1790.4447,6624.0986,7667.92,13196.614,12802.618,15865.096,10345.932,8716.289,1375.9834,1361.5795,3986.6519,9355.649,16867.842,18847.387,10293.893,472.2141,124.59801,7.301125,2.0412307,0.33967105,4.522601,2.7647808,3.0128603,1.6406071,4.6129837,2.137302,1.8598157,2.2398763,3.2263641,4.821629,4.8432236,3.8588326,0.0026497254,0.0,0.0,0.0,0.0,0.0,0.0,0.0,0.19910482,0.3437128,0.3437128
0.0,0.0,0.0,0.0,0.0,0.0,0.0,0.0,0.0,0.0,0.0,0.0,0.0,0.0,0.0,0.0,3.5550141,38.613136,30.367195,16.801775,8.25698,6.710883,75.39285,672.39417,582.4532,1235.1741,765.926,615.3064,1233.0355,4042.463,8652.426,11863.504,12545.572,11634.079,13303.723,5508.2,1799.971,5346.469,3.8281083,7086.651,14164.747,14115.441,12880.104,2405.6675,98.478195,9.272029,2.900063,2.5708373,0.79294944,5.0781827,1.78821,0.0,0.0,0.421395,1.4297597,1.1893615,0.9699904,6.422208,5.758005,8.174455,7.6126356,0.9369676,0.16294271,0.28810036,0.11297657,0.0,8.311155,26.430748,0.0,0.26147527,0.3437128,0.3437128
0.0,0.0,0.0,0.0,0.0,0.0,0.0,0.0,0.0,0.0,0.0,0.0,0.0,0.0,0.0,0.004657199,71.973305,23.284473,12.66637,15.585528,9.520615,27.073286,53.694527,177.98369,174.85582,198.63882,1397.0972,168.69417,850.7632,8863.89,19848.623,14238.859,6417.0728,1005.0002,10533.171,5521.332,8441.036,14360.793,3745.9248,5610.2246,13928.387,13505.486,2095.0942,162.04199,25.915485,11.157846,4.144653,3.8597903,0.09355177,0.7547876,5.089869,0.0,0.0,0.6447003,1.1237568,1.1237568,1.1237568,5.2132597,6.970157,1.4477684,0.68752205,5.1066456,1.2170391,0.80347264,0.77250236,0.23004888,9.840338,644.3126,134.5969,0.1765515,0.23318961,0.23124479
0.0,0.0,0.0,0.0,0.0,0.0,0.0,0.0,0.0,0.0,0.0,0.0,0.0,0.0,0.0,184.31035,539.13336,160.70161,13.1079035,15.548378,81.564285,67.78097,249.64717,726.4677,272.1252,1779.5669,4016.2437,7883.162,10057.637,13280.347,5999.0312,1732.1039,58.206127,0.0,0.19678485,0.81909907,4618.9688,2166.7056,1145.9347,8935.193,11555.422,6105.4067,309.60046,65.92908,50.391075,10.21031,4.0957646,2.453786,0.0,0.0,0.0,0.0,0.0,0.48109508,1.1237568,1.1237568,1.2274065,6.300032,4.451586,0.8923545,0.8923545,0.87620693,0.85053533,0.8546668,0.81678754,0.2923981,0.0,2.174293,0.3340123,0.0,0.035455808,1.2843301
0.0,0.0,0.0,0.0,0.0,0.0,0.0,0.0,0.0,0.0,0.0,0.0,0.0,0.0,0.0,725.3131,887.9195,131.32231,72.36456,119.28867,280.36597,16.95321,221.305,1292.6213,1210.8125,3358.196,7617.3667,6555.435,9805.74,10671.398,1077.0836,0.0,0.0,0.50373,1.7116646,1.9734696,202.95929,3.5424867,4418.24,11244.156,11790.657,303.6777,41.29212,63.74907,8.668386,4.375502,3.813187,0.26026714,0.0,0.0,0.0,0.0,0.009310535,0.54459524,0.7958867,1.0776143,2.3629851,1.336362,1.8621782,0.4404399,0.4382761,0.4361121,0.4339561,0.43179983,1.0289171,0.57569665,0.09264524,0.0028954323,7.8252365E-4,0.0,0.27601123,1.4339784
0.0,0.0,0.0,0.0,0.0,0.0,0.0,0.0,0.0,0.0,0.0,0.0,0.0,0.0,0.0,3802.895,1971.9882,31.787918,41.075123,42.920948,10.89358,1.3273532,606.6041,5679.2397,9470.116,7882.955,4717.6665,7407.2666,14398.862,9913.477,2.0,0.0,0.0,0.5522775,1.3229871,1.4531906,2.163699,2.6272256,6206.9185,9054.575,462.98227,23.013445,6.059888,0.16654004,1.7297155,1.449266,0.22543629,0.0,0.0,0.0,0.0,0.0,0.0,0.0,0.0,0.018739888,0.31099984,1.4783683,1.0397804,0.3550979,0.3550979,0.3550979,0.3550979,0.3550979,0.3550979,0.3550979,0.34147117,0.2989333,0.041925825,0.0,0.14337349,12.388182
0.0,0.0,0.0,0.0,0.0,0.0,0.0,0.0,0.0,0.0,0.0,0.0,0.0,0.0,0.0,2284.4626,803.902,96.19776,37.165684,11.309586,0.25666323,20.346478,2453.4763,5811.5464,15018.717,23318.143,13025.248,4927.352,12282.297,4869.7617,0.0,0.0,0.0,0.0,0.0,0.0,0.0,78.858665,4756.0103,1447.6364,157.12631,14.699984,0.1734159,0.0,0.0,0.0,0.0,0.0,0.0,0.0,0.0,0.0,0.0,0.0,0.36888918,1.8615007,1.8229105,1.7956703,0.64241976,0.3550979,0.3550979,0.3550979,0.3550979,0.3550979,0.3550979,0.3550979,0.3550979,0.3550979,0.3019218,0.16006857,0.2885722,14.46712
0.0,0.0,0.0,0.0,0.0,0.0,0.0,0.0,0.0,0.0,0.0,0.0,9.683733,79.862785,1420.2529,670.5065,15.861893,50.450584,13.675209,0.85695744,4.7420554,844.94794,5122.6484,11934.659,8145.695,2657.4692,1846.921,60.2224,0.0,0.0,0.0,0.0,0.0,0.0,0.0,0.010288904,14.012832,73.7168,6804.4644,1046.0444,88.61402,0.113221236,1.9219626,0.0,0.0,0.0,0.0,0.0,0.0,0.0,0.0,0.04443842,0.20583549,0.0,0.32159466,2.1706758,2.6495144,2.567717,0.80644745,0.29613155,0.3550979,0.3550979,0.3550979,0.3550979,0.3550979,0.3550979,0.3550979,0.3550979,0.3550979,0.5418113,9.409736,19.53993
0.0,0.0,0.0,0.0,0.0,0.0,0.0,0.0,0.0,0.0,0.0,0.0,629.19525,1856.9222,2298.824,199.83817,17.272137,7.7845216,2.2180586,580.9,2509.8218,8669.196,8546.068,6241.313,4.9726014,0.62497896,1.7841169,0.052674167,0.0,0.0,0.0,0.0,15.844739,113.42198,520.40546,3350.1511,8568.148,4521.979,7159.8076,844.9027,82.350914,0.4825604,2.0184875,2.6669984,0.2556489,0.1000059,0.0,0.0,0.0,0.0,0.0,1.9773241,1.6595831,0.5721869,1.1469771,4.4522614,6.414005,2.024824,0.05288258,0.090300694,0.29639572,0.3550979,0.3550979,0.3550979,0.3550979,0.34488747,0.3550979,0.3550979,0.34296444,8.794327,27.027952,14.172678
0.0,0.0,0.0,0.0,0.0,0.0,0.0,0.0,0.0,0.0,0.0,0.0,2684.2617,210.00073,262.50604,30.837713,9.164571,3.9312873,0.22958341,2760.8252,5728.8257,10034.523,15414.217,6318.712,5323.253,0.0,0.0,0.0,0.0,0.0,0.0,0.0,4443.5093,13019.935,7869.941,10371.834,15493.18,8363.388,7201.712,146.03017,34.702297,9.795979,1.1698823,3.3360956,9.336862,0.44726124,0.0,0.0,0.0,0.0,1.3728228,3.5764046,1.6838431,1.5509374,10.21252,17.989088,1.9713248,0.43386355,0.0142831635,0.067255765,0.09034898,0.28273734,0.3550979,0.3550979,0.3550979,0.3550979,0.3550979,0.5726933,4.8058386,17.200502,14.039324,42.747612
0.0,0.0,0.0,0.0,0.0,0.0,0.0,0.0,0.0,0.0,0.0,0.0,1826.1573,113.898254,16.863167,1.7124875,0.0,0.0,1085.2559,2567.7893,6731.924,9819.907,13697.049,13193.826,3965.1494,76.43791,0.0,0.0,0.0,0.0,0.0,0.0,4003.1453,11744.284,14099.827,15647.225,13734.06,7924.5757,1051.0214,47.410618,20.618908,5.814212,1.9532518,1.9532518,0.7357183,0.0,0.0,0.0,0.0,1.2790132,3.1841397,2.7058244,0.34170374,2.496068,11.561944,0.012214964,0.0,0.0,0.0,0.012167009,0.07074698,0.03260178,0.27903754,0.3550979,0.3550979,0.3550979,5.220282,27.65422,11.290697,64.38008,503.15042,16.646809
0.0,0.0,0.0,0.0,0.0,0.0,0.0,0.0,0.0,0.0,0.0,0.0,3.5211403,29.668573,18.895994,0.0,0.0,1171.3953,1921.4391,5428.8975,18647.656,15649.037,4234.875,8100.582,621.4653,0.0,0.0,0.0,0.0,0.0,0.0,3317.5117,14270.832,13827.918,11285.024,7606.4243,11643.716,1158.0935,59.732063,27.852552,41.51748,0.36126336,0.58788306,0.8936206,0.034123793,0.0,0.0,0.0,0.62822443,3.4444833,3.371293,1.3934567,0.92757475,7.743981,0.0,0.0,0.0,0.0,0.0,0.0031360136,0.07075194,0.060862027,0.06875097,0.44842654,0.3550979,0.2999438,18.06053,21.880417,13.741306,58.069084,36.54211,785.8966
0.0,0.0,0.0,0.0,0.0,0.0,0.0,0.0,0.0,0.0,0.0,0.0,738.2215,6718.844,3759.2688,41.73676,596.9819,7764.018,10575.114,10635.006,10445.137,1759.3245,0.0,0.0,0.0,0.0,0.0,0.0,0.0,5.5230126,35.934425,12172.049,14722.445,12261.154,12636.086,4889.0703,1814.9391,41.538506,10.24023,11.109813,16.542362,0.41731268,0.37168932,0.2062765,0.1722235,0.004261959,0.5564298,0.68390703,1.4864889,3.3238695,2.2269428,13.828776,8.746448,7.39506,0.15386261,0.0,0.0,0.0,0.0,0.30023643,7.656625,0.85908943,0.056880213,1.9987631,0.9396608,4.2594995,16.801205,16.134853,17.074257,21.878777,57.046803,104.60973
0.0,0.0,0.0,0.0,0.0,0.0,0.0,0.0,0.0,0.0,0.0,0.0,983.44244,3617.412,1022.71173,226.48354,5338.054,12186.629,591.5723,0.0,0.0,0.0,0.0,0.0,0.0,0.0,0.0,0.0,67.76436,291.34973,923.5841,5716.4624,8124.27,5371.271,8671.79,647.42163,0.52721053,50.56221,9.721035,191.85973,135.00597,26.065866,9.993702,0.41149992,0.77643114,18.90245,4.248764,6.228131,10.215171,13.781172,10.926182,9.0050125,1.5631092,1.7775319,0.0,0.0,0.0,0.0054884222,0.0,6.1632404,10.892921,9.412649,1.7822504,2.918552,12.395593,17.222422,21.833332,26.169556,23.281815,11.638163,5.88875,22.704971
0.0,0.0,0.0,0.0,0.0,0.0,0.0,0.0,0.0,0.0,0.0,0.0,0.0,1608.2694,975.91125,6262.957,13410.862,6238.747,0.0,0.0,0.0,0.0,0.0,0.0,0.0,0.0,0.0,0.0,99.84493,259.0617,6266.2573,9992.469,7301.774,8600.751,101.35685,0.0,0.27084807,39.969677,83.209816,295.79587,173.4213,145.99338,27.094757,74.65575,22.169823,47.789955,8.038557,10.345271,33.187836,34.652107,27.719597,17.503778,4.2318144,4.094307,3.5101454,0.0,0.0,6.7446194,7.186304,10.888066,10.906355,10.906355,7.8411975,0.8913986,7.8857656,16.571957,25.813734,23.92311,25.03823,39.99772,5.8769574,12.535899
0.0,0.0,0.0,0.0,0.0,0.0,0.0,0.0,0.0,0.0,0.0,0.0,0.0,4859.2515,11803.9795,10101.303,8484.822,1123.0098,25.299479,0.0,0.0,0.0,0.0,0.0,0.0,0.0,0.0,0.0,0.15447734,1028.6874,10403.429,20674.346,11687.956,1478.1742,144.05138,21.780125,22.149967,31.204235,141.46268,1436.7742,1657.511,711.0373,332.30994,2234.0503,205.62437,244.96066,48.22193,34.32444,44.685547,41.18889,55.705494,15.396915,3.0526402,6.5558953,2.6973429,0.0,0.0,5.782745,10.906355,10.906355,10.844317,39.302334,6.564685,36.397617,44.593307,43.409973,41.064964,149.27222,7.2397647,8.261354,4.1824627,4.6994987
0.0,0.0,0.0,0.0,0.0,0.0,0.0,0.0,0.0,0.0,0.0,0.0,0.0,10402.189,21010.395,13811.85,18256.164,3723.0217,66.76175,0.0,0.0,0.0,0.0,0.0,0.0,0.0,0.0,0.011282399,525.5656,1591.1376,13386.8125,17809.732,5498.511,4442.151,1282.3302,75.99011,10.664579,3.2043605,307.75153,3435.9944,7065.642,6764.214,855.3343,1844.2964,6623.949,3434.6309,210.85704,28.734203,47.248566,65.02233,85.94232,9.200693,1.3678219,1.5480107,0.9167309,0.0,0.0,1.4524076,8.0366125,10.418979,5.8378305,16.438934,38.633026,105.44113,76.76503,34.69259,15.828683,13.64734,5.3219786,4.950499,2.502784,2.502784
0.0,0.0,0.0,0.0,0.0,0.0,0.0,0.0,0.0,0.0,0.0,0.0,0.0,15440.054,6102.8394,2490.3574,3486.0498,3268.2231,2.8297582,0.0,0.0,0.0,0.0,0.0,0.0,0.0,0.0,957.1833,11187.142,15187.185,18600.781,13853.101,8543.994,2667.3433,68.33577,20.506624,9.166203,154.89143,3153.72,9012.832,9505.529,2401.4817,155.7078,2399.834,9992.572,7546.8394,4554.2095,4116.965,58.75405,32.743046,19.738262,12.854831,0.22796541,0.36305773,0.31462488,0.0,0.0,0.0,0.0025939709,10.261451,14.55938,45.94718,83.29604,95.97547,133.95233,28.289042,130.90686,385.86203,30.91286,36.14462,8.19526,7.847823
0.0,0.0,0.0,0.0,0.0,0.0,0.0,0.0,0.0,0.0,0.0,0.0,27.602146,18149.006,22897.13,1836.1725,2544.8386,735.0113,0.0,0.0,0.0,0.0,0.0,0.0,0.0,0.0,666.0049,5906.8735,15308.662,14549.254,16458.684,13005.675,10100.34,3166.938,109.94368,38.866543,330.9231,1566.7523,3557.446,2610.5571,10083.499,3929.332,12.712745,1039.3706,9826.104,6854.385,5212.0625,3172.5168,12.24895,21.202244,13.474704,6.823771,2.4242892,0.28438088,0.22583781,0.0,0.0,4.375779,17.491077,3733.8252,2791.4858,793.98065,79.521324,86.59556,125.41939,22.71396,145.4196,56.61572,70.45127,130.60727,26.737366,14.057178
0.0,0.0,0.0,0.0,0.0,0.0,0.0,0.0,0.0,0.0,0.0,0.0,22.115913,7874.485,31170.512,36785.66,19877.424,14101.264,172.62303,0.0,0.0,0.0,0.0,0.0,14.371891,0.0,1492.6648,5645.2144,9605.116,11544.216,6683.2017,9936.781,5896.1694,3568.0298,1406.1216,12.383131,578.86194,7208.9014,6676.732,4618.0713,10301.785,4814.3047,55.99768,744.1189,92.08914,20.221691,5748.101,4087.1584,4.7799206,8.690233,6.6587973,2.5313272,1.4844611,0.031348124,12.563825,2.419416,13.773032,35.736923,532.3488,5763.7495,6970.626,3900.1392,63.466434,81.13922,22.833157,201.45493,69.9029,51.269115,56.281914,124.19087,42.501816,49.254105
0.0,0.0,0.0,0.0,0.0,0.0,0.0,0.0,0.0,0.0,0.0,0.0,1258.0002,10734.496,18891.977,27559.484,31450.422,28592.293,8161.565,0.0,0.0,0.0,0.0,542.6053,6111.2363,9.399592,4549.685,17200.451,15017.607,2705.0396,201.44467,810.6732,1257.6965,670.5915,688.94226,14.132038,75.989845,5899.7583,7271.774,1233.1403,2674.487,2187.0122,27.680368,22.730083,13.740298,9.608301,1122.3951,3172.511,9.636729,7.1821885,1.7087909,0.0,4.2388015,14.375922,28.931564,6.578524,9.59327,28.331858,4521.4995,10859.791,9224.422,347.20737,23.63353,32.710426,299.56726,1114.9504,136.112,53.189823,80.813126,75.70085,104.47586,150.11575
0.0,0.0,0.0,0.0,0.0,0.0,0.0,0.0,0.0,0.0,0.0,0.0,12659.017,27084.111,19620.014,20155.17,43823.93,12151.292,439.86795,0.0,0.0,0.0,0.0,2606.0981,7732.7817,102.8116,2853.7349,23776.49,8600.533,2003.1312,0.0,1.331598,187.66307,70.28102,113.84637,825.2609,2693.7678,8302.516,2142.6477,5760.387,518.2581,0.0,15.74411,20.08993,15.876394,26.999823,32.468742,14.718048,11.197727,6.356041,0.88823897,0.0,14.533356,65.05526,76.53286,153.2272,623.2822,263.60275,7540.9307,11237.257,10167.772,71.36402,288.4812,320.1229,556.1521,1086.8069,251.62355,44.635998,207.848,163.49814,97.09611,117.912
0.0,0.0,0.0,0.0,0.0,0.0,0.0,0.0,0.0,0.0,0.0,0.0,10733.665,21161.5,19527.314,36002.69,44262.875,16255.083,48.435715,0.0,0.0,0.0,4218.6294,16839.838,17811.123,6982.8096,24385.156,18891.953,4134.394,1386.8324,0.0,14.595985,29.669638,22.24569,23.592846,4159.953,4413.0674,7231.3726,3185.594,8996.333,1232.0184,13.992071,3.653154,11.649107,60.59608,32.13079,24.897839,11.078071,11.181208,3.5452247,0.0,0.0,0.065061636,16.976004,1032.2308,3141.4773,65.05399,104.249886,118.62905,2630.0647,5734.586,80.35866,142.33986,109.82022,39.49295,236.39586,202.48491,26.112904,331.99835,1105.7107,2288.8079,99.73229
0.0,0.0,0.0,0.0,0.0,0.0,0.0,0.0,0.0,0.0,0.0,0.0,6912.249,27848.756,31428.62,42315.586,78484.92,31552.256,0.0,0.0,382.67386,270.5082,10836.833,6406.917,15325.883,32373.06,17484.43,5969.619,2066.511,217.24062,0.0,6.4739075,24.665668,18.951836,9.898404,3234.6865,4591.4497,5075.651,4934.7446,2853.957,244.7605,65.89822,44.221725,31.734566,20.762274,16.715342,0.1118146,2.0550244,2.5470374,1.6546564,0.0017683813,1.9452567,1.4589171,14.1874895,2489.0308,3033.0342,53.582542,64.474014,126.99338,65.8359,58.266605,73.35101,89.541695,61.200264,16.249443,23.925447,218.1488,1854.3651,5307.6626,5106.402,3184.8113,178.14401
0.0,0.0,0.0,0.0,0.0,0.0,0.0,0.0,0.0,0.0,0.0,0.0,0.0,634.56104,1266.7593,19304.604,49604.574,20248.826,43.844097,0.0,115.41154,2099.143,11141.267,21697.594,27116.564,19124.074,10743.894,2507.4392,258.5427,5.476839,15.488442,3.0863106,8.433208,33.865288,105.26078,3834.733,4358.3936,2485.8665,5565.2925,6000.753,1652.8335,141.862,37.478714,6.093148,18.355612,8.86357,0.23475337,0.0,0.020646118,0.34591252,0.4388555,1.2819557,6.2105246,32.573856,61.19717,16.952953,13.509796,21.428293,48.6916,52.961018,33.14298,40.767998,41.83565,6.1268854,37.21236,3291.8508,54.71323,197.21844,6649.5137,11264.411,8312.035,1831.8035
0.0,0.0,0.0,0.0,0.0,0.0,0.0,0.0,0.0,0.0,0.0,1.0122163,0.9848668,0.76132905,0.08314761,0.0,9.349058,0.77347684,1963.4153,59.693573,5.1497936,1364.6112,12319.176,26586.52,16894.908,7563.2627,3502.025,110.9837,170.7043,2477.0574,623.2891,15.618635,12.523867,77.65806,2391.8003,4918.5405,3568.919,1326.4899,1845.0837,1744.1311,403.74374,30.483263,23.957405,4.3949494,11.719705,0.0,0.0,0.0,0.0,0.064422,6.0338516,1.79587,5.15053,4.0918183,46.858746,7.7891645,9.82476,10.7302685,10.783951,18.276247,22.648134,27.12863,16.862722,12.530434,16.46694,1344.0881,5977.4897,1280.1475,9106.182,8474.833,2855.131,440.7711
0.0,0.0,0.0,0.0,0.0,0.0,0.0,0.0,0.0,0.0,1.1486522,37.754745,43.74002,194.6297,0.0,0.0,0.0,0.0,813.0471,0.0,0.0,2190.878,13908.213,18735.24,7812.732,7637.2705,5166.831,148.40225,1950.8517,3662.35,1937.5287,80.6413,115.90187,1440.1451,2604.5625,3005.2166,2807.7878,1302.8502,476.1963,2.9010134,6.583471,17.746092,15.435908,0.6647642,0.008006597,0.12189752,0.0,0.0,0.09906472,2.4796185,4.4054384,7.6776114,11.744279,0.14355217,0.7620604,2.921327,11.288542,11.978687,11.252157,8.286856,24.71061,23.061974,21.563913,12.944805,17.352354,65.95475,3371.4924,2044.718,990.7622,682.0814,621.1383,107.31168
0.0,0.0,0.0,0.0,0.0,0.0,0.0,0.0,0.078051426,258.3932,36.5576,1.7607934,340.11835,5383.1797,25.254375,10.334929,10.640837,0.0,0.0,0.0,0.0,255.20572,18190.363,23073.408,7326.4287,2962.5046,462.617,1045.8417,2942.6145,3097.8955,1379.9657,2197.4348,2463.3926,2831.9722,2698.212,1378.2725,1349.3392,82.6301,4.609155,0.21252878,15.728765,16.877102,9.282072,0.0,6.7713385,1.8223776,0.2843859,0.0,5.386327,7.63277,3.8039525,40.035522,13.989853,0.6416257,0.77866715,5.0846415,27.268427,23.497177,20.282824,13.370527,14.698194,11.115759,41.0236,17.76324,16.739202,167.48218,288.56015,697.19055,269.85135,200.209,113.23909,26.25636
0.0,0.0,0.0,0.0,0.0,0.0,0.0,0.0,12.00116,68.47644,571.9467,3475.2295,4572.0874,284.4781,3061.8135,1134.641,6.479508,0.0,0.0,0.0,7.7118397,2696.9004,20510.652,31380.371,3023.8481,134.85368,425.9827,3029.5176,1530.8225,2279.487,2796.8157,4628.245,3231.631,3587.6072,2592.4167,411.1712,6.038398,2.2127128,1.6072963,0.4004057,104.383194,100.3584,3.7575061,0.40082103,13.977025,11.71855,30.250088,1.7330637,94.00828,6.6072035,519.02875,492.37247,33.689117,2.638008,0.0,0.9994549,24.676378,23.408773,19.961597,12.743862,10.288065,10.000526,32.89499,27.209293,42.24926,114.81386,510.82095,753.7808,179.88591,8.867458,14.8751745,15.830244
0.0,0.0,0.0,169.45325,114.7263,0.0,135.67798,51.906807,8.656289,20.824682,1598.9735,6971.333,4528.794,2473.0483,2006.8049,243.84569,0.0,0.0,0.0,0.0,0.8212781,11297.063,15012.058,10242.666,542.29785,812.28375,2729.4639,2684.3025,1839.4246,4414.1836,4373.4453,5483.866,7776.182,3675.8083,604.8269,44.402363,0.00464767,0.0,0.0,1.3398737,204.59518,201.08139,45.7473,48.828644,274.85513,17.734158,25.979141,32.243217,89.2083,120.945114,132.60858,1495.2109,2635.5522,849.795,3.415252,0.0,0.0,8.029585,18.661007,6.4021587,14.877592,30.72829,31.421368,23.226463,252.95496,1904.3137,2611.406,435.80893,7.344573,131.9333,558.39307,30.06604
0.0,0.0,1.1411221,174.04979,863.47736,120.95285,316.60123,47.96723,8.51731,397.31796,4521.232,5298.2114,5199.7485,2292.47,559.3296,0.0,0.0,71.08609,976.9042,2342.7085,2980.2302,13417.959,8296.929,1796.5317,1.0120974,1.8497213,1402.1978,1653.1194,991.9951,832.02435,2054.6946,4268.403,10517.394,5534.6426,4061.7842,1492.0824,0.03482115,0.0,6.234766,46.955223,70.220024,6.189397,29.071476,42.060497,37.046635,24.899708,1864.1555,1831.5247,203.71562,88.24796,95.14062,1861.6952,3735.0305,1056.1053,6.5337186,2.0041394,3.209487,10.990543,1.8902566,3.5808768,4.1008897,7.2436013,20.54042,40.10396,216.33054,12221.627,5581.3115,182.80194,1475.5033,1081.9984,103.171555,177.84277
0.0,0.0,3.2608433,49.557766,206.35274,2.3131037,1.8193223,0.0,0.0,18.077765,731.79474,5507.2485,3276.9207,593.9406,0.0,0.0,0.28761557,1347.9205,4701.75,12496.686,12045.825,8212.163,1497.5562,0.0,0.0,0.0,65.51724,24.553959,13.26446,164.63095,2346.334,6851.41,11177.39,6435.9556,4948.117,525.2004,1386.1887,1125.3479,2877.2126,41.93862,1.6536574,0.0,1.5229005,10.555604,2.8716993,332.1457,4915.174,7792.1704,7879.0977,2360.886,74.72904,962.6128,955.8653,99.38344,28.163975,8.068279,2.243535,1.6357461,4.185911,5.190161,33.402737,17.379435,11.295198,24.322083,188.19559,8681.664,10527.606,8531.7,4469.084,1125.6626,192.7572,31.306385
0.0,0.0,0.28680307,39.46833,7.2845163,2.3310106,0.86239165,0.5114507,0.0,126.11891,2274.8982,7357.5117,3271.6814,5127.4697,0.0,0.0,1.7673936,23.668894,3640.2603,20288.014,14748.459,3623.0698,360.84406,331.0558,0.0,1.7330723,61.561157,61.487747,9.907169,42.52206,2162.736,7083.425,9746.055,10824.36,6057.109,4575.4727,6852.2803,6267.019,3286.491,0.0,0.0,0.0,2.5960515,50.948914,119.40488,434.67145,4193.961,7727.8633,5751.936,403.04004,377.7834,148.66182,29.012554,3.922233,6.4618526,8.450844,4.3055687,4.418797,15.204034,16.497385,12.4235525,14.703487,14.832046,2.6109903,36.134403,1834.1938,9136.048,6191.0137,7675.374,2377.5486,58.500443,23.952007
0.0,0.28487027,3.912825,1.1532092,2.5648565,0.11333408,1.5357499,5.358959,39.27758,861.1745,4043.5493,7683.057,12799.747,2398.0093,0.853555,0.0,3.8215685,5.0926886,2743.4294,16948.377,10612.061,5144.1753,5076.3335,2580.3672,862.32587,1.3057845,47.095966,47.68319,234.31528,546.8629,4562.5244,4970.0005,6630.7725,21077.213,7321.747,10426.539,9062.387,2771.5996,262.02213,8.932014,0.3130892,47.010185,365.43143,5290.903,9680.574,9856.841,3147.9426,4782.9785,2870.2463,375.55396,345.33984,83.92865,2.4770813,1.5715318,7.1890926,25.73874,4.8488336,4.9869456,13.474354,18.802877,18.625141,10.773132,166.74992,2295.1577,9520.871,9318.275,9401.387,9530.925,8184.758,5999.1177,232.97227,419.84412
0.2971962,1.966061,2.4360676,0.0,0.0,0.0,0.013795195,141.39597,3435.4546,7190.559,6235.7847,6854.284,4829.5776,2577.7275,1072.5385,16.547638,0.0,0.0,0.88809955,6757.7524,9450.713,7032.766,5452.7188,2880.0312,733.2369,3.0151901,33.837624,26.430073,131.91121,1506.2548,4935.2954,9255.039,1750.9359,7937.488,9091.543,5550.8193,454.5822,0.5601865,2.856072,38.9267,4.935452,1815.1151,5870.7393,5661.5854,9279.109,6653.0713,3062.4033,6068.849,7190.407,1373.8794,260.3849,595.4016,2.5472116,2.9722242,1.0081403,0.4362145,10.354533,28.443655,21.615799,20.734722,19.25756,15.417128,298.50217,6331.5967,8484.121,10756.2,7517.723,8974.688,1422.3109,598.9151,275.20117,379.05008
0.96656656,8.319925,2.8200886,59.999084,172.60509,88.9977,599.6218,281.07312,2275.433,3728.179,4418.1226,5205.1367,1172.3782,498.8158,1213.2792,11.573495,0.0,0.0,0.0,1578.681,7483.492,8818.922,7349.028,5398.2847,4499.926,14.360594,12.334053,14.058955,251.0359,6517.775,7973.5576,3726.5625,1528.4943,9655.2,1337.2769,58.85172,93.443436,989.6288,58.318977,8018.9307,9422.372,7294.54,11658.175,10141.085,6645.364,2479.1858,4215.4956,9687.973,2848.6445,29.843607,29.287155,495.29266,3.5099006,3.2449143,0.23941086,0.5975714,2.1729612,14.6061325,14.649243,25.2007,6.9155045,5.828911,87.72603,8878.945,9791.126,7515.8394,12176.845,3379.5173,1195.4421,450.4349,332.64343,655.1359
8.56259,4.4281716,5.5822277,200.40361,1081.8102,476.8027,588.0625,80.27679,801.22363,1321.5253,5175.0806,4610.344,2112.7183,0.06262269,0.0,0.0,0.0,0.0,0.0,0.0,6.395109,1350.5486,6164.8564,7254.4077,1077.3782,0.4427645,13.419466,3.644299,1178.2262,5895.16,1863.9906,1608.2358,0.0,429.9702,17.530312,149.00658,3277.8318,9101.081,9265.243,11462.447,7277.8174,467.37805,1166.2922,5832.725,2083.1753,184.09164,68.57588,170.80782,0.025974024,1.1616672,411.7469,846.0821,377.37808,2.4997709,1.3128109,4.6812596,1.3864768,0.021584034,0.057922777,7.93303,3.425552,9.845825,76.40786,9744.371,6182.862,13520.325,13036.774,3615.736,1316.0846,346.6753,178.86612,291.4041
29.042273,5.38156,3.5684443,63.756783,107.46862,57.989296,55.36895,16.033577,207.07545,1608.837,2095.97,2063.717,131.91675,0.0,0.0,0.0,0.0,0.0,0.0,0.0,0.0,0.0,475.55292,5878.9272,218.437,0.0,9.269947,0.06200961,94.69807,7.2033696,0.0,0.0,0.0,344.38068,0.0,786.98083,8918.483,4049.2656,2036.2982,2805.2393,3132.6873,13.583814,0.0,0.0,0.0,1.6113033,11.70664,3.341604,0.88687193,106.3884,37.396275,585.4279,30.302807,0.19836609,3.7854967,4.4817853,0.7852401,3.8149016,1.6077698,2.241172,18.609715,18.067236,729.227,11882.76,10133.293,7816.58,8974.7,10338.888,1871.3285,220.10767,229.88342,103.154465
36.59649,13.7401905,5.575674,40.43677,99.35472,76.9451,60.147816,0.9442779,27.452581,501.813,900.69165,5237.177,2375.2502,119.17905,0.0,0.0,0.0,0.0,0.0,0.0,0.0,0.0,0.0,4.7367277,307.1265,2817.8909,179.49028,2632.171,7238.1504,202.33994,0.0,0.0,0.0,5.0,0.0,0.0,0.45220244,0.0,0.0,0.0,0.0,0.0,0.0,0.0,9.48803,25.65469,15.370543,6.9582567,6.967352,1.0812974,1.9813222,21.587715,0.0,1.5334159,4.2016983,1.9302624,0.53956324,2.3713622,9.641395,44.955532,9.596158,572.9175,5115.7124,6513.328,6313.953,856.9249,56.150505,1692.2699,1349.7328,127.57242,123.50645,91.573685
57.318775,21.160576,17.950539,24.581272,40.651184,27.563066,25.74548,2.7566905,61.270565,1035.6896,5247.051,2306.9592,813.06055,355.07712,0.0,0.0,0.0,0.0,0.0,0.0,0.0,0.0,0.0,0.0,2136.422,5543.944,2936.0034,6155.3804,2797.983,1.1420966,6.917964E-4,0.0,0.0,0.0,0.0,0.0,0.0,0.0,0.0,0.0,0.0,12.428347,3.7341292,0.0,1.0768081,38.957047,28.695066,6.2475595,6.071114,6.8626356,0.8025012,0.0,0.0,0.38449082,1.1775191,0.21566579,0.20256205,3.9785526,4.5454435,14.774508,16.684856,0.0,12.907442,43.390553,61.645634,75.90119,234.66927,499.9194,284.40182,64.3684,83.34692,37.72451
5.036524,10.117223,5.834403,23.385948,18.433466,5.737851,122.924614,441.71054,840.93195,3582.5356,4782.1636,203.0076,287.16568,324.99817,0.0,0.0,0.0,0.0,0.0,0.0,0.0,0.0,519.5152,524.29144,7852.9194,7951.1133,4284.699,4017.5889,2277.1233,2.4746087,3.6087887,0.14439468,0.0,0.0,0.0,0.0,0.0,0.0,0.0,0.0,7.1413217,20.272682,3.1570568,0.0,0.0,0.17141093,4.3753533,1.9015697,9.007991,8.792616,3.2695358,0.795752,0.0,0.0,2.966313,0.05000558,0.007677806,3.3142014,5.735839,7.131822,5.056367,0.0,10.396953,46.30422,157.75421,173.54048,145.18541,352.16708,584.1625,134.07922,89.621506,253.6338
7.3323445,7.3737917,3.8559108,14.279036,2.9007099,9.031393,107.26213,1725.9546,5850.8633,8857.365,3037.5657,599.07556,578.90234,230.75232,0.0,0.0,0.0,0.0,0.0,0.0,0.0,0.0,39.108772,8919.618,9958.719,10802.93,6767.111,106.27025,14.472051,8.097874,11.776799,0.57276994,0.040563844,0.0,0.0,0.0,0.0,0.0,0.0,0.0,10.262431,7.1497183,0.0,0.9923334,0.6651688,0.8842578,2.9659321,0.13090134,18.792175,8.520593,4.5255136,14.188274,45.028763,182.11694,53.389507,5.1982813,4.5168533,369.0843,6.349338,6.661369,3.7777944,4.8873973,87.70164,126.5499,68.03562,1147.1998,9146.184,8686.659,320.63828,133.74863,155.68327,135.78589
8.071495,2.9672241,2.4354475,0.85814786,7.5218024,11.612608,12.960346,172.814,3481.869,2551.1792,471.72528,912.595,178.52701,3.9146628,0.57017756,0.0,0.0,0.0,0.0,0.0,0.0,0.0,230.64784,5867.7217,9312.186,7726.088,3356.8113,4.9227285,2.5361364,6.38765,4.4818144,0.17359202,0.010416121,0.0,0.0,0.0,0.4230022,3.088143,0.36193514,2.4667811,7.249899,8.363076,0.837211,1.3092859,2.9766092,5.225572,2.705369,1.9125267,13.731089,11.469252,11.723641,37.210827,74.2484,52.327957,10.182813,4.656954,8.389588,14.24666,1.4278904,2.6136634,10.267922,18.612995,21.228065,148.83696,155.25327,1918.7665,8697.39,12421.942,125.43001,207.32228,161.96805,207.0054
2.1138792,2.8293002,3.4273384,1.2965375,7.4560504,14.606573,10.902956,2.6461048,80.696754,55.21986,2.2827346,9.003196,3.430727,0.81948465,1.8370762,10.102039,0.0,0.0,0.0,0.0,0.0,0.0,284.06476,5943.345,9215.332,2537.379,281.57166,987.33765,0.50139725,4.720989,3.5234342,0.053715356,0.26370555,0.90684754,0.8360219,0.19082728,8.552116,2.0365515,0.1737841,3.143488,8.2276125,2.37385,7.281361,4.3284802,1.9824485,4.3134756,3.007128,7.881959,214.74149,16.889402,17.821491,16.04029,41.54198,75.89712,1.2549969,2.2919855,2.5202806,6.548036,7.6258426,8.081108,9.574279,38.684727,67.9561,96.9194,76.08967,6060.967,7030.03,7926.7163,198.50221,183.80328,279.61807,320.25534
6.167206,2.4063983,4.115676,3.189243,8.398209,19.94236,17.727314,0.0,2.7421734,8.406516,3.4560875E-5,12.3438225,16.540234,20.943705,2.5385656,0.07705513,0.0,0.0,0.0,0.0,0.0,0.0,780.2231,8492.73,8460.108,203.35252,593.2905,1098.205,470.46262,1650.9513,0.0052089295,0.0,0.21706857,2.0573297,1.5941889,0.19040045,4.3614764,0.26904985,0.28312126,5.5867248,1.3559725,1.0971311,14.766129,16.557697,4.9903817,3.8776717,4.348118,241.64209,2910.2444,121.43798,46.170128,79.85323,787.71686,87.0968,2.6442022,2.30122,2.6118467,7.8347316,10.674957,12.545539,12.73183,37.98712,113.64974,80.44915,127.47646,3003.436,273.94678,415.12473,260.3629,125.246864,78.221504,109.91349
12.211831,4.4514294,4.7627063,30.659176,12.097353,15.957557,35.112133,36.586304,39.991467,8.5866375,0.0,25.060772,42.511993,22.705189,14.748927,10.294878,0.0,0.0,0.46869165,0.24029657,3.0454326,1.9496691,3.435517,4938.6465,1539.4729,0.38135278,0.006582977,1.7714969,1818.0227,2305.338,0.012684795,0.0,0.1181972,0.0,0.43378374,0.19186382,8.842221,2.6852286,1.5004218,9.392438,3.284548,0.85937655,5.5512347,7.1014094,7.7485285,7.197118,9.889982,1821.445,1457.1962,123.36544,82.736984,84.55966,21.49683,46.783363,12.419573,4.678592,2.5453432,3.5258126,20.311195,5.833594,12.65565,39.17562,77.806854,71.84704,135.13025,203.6148,280.8911,355.0243,190.38763,163.20169,145.84749,100.380005
